customer_id,nickname,gender,age_group,home_branch_id,home_branch,joined_date,phone,phone_shared,is_minor,joined_before_branch_open,has_purchase,orders,total_spend,first_purchase,last_purchase,top_branch,bought_before_joined
C00001,กมล,หญิง,18-24,B02,สีลม,2026-03-03,082-xxx-6693,False,False,False,True,3,344,2026-03-19,2026-04-30,สีลม,False
C00002,กิตติ,ชาย,25-34,B04,บางนา,2026-01-18,084-xxx-3734,False,False,False,True,5,504,2026-02-17,2026-05-30,บางนา,False
C00003,ปิยะ,หญิง,18-24,B04,บางนา,2025-05-04,089-xxx-9286,False,False,False,True,11,1178,2025-05-04,2025-08-25,บางนา,False
C00004,ปิยะ,หญิง,18-24,B05,มหาวิทยาลัย,2026-05-05,083-xxx-7314,False,False,False,False,0,0,,,,False
C00005,รัตนา,หญิง,25-34,B04,บางนา,2026-07-10,083-xxx-5701,False,False,False,True,3,800,2026-07-31,2026-08-09,บางนา,False
C00006,กมล,ชาย,18-24,B04,บางนา,2026-08-16,086-xxx-1895,False,False,False,False,0,0,,,,False
C00007,วรรณ,ชาย,45-54,B03,อารีย์,2026-07-17,087-xxx-3147,False,False,False,True,5,560,2026-07-20,2026-08-25,อารีย์,False
C00008,ภัทร,หญิง,25-34,B01,สยาม,2026-04-07,087-xxx-9877,False,False,False,True,2,255,2026-04-29,2026-08-01,สยาม,False
C00009,ภัทร,ชาย,18-24,B04,บางนา,2026-01-10,089-xxx-7309,False,False,False,False,0,0,,,,False
C00010,อัญชลี,หญิง,18-24,B04,บางนา,2026-06-15,089-xxx-9676,False,False,False,True,4,245,2026-07-15,2026-09-02,บางนา,False
C00011,ธีร,ไม่ระบุ,25-34,B05,มหาวิทยาลัย,2025-07-27,088-xxx-7647,True,False,False,True,3,255,2025-08-05,2026-03-14,มหาวิทยาลัย,False
C00012,วีระ,ชาย,25-34,B04,บางนา,2025-06-28,083-xxx-2997,False,False,False,True,13,2155,2025-06-29,2025-11-11,บางนา,False
C00013,อัญชลี,ชาย,ต่ำกว่า 18,B03,อารีย์,2025-12-02,088-xxx-1723,False,True,False,True,12,1420,2025-12-10,2026-08-02,อารีย์,False
C00014,เกศ,ชาย,18-24,B03,อารีย์,2026-04-16,081-xxx-5807,False,False,False,True,2,170,2026-05-11,2026-05-23,อารีย์,False
C00015,มานพ,หญิง,25-34,B03,อารีย์,2026-06-26,087-xxx-7840,False,False,False,True,2,120,2026-07-08,2026-08-25,อารีย์,False
C00016,วีระ,ชาย,18-24,B05,มหาวิทยาลัย,2026-08-11,083-xxx-4615,False,False,False,False,0,0,,,,False
C00017,จิรา,หญิง,25-34,B04,บางนา,2026-04-05,086-xxx-9108,False,False,False,True,4,1040,2026-05-16,2026-07-20,บางนา,False
C00018,วรรณ,หญิง,35-44,B03,อารีย์,2026-02-11,086-xxx-8878,False,False,False,True,4,389,2026-03-05,2026-08-14,อารีย์,False
C00019,ธนา,หญิง,35-44,B02,สีลม,2025-06-05,082-xxx-6406,False,False,False,True,2,273,2025-07-27,2025-11-05,สีลม,False
C00020,ภัทร,หญิง,25-34,B04,บางนา,2025-07-03,086-xxx-6190,False,False,False,True,7,750,2025-07-03,2025-08-25,บางนา,False
C00021,พิม,หญิง,25-34,B03,อารีย์,2026-07-18,085-xxx-9958,False,False,False,True,2,407,2026-07-19,2026-08-24,อารีย์,False
C00022,กมล,หญิง,25-34,B01,สยาม,2026-02-14,086-xxx-5211,False,False,False,True,1,105,2026-08-08,2026-08-08,สยาม,False
C00023,ภูมิ,ชาย,18-24,B02,สีลม,2026-01-11,085-xxx-2922,False,False,False,True,4,315,2026-02-01,2026-04-28,สีลม,False
C00024,กมล,หญิง,55+,B01,สยาม,2026-08-07,089-xxx-6850,False,False,False,True,3,325,2026-08-09,2026-09-20,สยาม,False
C00025,จิรา,หญิง,18-24,B01,สยาม,2025-05-29,085-xxx-7180,False,False,False,True,7,885,2025-06-28,2026-07-22,สยาม,False
C00026,ธนา,หญิง,35-44,B05,มหาวิทยาลัย,2025-05-05,089-xxx-5253,False,False,False,True,9,1424,2025-05-05,2026-04-07,มหาวิทยาลัย,False
C00027,สมชาย,หญิง,18-24,B05,มหาวิทยาลัย,2025-10-08,087-xxx-1735,False,False,False,True,6,624,2026-04-02,2026-07-13,มหาวิทยาลัย,False
C00028,มานพ,ชาย,45-54,B01,สยาม,2026-04-29,085-xxx-7097,False,False,False,True,8,1069,2026-05-01,2026-09-14,สยาม,False
C00029,สมชาย,หญิง,45-54,B01,สยาม,2026-05-01,081-xxx-9016,False,False,False,False,0,0,,,,False
C00030,กิตติ,หญิง,25-34,B01,สยาม,2026-07-12,085-xxx-9731,False,False,False,True,2,194,2026-07-12,2026-07-29,สยาม,False
C00031,อรุณ,หญิง,45-54,B01,สยาม,2026-08-08,088-xxx-5939,False,False,False,False,0,0,,,,False
C00032,นภัส,ชาย,45-54,B05,มหาวิทยาลัย,2026-06-19,082-xxx-1167,False,False,False,True,1,179,2026-07-28,2026-07-28,มหาวิทยาลัย,False
C00033,ชนา,ชาย,25-34,B01,สยาม,2025-05-20,085-xxx-5390,False,False,False,True,9,978,2025-05-24,2025-10-26,สยาม,False
C00034,สุดา,ชาย,18-24,B01,สยาม,2025-11-09,083-xxx-7772,False,False,False,True,10,1027,2026-02-03,2026-08-26,สยาม,False
C00035,สุดา,หญิง,55+,B04,บางนา,2026-05-27,081-xxx-8582,False,False,False,True,1,65,2026-08-01,2026-08-01,บางนา,False
C00036,นภัส,ชาย,35-44,B05,มหาวิทยาลัย,2026-09-04,087-xxx-6083,False,False,False,False,0,0,,,,False
C00037,เกศ,ชาย,45-54,B05,มหาวิทยาลัย,2026-01-09,085-xxx-8732,False,False,False,True,3,654,2026-01-30,2026-02-28,มหาวิทยาลัย,False
C00038,ปิยะ,หญิง,ต่ำกว่า 18,B05,มหาวิทยาลัย,2026-08-07,088-xxx-9435,False,True,False,True,1,290,2026-09-11,2026-09-11,มหาวิทยาลัย,False
C00039,รัตนา,ชาย,35-44,B04,บางนา,2026-01-07,085-xxx-8885,False,False,False,True,4,415,2026-01-28,2026-09-13,บางนา,False
C00040,พิม,หญิง,35-44,B04,บางนา,2025-06-20,086-xxx-5032,False,False,False,True,3,569,2025-09-04,2025-09-24,บางนา,False
C00041,เกศ,ชาย,35-44,B05,มหาวิทยาลัย,2026-08-29,088-xxx-9000,False,False,False,False,0,0,,,,False
C00042,กิตติ,หญิง,55+,B05,มหาวิทยาลัย,2026-03-10,086-xxx-9818,False,False,False,True,9,1318,2026-04-04,2026-07-20,มหาวิทยาลัย,False
C00043,พิม,หญิง,45-54,B01,สยาม,2026-04-15,086-xxx-2416,False,False,False,False,0,0,,,,False
C00044,อัญชลี,ชาย,45-54,B04,บางนา,2025-09-21,084-xxx-3462,False,False,False,True,18,1963,2025-10-18,2026-05-27,บางนา,False
C00045,อัญชลี,หญิง,25-34,B04,บางนา,2025-11-21,083-xxx-8419,False,False,False,True,7,1087,2025-11-28,2026-08-09,บางนา,False
C00046,ภูมิ,หญิง,18-24,B05,มหาวิทยาลัย,2025-09-12,082-xxx-8032,False,False,False,True,1,350,2025-10-21,2025-10-21,มหาวิทยาลัย,False
C00047,ภูมิ,ชาย,25-34,B01,สยาม,2026-03-07,083-xxx-6495,False,False,False,True,4,315,2026-03-15,2026-07-09,สยาม,False
C00048,จิรา,หญิง,ต่ำกว่า 18,B04,บางนา,2025-09-06,081-xxx-3859,False,True,False,True,25,3001,2025-09-13,2026-09-11,บางนา,False
C00049,ศิริ,ชาย,25-34,B05,มหาวิทยาลัย,2026-05-30,088-xxx-6959,False,False,False,True,4,420,2026-06-19,2026-08-28,มหาวิทยาลัย,False
C00050,รัตนา,หญิง,25-34,B01,สยาม,2025-08-02,089-xxx-3571,False,False,False,True,9,1455,2025-08-04,2026-06-11,สยาม,False
C00051,ทิพย์,ชาย,ต่ำกว่า 18,B01,สยาม,2025-06-23,083-xxx-3815,False,True,False,True,5,684,2025-07-11,2025-08-31,สยาม,False
C00052,ทิพย์,หญิง,55+,B03,อารีย์,2026-06-17,085-xxx-5917,False,False,False,True,3,529,2026-07-06,2026-09-04,อารีย์,False
C00053,วีระ,หญิง,25-34,B05,มหาวิทยาลัย,2025-09-16,085-xxx-7070,False,False,False,True,8,1299,2025-11-13,2026-06-30,มหาวิทยาลัย,False
C00054,ภูมิ,หญิง,45-54,B05,มหาวิทยาลัย,2025-10-13,085-xxx-5948,False,False,False,True,3,834,2026-02-20,2026-05-25,มหาวิทยาลัย,False
C00055,ธนา,หญิง,25-34,B02,สีลม,2026-05-20,088-xxx-4229,True,False,False,True,3,353,2026-06-07,2026-07-23,สีลม,False
C00056,ทิพย์,ชาย,25-34,B05,มหาวิทยาลัย,2025-12-22,082-xxx-6000,False,False,False,True,3,480,2026-03-12,2026-08-31,มหาวิทยาลัย,False
C00057,สุดา,ชาย,18-24,B05,มหาวิทยาลัย,2026-08-20,089-xxx-5789,False,False,False,False,0,0,,,,False
C00058,สุดา,หญิง,35-44,B02,สีลม,2026-03-29,083-xxx-5342,False,False,False,True,2,155,2026-06-13,2026-09-10,สีลม,False
C00059,จิรา,หญิง,18-24,B05,มหาวิทยาลัย,2025-12-30,081-xxx-7432,False,False,False,True,4,515,2026-02-06,2026-08-09,มหาวิทยาลัย,False
C00060,ธีร,ชาย,45-54,B01,สยาม,2025-08-20,087-xxx-2039,False,False,False,True,9,1195,2025-10-07,2026-08-29,สยาม,False
C00061,พิม,หญิง,45-54,B02,สีลม,2025-12-23,088-xxx-7564,False,False,False,True,1,65,2026-09-11,2026-09-11,สีลม,False
C00062,นภัส,หญิง,25-34,B04,บางนา,2025-04-17,081-xxx-8719,False,False,False,True,12,1293,2025-04-20,2026-06-19,บางนา,False
C00063,วีระ,หญิง,35-44,B01,สยาม,2026-09-10,086-xxx-4579,False,False,False,True,1,120,2026-09-20,2026-09-20,สยาม,False
C00064,อัญชลี,หญิง,18-24,B02,สีลม,2026-03-25,083-xxx-8853,False,False,False,False,0,0,,,,False
C00065,มานพ,ชาย,25-34,B05,มหาวิทยาลัย,2025-05-04,086-xxx-6165,False,False,False,True,21,2570,2025-06-10,2026-09-15,มหาวิทยาลัย,False
C00066,กมล,ไม่ระบุ,35-44,B01,สยาม,2025-10-20,086-xxx-6400,False,False,False,True,7,1190,2025-10-29,2026-09-05,สยาม,False
C00067,ธีร,หญิง,18-24,B04,บางนา,2025-07-19,081-xxx-7615,False,False,False,True,9,769,2025-07-20,2026-01-02,บางนา,False
C00068,ปิยะ,หญิง,25-34,B05,มหาวิทยาลัย,2025-04-12,088-xxx-5690,True,False,False,True,6,529,2025-05-04,2025-08-22,มหาวิทยาลัย,False
C00069,ภัทร,ชาย,55+,B05,มหาวิทยาลัย,2026-07-12,086-xxx-2816,False,False,False,True,4,430,2026-07-26,2026-09-05,มหาวิทยาลัย,False
C00070,มานพ,หญิง,25-34,B05,มหาวิทยาลัย,2025-08-05,083-xxx-6314,False,False,False,True,5,280,2025-08-06,2025-11-16,มหาวิทยาลัย,False
C00071,นภัส,ชาย,18-24,B04,บางนา,2026-08-20,081-xxx-3207,False,False,False,True,2,324,2026-08-24,2026-09-20,บางนา,False
C00072,ปิยะ,หญิง,25-34,B05,มหาวิทยาลัย,2025-07-31,085-xxx-4658,False,False,False,True,5,640,2025-10-16,2026-05-17,มหาวิทยาลัย,False
C00073,ชนา,ชาย,18-24,B01,สยาม,2025-11-14,082-xxx-5547,False,False,False,True,1,95,2025-11-26,2025-11-26,สยาม,False
C00074,ธีร,ชาย,ต่ำกว่า 18,B03,อารีย์,2026-07-18,086-xxx-9947,False,True,False,True,2,149,2026-07-31,2026-08-19,อารีย์,False
C00075,วีระ,ชาย,55+,B05,มหาวิทยาลัย,2026-01-20,086-xxx-4902,False,False,False,True,8,725,2026-03-05,2026-08-27,มหาวิทยาลัย,False
C00076,มานพ,ชาย,25-34,B05,มหาวิทยาลัย,2025-05-24,083-xxx-7583,True,False,False,False,0,0,,,,False
C00077,ปิยะ,หญิง,25-34,B03,อารีย์,2026-03-10,085-xxx-6242,False,False,False,True,1,85,2026-05-08,2026-05-08,อารีย์,False
C00078,ปิยะ,ชาย,ต่ำกว่า 18,B04,บางนา,2026-01-02,087-xxx-7882,False,True,False,True,8,1150,2026-02-21,2026-08-01,บางนา,False
C00079,ธนา,หญิง,25-34,B03,อารีย์,2025-11-26,087-xxx-4552,False,False,False,True,9,1098,2025-11-28,2026-05-19,อารีย์,False
C00080,วีระ,หญิง,18-24,B02,สีลม,2026-06-16,081-xxx-3674,False,False,False,True,3,670,2026-07-01,2026-07-15,สีลม,False
C00081,วรรณ,หญิง,18-24,B02,สีลม,2025-05-19,087-xxx-8426,False,False,False,True,9,985,2025-07-11,2026-07-23,สีลม,False
C00082,ศิริ,ชาย,25-34,B01,สยาม,2026-05-16,088-xxx-5789,False,False,False,True,2,313,2026-06-02,2026-06-20,สยาม,False
C00083,ณัฐ,หญิง,45-54,B02,สีลม,2025-11-09,081-xxx-2032,False,False,False,False,0,0,,,,False
C00084,ทิพย์,หญิง,18-24,B01,สยาม,2025-10-20,082-xxx-3704,False,False,False,True,6,945,2025-11-02,2026-04-15,สยาม,False
C00085,ปิยะ,หญิง,25-34,B01,สยาม,2025-07-13,086-xxx-1237,False,False,False,False,0,0,,,,False
C00086,สมชาย,ชาย,25-34,B01,สยาม,2026-08-07,089-xxx-8145,False,False,False,False,0,0,,,,False
C00087,กมล,หญิง,25-34,B02,สีลม,2026-07-01,085-xxx-9483,False,False,False,True,1,150,2026-08-19,2026-08-19,สีลม,False
C00088,ทิพย์,ชาย,45-54,B03,อารีย์,2026-07-08,085-xxx-2974,False,False,False,True,2,279,2026-07-16,2026-09-12,อารีย์,False
C00089,ภัทร,ชาย,18-24,B03,อารีย์,2026-05-23,081-xxx-3858,False,False,False,True,2,160,2026-06-02,2026-08-06,อารีย์,False
C00090,ธีร,ชาย,25-34,B01,สยาม,2025-05-15,084-xxx-1308,False,False,False,True,18,2088,2025-05-17,2026-07-29,สยาม,False
C00091,มานพ,ชาย,45-54,B05,มหาวิทยาลัย,2026-06-17,081-xxx-4431,False,False,False,True,8,963,2026-06-18,2026-08-28,มหาวิทยาลัย,False
C00092,ศิริ,หญิง,25-34,B04,บางนา,2026-08-02,085-xxx-9616,False,False,False,False,0,0,,,,False
C00093,มานพ,ชาย,25-34,B04,บางนา,2025-09-14,087-xxx-3713,False,False,False,True,9,1154,2025-10-01,2026-05-04,บางนา,False
C00094,วรรณ,ชาย,18-24,B01,สยาม,2026-07-25,084-xxx-6598,False,False,False,True,3,380,2026-07-31,2026-09-20,สยาม,False
C00095,กมล,ชาย,25-34,B04,บางนา,2026-07-25,087-xxx-3532,False,False,False,True,1,144,2026-08-24,2026-08-24,สีลม,False
C00096,รัตนา,ชาย,25-34,B04,บางนา,2026-06-10,088-xxx-7401,False,False,False,True,5,629,2026-06-28,2026-08-25,บางนา,False
C00097,ทิพย์,หญิง,25-34,B02,สีลม,2025-04-08,082-xxx-8465,False,False,False,True,14,1861,2025-04-20,2026-02-06,สีลม,False
C00098,จิรา,ชาย,25-34,B04,บางนา,2026-04-29,085-xxx-7518,False,False,False,True,2,310,2026-05-21,2026-08-10,บางนา,False
C00099,สมชาย,หญิง,18-24,B01,สยาม,2026-07-08,085-xxx-4491,False,False,False,True,1,160,2026-09-09,2026-09-09,สยาม,False
C00100,มานพ,ชาย,25-34,B03,อารีย์,2025-12-17,082-xxx-7695,False,False,False,True,14,1948,2025-12-20,2026-09-16,อารีย์,False
C00101,ทิพย์,ชาย,25-34,B02,สีลม,2025-08-01,086-xxx-5318,False,False,False,True,7,719,2025-10-17,2026-09-10,สีลม,False
C00102,อัญชลี,หญิง,55+,B03,อารีย์,2026-04-09,088-xxx-8678,False,False,False,True,1,75,2026-04-14,2026-04-14,อารีย์,False
C00103,ชนา,ชาย,45-54,B03,อารีย์,2026-08-11,087-xxx-4136,False,False,False,True,4,275,2026-08-31,2026-09-19,อารีย์,False
C00104,อัญชลี,หญิง,25-34,B02,สีลม,2025-06-15,086-xxx-8428,False,False,False,True,17,2009,2025-06-15,2026-09-08,สีลม,False
C00105,นภัส,ชาย,45-54,B01,สยาม,2025-11-13,089-xxx-6997,False,False,False,True,13,1918,2025-11-15,2026-09-19,สยาม,False
C00106,สมชาย,หญิง,25-34,B02,สีลม,2025-08-12,087-xxx-1821,False,False,False,True,11,1838,2025-08-21,2026-08-24,สีลม,False
C00107,ภูมิ,ชาย,18-24,B04,บางนา,2026-08-22,082-xxx-3026,False,False,False,False,0,0,,,,False
C00108,อัญชลี,ชาย,25-34,B04,บางนา,2026-03-03,081-xxx-6724,False,False,False,False,0,0,,,,False
C00109,รัตนา,ชาย,25-34,B03,อารีย์,2026-02-15,081-xxx-4590,False,False,False,True,5,608,2026-02-26,2026-09-01,อารีย์,False
C00110,ปิยะ,หญิง,18-24,B02,สีลม,2026-05-18,085-xxx-7958,False,False,False,True,2,275,2026-05-20,2026-06-13,สีลม,False
C00111,ทิพย์,ชาย,35-44,B05,มหาวิทยาลัย,2026-03-18,083-xxx-2962,False,False,False,False,0,0,,,,False
C00112,มานพ,หญิง,25-34,B01,สยาม,2025-09-24,088-xxx-7917,False,False,False,True,14,2143,2025-10-13,2026-09-19,สยาม,False
C00113,นภัส,ชาย,55+,B04,บางนา,2026-06-16,084-xxx-3165,False,False,False,True,2,235,2026-06-16,2026-07-11,บางนา,False
C00114,ธีร,หญิง,35-44,B02,สีลม,2025-06-21,085-xxx-4509,False,False,False,True,24,3314,2025-07-11,2026-09-14,สีลม,False
C00115,อรุณ,หญิง,55+,B01,สยาม,2025-10-20,083-xxx-6525,False,False,False,True,11,1415,2025-10-31,2026-09-12,สยาม,False
C00116,ภูมิ,หญิง,25-34,B02,สีลม,2026-09-02,082-xxx-7093,False,False,False,False,0,0,,,,False
C00117,ชนา,หญิง,25-34,B04,บางนา,2026-07-11,084-xxx-9527,False,False,False,False,0,0,,,,False
C00118,ธนา,หญิง,55+,B05,มหาวิทยาลัย,2025-07-17,082-xxx-8152,False,False,False,True,8,1010,2025-07-20,2026-05-29,มหาวิทยาลัย,False
C00119,ณัฐ,หญิง,45-54,B05,มหาวิทยาลัย,2026-03-04,085-xxx-4184,False,False,False,False,0,0,,,,False
C00120,ศิริ,หญิง,18-24,B05,มหาวิทยาลัย,2025-04-28,082-xxx-8300,False,False,False,True,6,1005,2025-05-14,2025-08-01,มหาวิทยาลัย,False
C00121,รัตนา,ชาย,25-34,B05,มหาวิทยาลัย,2025-11-16,082-xxx-2366,False,False,False,True,4,425,2025-12-31,2026-07-03,มหาวิทยาลัย,False
C00122,ภัทร,ชาย,35-44,B03,อารีย์,2026-01-08,086-xxx-9202,False,False,False,True,11,1464,2026-01-12,2026-07-15,อารีย์,False
C00123,จิรา,หญิง,25-34,B01,สยาม,2025-11-22,081-xxx-4098,False,False,False,True,25,3470,2025-12-06,2026-09-19,สยาม,False
C00124,ปิยะ,หญิง,ต่ำกว่า 18,B01,สยาม,2025-07-02,087-xxx-5575,False,True,False,True,1,194,2025-08-09,2025-08-09,สยาม,False
C00125,มานพ,หญิง,55+,B05,มหาวิทยาลัย,2025-09-23,081-xxx-9387,True,False,False,True,9,1222,2025-09-24,2026-04-01,มหาวิทยาลัย,False
C00126,สุดา,หญิง,25-34,B02,สีลม,2026-03-09,086-xxx-6608,False,False,False,True,5,520,2026-04-08,2026-09-14,สีลม,False
C00127,อรุณ,ชาย,18-24,B05,มหาวิทยาลัย,2025-07-28,082-xxx-8028,False,False,False,True,11,987,2025-07-29,2026-07-12,มหาวิทยาลัย,False
C00128,ชนา,ชาย,35-44,B02,สีลม,2026-06-30,088-xxx-6915,False,False,False,False,0,0,,,,False
C00129,ทิพย์,หญิง,35-44,B01,สยาม,2025-07-10,085-xxx-2463,False,False,False,True,10,1502,2025-07-11,2025-10-02,สยาม,False
C00130,มานพ,หญิง,25-34,B02,สีลม,2026-01-31,084-xxx-4504,False,False,False,True,2,235,2026-03-30,2026-08-06,สีลม,False
C00131,จิรา,ชาย,35-44,B01,สยาม,2025-09-15,085-xxx-4322,False,False,False,True,11,1284,2025-10-12,2026-07-08,สยาม,False
C00132,ปิยะ,ชาย,18-24,B01,สยาม,2026-07-03,082-xxx-1658,False,False,False,True,1,85,2026-08-15,2026-08-15,สยาม,False
C00133,มานพ,ชาย,35-44,B02,สีลม,2025-06-08,081-xxx-8023,True,False,False,True,6,475,2025-06-13,2026-05-31,สีลม,False
C00134,ธีร,ชาย,25-34,B05,มหาวิทยาลัย,2026-02-21,084-xxx-4620,False,False,False,True,5,955,2026-05-19,2026-08-15,มหาวิทยาลัย,False
C00135,อัญชลี,หญิง,18-24,B05,มหาวิทยาลัย,2025-04-28,088-xxx-9263,False,False,False,True,7,994,2025-04-29,2025-09-25,มหาวิทยาลัย,False
C00136,สมชาย,ชาย,ต่ำกว่า 18,B04,บางนา,2025-05-28,084-xxx-7699,False,True,False,True,19,2190,2025-06-14,2026-08-28,บางนา,False
C00137,ณัฐ,ชาย,25-34,B04,บางนา,2026-01-24,081-xxx-4504,False,False,False,True,5,780,2026-01-26,2026-04-05,บางนา,False
C00138,ภูมิ,ชาย,18-24,B04,บางนา,2025-10-15,086-xxx-1270,False,False,False,True,13,2179,2025-10-25,2026-08-08,บางนา,False
C00139,กิตติ,หญิง,25-34,B04,บางนา,2025-04-06,087-xxx-9310,False,False,False,True,16,2288,2025-04-07,2026-07-25,บางนา,False
C00140,จิรา,ชาย,25-34,B02,สีลม,2026-09-01,089-xxx-1549,False,False,False,False,0,0,,,,False
C00141,กมล,ชาย,35-44,B05,มหาวิทยาลัย,2025-09-10,089-xxx-4649,False,False,False,True,4,414,2025-10-17,2026-04-02,มหาวิทยาลัย,False
C00142,จิรา,หญิง,25-34,B05,มหาวิทยาลัย,2025-12-14,081-xxx-3003,False,False,False,True,13,1480,2026-01-15,2026-07-07,มหาวิทยาลัย,False
C00143,ทิพย์,หญิง,25-34,B05,มหาวิทยาลัย,2025-08-29,082-xxx-9854,False,False,False,True,13,1494,2025-09-21,2026-08-04,มหาวิทยาลัย,False
C00144,ทิพย์,หญิง,25-34,B02,สีลม,2025-06-13,088-xxx-8918,False,False,False,True,1,85,2025-06-14,2025-06-14,สีลม,False
C00145,ปิยะ,ไม่ระบุ,35-44,B02,สีลม,2026-02-20,082-xxx-3424,False,False,False,True,3,230,2026-02-23,2026-07-21,สีลม,False
C00146,ชนา,หญิง,25-34,B05,มหาวิทยาลัย,2025-05-16,089-xxx-2717,False,False,False,True,8,1107,2025-06-02,2026-01-29,มหาวิทยาลัย,False
C00147,จิรา,หญิง,25-34,B05,มหาวิทยาลัย,2026-03-05,085-xxx-1543,False,False,False,True,7,1143,2026-03-09,2026-06-10,มหาวิทยาลัย,False
C00148,ปวีณ,หญิง,25-34,B05,มหาวิทยาลัย,2026-02-26,089-xxx-1172,False,False,False,True,3,340,2026-02-28,2026-09-10,มหาวิทยาลัย,False
C00149,ธีร,หญิง,18-24,B03,อารีย์,2026-07-23,085-xxx-2218,False,False,False,True,1,65,2026-08-08,2026-08-08,อารีย์,False
C00150,เกศ,หญิง,45-54,B01,สยาม,2026-07-05,084-xxx-5022,False,False,False,True,2,310,2026-08-09,2026-08-13,บางนา,False
C00151,มานพ,ชาย,45-54,B03,อารีย์,2026-08-30,081-xxx-4866,False,False,False,False,0,0,,,,False
C00152,พิม,หญิง,18-24,B01,สยาม,2026-03-25,081-xxx-7137,False,False,False,True,8,955,2026-04-08,2026-09-12,สยาม,False
C00153,รัตนา,ชาย,35-44,B05,มหาวิทยาลัย,2025-08-10,088-xxx-1767,False,False,False,True,2,125,2025-09-17,2025-09-29,มหาวิทยาลัย,False
C00154,ชนา,หญิง,18-24,B05,มหาวิทยาลัย,2026-07-26,088-xxx-2094,False,False,False,True,1,60,2026-08-19,2026-08-19,มหาวิทยาลัย,False
C00155,มานพ,ชาย,25-34,B03,อารีย์,2026-05-03,086-xxx-5998,False,False,False,True,2,400,2026-05-13,2026-05-19,อารีย์,False
C00156,สุดา,หญิง,55+,B04,บางนา,2025-11-02,088-xxx-1700,False,False,False,True,6,653,2025-11-04,2026-08-29,บางนา,False
C00157,กมล,ชาย,35-44,B01,สยาม,2026-04-27,087-xxx-3901,False,False,False,True,3,255,2026-05-14,2026-07-31,สยาม,False
C00158,อรุณ,หญิง,25-34,B01,สยาม,2025-07-08,086-xxx-9378,False,False,False,True,9,1413,2025-07-24,2026-08-10,สยาม,False
C00159,เกศ,หญิง,25-34,B05,มหาวิทยาลัย,2025-04-21,089-xxx-2766,False,False,False,True,9,1049,2025-07-17,2026-04-23,มหาวิทยาลัย,False
C00160,ธีร,ชาย,55+,B05,มหาวิทยาลัย,2025-11-13,085-xxx-4632,False,False,False,True,3,435,2026-02-28,2026-06-17,มหาวิทยาลัย,False
C00161,ศิริ,หญิง,25-34,B05,มหาวิทยาลัย,2026-02-11,081-xxx-5467,False,False,False,True,3,550,2026-03-02,2026-07-23,มหาวิทยาลัย,False
C00162,จิรา,หญิง,25-34,B01,สยาม,2026-02-06,085-xxx-6632,False,False,False,True,3,517,2026-02-08,2026-03-21,สยาม,False
C00163,ธนา,หญิง,25-34,B01,สยาม,2026-02-05,086-xxx-8106,False,False,False,True,5,800,2026-03-20,2026-06-21,สยาม,False
C00164,พิม,ชาย,35-44,B04,บางนา,2025-11-09,086-xxx-3887,False,False,False,True,7,916,2026-01-08,2026-06-19,บางนา,False
C00165,ธนา,หญิง,18-24,B04,บางนา,2025-07-27,084-xxx-6009,False,False,False,True,11,1095,2025-10-29,2026-08-28,บางนา,False
C00166,จิรา,หญิง,18-24,B02,สีลม,2026-08-13,085-xxx-1842,False,False,False,True,1,65,2026-08-14,2026-08-14,สีลม,False
C00167,วีระ,ไม่ระบุ,25-34,B02,สีลม,2026-06-30,086-xxx-3868,False,False,False,True,1,105,2026-09-04,2026-09-04,สีลม,False
C00168,อัญชลี,หญิง,18-24,B03,อารีย์,2026-03-07,089-xxx-4311,False,False,False,True,2,190,2026-04-08,2026-04-28,อารีย์,False
C00169,พิม,หญิง,25-34,B01,สยาม,2026-07-29,089-xxx-4262,False,False,False,True,1,75,2026-08-21,2026-08-21,สยาม,False
C00170,ภัทร,หญิง,35-44,B02,สีลม,2025-08-15,082-xxx-6807,False,False,False,True,11,1730,2025-09-11,2026-09-03,สีลม,False
C00171,อรุณ,หญิง,18-24,B03,อารีย์,2026-07-07,082-xxx-8136,False,False,False,True,1,75,2026-08-30,2026-08-30,อารีย์,False
C00172,วรรณ,หญิง,18-24,B01,สยาม,2025-07-26,085-xxx-6691,False,False,False,True,3,265,2025-09-18,2026-09-03,สยาม,False
C00173,กมล,ชาย,35-44,B01,สยาม,2026-08-04,084-xxx-7338,False,False,False,False,0,0,,,,False
C00174,ภัทร,ชาย,25-34,B03,อารีย์,2026-07-26,088-xxx-1475,False,False,False,True,2,160,2026-08-07,2026-08-16,อารีย์,False
C00175,ณัฐ,ชาย,25-34,B01,สยาม,2025-10-18,085-xxx-6708,False,False,False,True,21,2861,2025-10-23,2026-09-08,สยาม,False
C00176,อัญชลี,หญิง,45-54,B02,สีลม,2026-02-02,089-xxx-2020,False,False,False,True,2,195,2026-04-21,2026-05-08,สีลม,False
C00177,ชนา,ชาย,25-34,B01,สยาม,2026-02-28,086-xxx-8065,False,False,False,False,0,0,,,,False
C00178,สมชาย,หญิง,18-24,B04,บางนา,2026-02-09,084-xxx-3042,True,False,False,True,6,635,2026-04-03,2026-07-18,บางนา,False
C00179,รัตนา,ชาย,18-24,B02,สีลม,2025-12-06,086-xxx-2646,False,False,False,True,5,645,2026-01-05,2026-04-17,สีลม,False
C00180,สุดา,หญิง,25-34,B01,สยาม,2025-09-30,089-xxx-6071,False,False,False,True,10,1201,2025-10-12,2026-08-23,สยาม,False
C00181,ศิริ,ชาย,25-34,B05,มหาวิทยาลัย,2026-02-06,084-xxx-5034,False,False,False,True,7,1210,2026-02-21,2026-09-01,มหาวิทยาลัย,False
C00182,ธนา,ชาย,18-24,B01,สยาม,2026-02-04,084-xxx-2976,False,False,False,True,3,316,2026-03-04,2026-06-06,สยาม,False
C00183,กิตติ,ชาย,18-24,B05,มหาวิทยาลัย,2025-04-27,087-xxx-1279,False,False,False,True,3,1004,2025-05-22,2025-06-20,มหาวิทยาลัย,False
C00184,สมชาย,ไม่ระบุ,18-24,B02,สีลม,2025-08-31,083-xxx-1286,False,False,False,True,3,385,2025-09-06,2025-12-10,สีลม,False
C00185,วีระ,หญิง,45-54,B04,บางนา,2026-02-12,085-xxx-5007,False,False,False,True,5,724,2026-02-15,2026-05-06,บางนา,False
C00186,วีระ,ชาย,35-44,B05,มหาวิทยาลัย,2025-04-06,085-xxx-3919,False,False,False,True,13,2422,2025-04-09,2026-08-14,มหาวิทยาลัย,False
C00187,มานพ,ชาย,45-54,B02,สีลม,2025-10-12,089-xxx-1413,False,False,False,True,11,1749,2025-11-01,2026-08-01,สีลม,False
C00188,ทิพย์,หญิง,35-44,B03,อารีย์,2026-07-16,088-xxx-8998,False,False,False,True,2,425,2026-08-24,2026-09-09,มหาวิทยาลัย,False
C00189,เกศ,ชาย,35-44,B01,สยาม,2026-05-13,082-xxx-1968,False,False,False,False,0,0,,,,False
C00190,ศิริ,หญิง,55+,B05,มหาวิทยาลัย,2026-03-19,085-xxx-3522,False,False,False,False,0,0,,,,False
C00191,อัญชลี,หญิง,35-44,B01,สยาม,2026-03-29,082-xxx-8333,False,False,False,True,1,95,2026-07-15,2026-07-15,สยาม,False
C00192,วรรณ,หญิง,18-24,B05,มหาวิทยาลัย,2025-11-18,081-xxx-7248,False,False,False,True,9,1219,2025-12-02,2026-08-31,มหาวิทยาลัย,False
C00193,มานพ,หญิง,18-24,B03,อารีย์,2026-02-14,082-xxx-6597,False,False,False,True,4,518,2026-02-22,2026-03-17,อารีย์,False
C00194,วีระ,ชาย,35-44,B05,มหาวิทยาลัย,2025-10-01,089-xxx-7803,False,False,False,True,4,500,2025-11-06,2026-07-01,มหาวิทยาลัย,False
C00195,ศิริ,ชาย,55+,B04,บางนา,2026-03-07,085-xxx-6131,False,False,False,True,3,353,2026-03-22,2026-05-22,บางนา,False
C00196,ภัทร,หญิง,25-34,B04,บางนา,2025-12-07,087-xxx-4750,False,False,False,True,5,680,2025-12-12,2026-08-02,บางนา,False
C00197,ทิพย์,ชาย,25-34,B04,บางนา,2026-05-05,088-xxx-9840,True,False,False,True,3,335,2026-06-16,2026-09-08,บางนา,False
C00198,ปิยะ,หญิง,18-24,B01,สยาม,2026-08-16,085-xxx-1695,False,False,False,False,0,0,,,,False
C00199,ภูมิ,หญิง,25-34,B03,อารีย์,2026-07-08,083-xxx-2200,False,False,False,True,1,75,2026-07-24,2026-07-24,อารีย์,False
C00200,พิม,หญิง,18-24,B01,สยาม,2025-07-15,086-xxx-9373,False,False,False,True,12,1973,2025-08-01,2026-03-21,สยาม,False
C00201,ธีร,ชาย,18-24,B01,สยาม,2026-04-09,082-xxx-4504,False,False,False,True,2,185,2026-07-18,2026-08-23,สยาม,False
C00202,สมชาย,ชาย,35-44,B02,สีลม,2026-04-29,088-xxx-6687,False,False,False,True,2,300,2026-07-07,2026-07-11,มหาวิทยาลัย,False
C00203,ปวีณ,หญิง,25-34,B02,สีลม,2026-01-26,088-xxx-3646,False,False,False,True,5,815,2026-02-03,2026-08-07,สีลม,False
C00204,ศิริ,ชาย,35-44,B05,มหาวิทยาลัย,2026-04-07,083-xxx-4750,False,False,False,True,5,624,2026-04-25,2026-06-24,มหาวิทยาลัย,False
C00205,วีระ,ชาย,25-34,B01,สยาม,2026-01-06,089-xxx-5548,True,False,False,True,12,1763,2026-01-12,2026-08-26,สยาม,False
C00206,ภูมิ,ชาย,45-54,B01,สยาม,2026-04-24,085-xxx-9673,False,False,False,True,2,215,2026-05-01,2026-06-11,สยาม,False
C00207,ปิยะ,หญิง,18-24,B05,มหาวิทยาลัย,2026-08-27,081-xxx-7384,False,False,False,False,0,0,,,,False
C00208,ธีร,หญิง,18-24,B03,อารีย์,2026-03-01,081-xxx-7810,False,False,False,True,10,1153,2026-03-11,2026-08-02,อารีย์,False
C00209,นภัส,ชาย,18-24,B01,สยาม,2025-07-23,085-xxx-9196,False,False,False,True,9,1594,2025-08-06,2026-05-02,สยาม,False
C00210,ศิริ,ชาย,18-24,B01,สยาม,2025-05-16,085-xxx-2389,False,False,False,True,25,3475,2025-05-17,2026-08-15,สยาม,False
C00211,ปิยะ,หญิง,35-44,B05,มหาวิทยาลัย,2025-12-22,088-xxx-1662,False,False,False,True,17,2497,2026-01-26,2026-09-11,มหาวิทยาลัย,False
C00212,อรุณ,หญิง,55+,B01,สยาม,2026-04-20,081-xxx-6511,False,False,False,True,2,210,2026-08-30,2026-09-11,สยาม,False
C00213,นภัส,หญิง,25-34,B02,สีลม,2026-01-13,082-xxx-9839,False,False,False,True,4,599,2026-01-18,2026-05-03,สีลม,False
C00214,ธนา,หญิง,18-24,B05,มหาวิทยาลัย,2026-03-26,087-xxx-1072,False,False,False,True,1,180,2026-05-08,2026-05-08,มหาวิทยาลัย,False
C00215,กมล,หญิง,ต่ำกว่า 18,B05,มหาวิทยาลัย,2026-07-29,085-xxx-9049,False,True,False,False,0,0,,,,False
C00216,นภัส,หญิง,35-44,B05,มหาวิทยาลัย,2026-08-14,087-xxx-3328,False,False,False,False,0,0,,,,False
C00217,พิม,หญิง,18-24,B01,สยาม,2025-11-11,085-xxx-3776,False,False,False,True,9,1250,2025-11-18,2026-03-29,สยาม,False
C00218,ณัฐ,ชาย,35-44,B01,สยาม,2026-06-26,088-xxx-5690,True,False,False,True,1,115,2026-07-16,2026-07-16,สยาม,False
C00219,สุดา,ชาย,18-24,B05,มหาวิทยาลัย,2026-05-05,085-xxx-4076,False,False,False,True,2,205,2026-05-25,2026-08-07,สีลม,False
C00220,รัตนา,หญิง,35-44,B05,มหาวิทยาลัย,2026-04-03,088-xxx-4716,False,False,False,False,0,0,,,,False
C00221,สุดา,หญิง,25-34,B02,สีลม,2026-07-22,088-xxx-2943,False,False,False,True,1,160,2026-09-08,2026-09-08,บางนา,False
C00222,ธนา,หญิง,25-34,B01,สยาม,2025-10-31,088-xxx-6407,False,False,False,True,9,960,2025-12-14,2026-09-20,สยาม,False
C00223,ธนา,ชาย,18-24,B01,สยาม,2025-11-28,088-xxx-4694,False,False,False,True,13,1912,2025-11-29,2026-08-26,สยาม,False
C00224,ปิยะ,หญิง,25-34,B04,บางนา,2026-03-17,084-xxx-8716,False,False,False,True,2,229,2026-03-17,2026-03-18,มหาวิทยาลัย,False
C00225,มานพ,หญิง,35-44,B02,สีลม,2026-07-14,082-xxx-8677,False,False,False,True,1,60,2026-08-26,2026-08-26,สีลม,False
C00226,กิตติ,หญิง,ต่ำกว่า 18,B05,มหาวิทยาลัย,2025-12-11,089-xxx-3890,False,True,False,True,5,600,2026-02-02,2026-06-21,มหาวิทยาลัย,False
C00227,สมชาย,ชาย,18-24,B02,สีลม,2026-06-09,087-xxx-6615,False,False,False,True,1,195,2026-08-20,2026-08-20,สีลม,False
C00228,ภูมิ,ไม่ระบุ,35-44,B03,อารีย์,2026-04-03,082-xxx-7829,False,False,False,True,5,515,2026-04-08,2026-07-19,อารีย์,False
C00229,จิรา,หญิง,18-24,B03,อารีย์,2025-12-25,084-xxx-4524,True,False,False,True,8,720,2025-12-26,2026-09-16,อารีย์,False
C00230,กิตติ,ชาย,35-44,B02,สีลม,2025-11-18,084-xxx-8978,False,False,False,True,3,269,2026-03-13,2026-08-14,สีลม,False
C00231,กมล,หญิง,25-34,B02,สีลม,2026-07-27,081-xxx-7193,False,False,False,True,3,279,2026-08-14,2026-08-26,สีลม,False
C00232,มานพ,หญิง,35-44,B03,อารีย์,2026-05-20,083-xxx-8904,False,False,False,True,3,604,2026-06-21,2026-07-12,อารีย์,False
C00233,จิรา,ชาย,45-54,B05,มหาวิทยาลัย,2025-06-24,085-xxx-1038,False,False,False,True,4,1130,2025-07-01,2025-09-16,มหาวิทยาลัย,False
C00234,วีระ,ชาย,18-24,B05,มหาวิทยาลัย,2025-10-25,082-xxx-1456,False,False,False,True,2,300,2025-12-19,2026-07-30,มหาวิทยาลัย,False
C00235,ภัทร,หญิง,45-54,B02,สีลม,2026-01-12,084-xxx-6201,True,False,False,True,2,130,2026-01-14,2026-01-27,สีลม,False
C00236,ปวีณ,หญิง,45-54,B04,บางนา,2025-05-15,083-xxx-3433,False,False,False,True,17,2286,2025-05-29,2026-09-04,บางนา,False
C00237,ศิริ,หญิง,25-34,B05,มหาวิทยาลัย,2026-06-06,082-xxx-9488,False,False,False,True,2,160,2026-07-23,2026-09-05,มหาวิทยาลัย,False
C00238,วีระ,ชาย,18-24,B01,สยาม,2025-12-04,087-xxx-3708,False,False,False,True,5,594,2026-01-05,2026-03-22,สยาม,False
C00239,ปิยะ,หญิง,35-44,B03,อารีย์,2026-08-30,089-xxx-1573,False,False,False,False,0,0,,,,False
C00240,อรุณ,หญิง,25-34,B05,มหาวิทยาลัย,2025-08-26,083-xxx-1192,False,False,False,True,10,1470,2025-09-19,2026-07-27,มหาวิทยาลัย,False
C00241,ธีร,ชาย,25-34,B04,บางนา,2025-04-05,082-xxx-7372,False,False,False,True,4,484,2025-04-08,2025-06-06,บางนา,False
C00242,ภัทร,ชาย,18-24,B04,บางนา,2025-11-12,082-xxx-5716,False,False,False,True,5,610,2025-12-14,2026-03-22,บางนา,False
C00243,กิตติ,ไม่ระบุ,25-34,B03,อารีย์,2026-09-12,081-xxx-2530,False,False,False,False,0,0,,,,False
C00244,จิรา,หญิง,18-24,B02,สีลม,2025-10-24,086-xxx-2013,False,False,False,True,10,773,2025-11-11,2026-05-29,สีลม,False
C00245,ภัทร,หญิง,25-34,B01,สยาม,2025-08-12,089-xxx-4517,False,False,False,True,9,1052,2025-08-17,2026-07-02,สยาม,False
C00246,วรรณ,หญิง,18-24,B04,บางนา,2026-05-14,086-xxx-9028,False,False,False,True,3,385,2026-05-15,2026-08-02,บางนา,False
C00247,สมชาย,หญิง,35-44,B03,อารีย์,2026-07-28,083-xxx-6572,False,False,False,False,0,0,,,,False
C00248,ทิพย์,หญิง,25-34,B04,บางนา,2026-09-05,087-xxx-5949,False,False,False,False,0,0,,,,False
C00249,พิม,หญิง,18-24,B01,สยาม,2025-09-21,088-xxx-3550,False,False,False,True,10,1118,2025-10-30,2026-05-25,สยาม,False
C00250,อัญชลี,หญิง,25-34,B05,มหาวิทยาลัย,2025-07-15,086-xxx-9117,False,False,False,True,14,1611,2025-07-17,2026-08-11,มหาวิทยาลัย,False
C00251,นภัส,ไม่ระบุ,18-24,B01,สยาม,2025-08-16,083-xxx-8251,False,False,False,True,2,130,2025-09-12,2025-09-22,สยาม,False
C00252,ณัฐ,หญิง,18-24,B01,สยาม,2025-08-20,087-xxx-3110,False,False,False,True,8,1039,2025-09-07,2026-06-28,สยาม,False
C00253,อรุณ,หญิง,25-34,B03,อารีย์,2026-01-28,085-xxx-7976,False,False,False,True,7,700,2026-03-02,2026-08-15,อารีย์,False
C00254,รัตนา,ชาย,18-24,B04,บางนา,2025-05-09,089-xxx-3224,False,False,False,True,27,3399,2025-05-16,2026-09-08,บางนา,False
C00255,ปวีณ,ชาย,25-34,B03,อารีย์,2026-01-04,082-xxx-7102,False,False,False,True,8,1344,2026-01-16,2026-07-04,อารีย์,False
C00256,ณัฐ,ชาย,25-34,B01,สยาม,2026-06-08,084-xxx-2187,False,False,False,True,1,20,2026-09-09,2026-09-09,สยาม,False
C00257,รัตนา,หญิง,25-34,B02,สีลม,2025-07-08,081-xxx-6095,False,False,False,True,14,1872,2025-07-14,2026-08-20,สีลม,False
C00258,อัญชลี,ชาย,25-34,B05,มหาวิทยาลัย,2025-11-04,081-xxx-7712,False,False,False,True,6,420,2025-11-14,2026-09-20,มหาวิทยาลัย,False
C00259,ณัฐ,ไม่ระบุ,45-54,B01,สยาม,2026-06-24,087-xxx-1179,False,False,False,False,0,0,,,,False
C00260,จิรา,หญิง,55+,B01,สยาม,2025-05-07,084-xxx-7480,False,False,False,True,2,310,2025-06-15,2025-06-17,สยาม,False
C00261,รัตนา,ไม่ระบุ,18-24,B02,สีลม,2025-12-15,084-xxx-4808,True,False,False,True,2,290,2026-01-02,2026-01-12,สีลม,False
C00262,อรุณ,หญิง,25-34,B01,สยาม,2026-07-15,082-xxx-8784,False,False,False,True,2,320,2026-08-22,2026-09-19,สยาม,False
C00263,มานพ,หญิง,ต่ำกว่า 18,B04,บางนา,2026-01-03,081-xxx-7360,False,True,False,True,8,1584,2026-01-13,2026-05-02,บางนา,False
C00264,ทิพย์,ชาย,25-34,B03,อารีย์,2026-04-06,086-xxx-4751,False,False,False,True,3,475,2026-04-21,2026-05-14,อารีย์,False
C00265,สมชาย,ชาย,25-34,B03,อารีย์,2026-01-08,088-xxx-7473,False,False,False,True,13,1245,2026-01-11,2026-09-17,อารีย์,False
C00266,ธนา,หญิง,ต่ำกว่า 18,B03,อารีย์,2026-08-21,083-xxx-9867,False,True,False,True,1,315,2026-09-08,2026-09-08,อารีย์,False
C00267,ศิริ,หญิง,45-54,B03,อารีย์,2026-04-26,085-xxx-8231,False,False,False,True,10,1144,2026-04-29,2026-09-08,อารีย์,False
C00268,รัตนา,หญิง,25-34,B04,บางนา,2025-07-15,081-xxx-6696,False,False,False,True,25,4042,2025-08-10,2026-09-13,บางนา,False
C00269,ปิยะ,ชาย,25-34,B01,สยาม,2026-04-24,086-xxx-8413,False,False,False,True,1,85,2026-07-03,2026-07-03,สยาม,False
C00270,อรุณ,หญิง,35-44,B04,บางนา,2025-12-04,087-xxx-5915,False,False,False,True,7,765,2025-12-05,2026-08-09,บางนา,False
C00271,ปิยะ,หญิง,25-34,B05,มหาวิทยาลัย,2025-05-29,084-xxx-8506,False,False,False,True,7,1043,2025-06-16,2026-07-09,มหาวิทยาลัย,False
C00272,ศิริ,ชาย,45-54,B01,สยาม,2025-07-26,089-xxx-5213,False,False,False,True,2,285,2025-09-26,2025-10-18,สยาม,False
C00273,ปวีณ,ไม่ระบุ,18-24,B01,สยาม,2025-11-21,087-xxx-7216,False,False,False,True,6,724,2025-12-25,2026-03-31,สยาม,False
C00274,สมชาย,ชาย,ต่ำกว่า 18,B01,สยาม,2026-02-04,082-xxx-1130,False,True,False,True,5,625,2026-03-29,2026-06-14,สยาม,False
C00275,ปวีณ,หญิง,18-24,B01,สยาม,2026-06-19,085-xxx-6212,False,False,False,True,1,60,2026-08-01,2026-08-01,สยาม,False
C00276,นภัส,ชาย,25-34,B01,สยาม,2026-08-14,085-xxx-6536,False,False,False,True,1,60,2026-09-17,2026-09-17,สยาม,False
C00277,ชนา,หญิง,25-34,B02,สีลม,2026-03-03,082-xxx-3665,False,False,False,True,2,310,2026-05-08,2026-08-13,สีลม,False
C00278,ธีร,หญิง,18-24,B02,สีลม,2026-04-26,082-xxx-5173,False,False,False,True,7,1182,2026-05-21,2026-09-11,สีลม,False
C00279,อัญชลี,หญิง,18-24,B01,สยาม,2026-08-09,086-xxx-3167,False,False,False,False,0,0,,,,False
C00280,ธีร,หญิง,25-34,B05,มหาวิทยาลัย,2025-10-07,088-xxx-2741,False,False,False,True,3,517,2025-11-26,2026-05-26,มหาวิทยาลัย,False
C00281,พิม,ชาย,45-54,B02,สีลม,2025-08-09,083-xxx-6991,False,False,False,True,2,245,2025-08-18,2025-09-10,สีลม,False
C00282,นภัส,หญิง,18-24,B04,บางนา,2026-01-17,081-xxx-9648,False,False,False,True,5,669,2026-04-11,2026-09-17,บางนา,False
C00283,ภูมิ,หญิง,25-34,B02,สีลม,2025-08-25,082-xxx-8080,False,False,False,True,3,465,2025-09-10,2025-10-06,สีลม,False
C00284,ปวีณ,ชาย,45-54,B02,สีลม,2025-07-01,088-xxx-5116,False,False,False,True,4,495,2025-08-06,2025-09-10,สีลม,False
C00285,สุดา,ชาย,35-44,B01,สยาม,2026-02-04,087-xxx-9777,False,False,False,True,2,164,2026-02-14,2026-04-30,สยาม,False
C00286,ปวีณ,ชาย,25-34,B02,สีลม,2025-12-03,087-xxx-9912,False,False,False,True,1,130,2025-12-03,2025-12-03,สีลม,False
C00287,ชนา,ชาย,35-44,B02,สีลม,2026-09-08,086-xxx-6487,False,False,False,False,0,0,,,,False
C00288,จิรา,ไม่ระบุ,25-34,B02,สีลม,2026-01-26,086-xxx-7431,False,False,False,False,0,0,,,,False
C00289,มานพ,หญิง,35-44,B03,อารีย์,2026-02-26,085-xxx-2708,False,False,False,True,8,852,2026-03-20,2026-06-08,อารีย์,False
C00290,ธีร,ชาย,18-24,B01,สยาม,2026-08-13,086-xxx-6025,False,False,False,False,0,0,,,,False
C00291,ภูมิ,หญิง,18-24,B04,บางนา,2025-08-28,085-xxx-2864,False,False,False,True,2,220,2025-09-06,2026-02-15,บางนา,False
C00292,จิรา,หญิง,25-34,B01,สยาม,2026-05-12,089-xxx-6437,False,False,False,True,6,924,2026-05-16,2026-08-31,สยาม,False
C00293,ปวีณ,ชาย,35-44,B03,อารีย์,2026-02-19,087-xxx-2770,False,False,False,True,1,65,2026-08-20,2026-08-20,อารีย์,False
C00294,กิตติ,หญิง,45-54,B02,สีลม,2026-05-27,083-xxx-5657,False,False,False,True,3,624,2026-08-21,2026-09-02,สีลม,False
C00295,ปิยะ,ชาย,25-34,B02,สีลม,2025-11-13,085-xxx-6528,False,False,False,True,13,1911,2025-12-12,2026-05-29,สีลม,False
C00296,มานพ,หญิง,25-34,B01,สยาม,2025-12-14,082-xxx-1497,False,False,False,True,14,1903,2025-12-14,2026-07-30,สยาม,False
C00297,จิรา,หญิง,55+,B04,บางนา,2025-06-22,085-xxx-4245,False,False,False,True,5,585,2025-07-24,2025-09-26,บางนา,False
C00298,กมล,หญิง,45-54,B01,สยาม,2025-11-19,085-xxx-2148,False,False,False,True,9,1029,2025-11-25,2026-09-15,สยาม,False
C00299,ปิยะ,หญิง,25-34,B04,บางนา,2026-07-02,085-xxx-5104,False,False,False,True,2,174,2026-07-19,2026-07-19,บางนา,False
C00300,ปิยะ,ชาย,25-34,B02,สีลม,2025-09-25,089-xxx-4756,False,False,False,True,11,1949,2025-10-07,2026-08-14,สีลม,False
C00301,ชนา,ชาย,18-24,B01,สยาม,2025-06-03,087-xxx-3506,False,False,False,True,8,1548,2025-08-20,2026-03-02,สยาม,False
C00302,กมล,หญิง,25-34,B01,สยาม,2025-04-28,084-xxx-6780,False,False,False,True,20,2702,2025-06-13,2026-06-02,สยาม,False
C00303,อรุณ,หญิง,18-24,B02,สีลม,2026-03-17,089-xxx-9912,False,False,False,False,0,0,,,,False
C00304,วรรณ,หญิง,18-24,B04,บางนา,2025-09-02,085-xxx-3427,False,False,False,True,11,1293,2025-09-15,2026-07-08,บางนา,False
C00305,ธนา,หญิง,25-34,B02,สีลม,2025-06-15,082-xxx-3987,False,False,False,True,14,1932,2025-06-21,2026-04-23,สีลม,False
C00306,พิม,หญิง,25-34,B02,สีลม,2025-07-17,085-xxx-9719,False,False,False,True,15,2298,2025-07-18,2026-08-26,สีลม,False
C00307,จิรา,ชาย,18-24,B04,บางนา,2026-04-28,087-xxx-3020,False,False,False,True,4,426,2026-06-03,2026-09-19,บางนา,False
C00308,รัตนา,หญิง,25-34,B01,สยาม,2026-01-05,089-xxx-5027,False,False,False,True,2,205,2026-02-10,2026-02-17,สยาม,False
C00309,กิตติ,หญิง,25-34,B05,มหาวิทยาลัย,2025-04-24,088-xxx-5018,False,False,False,True,8,868,2025-04-25,2025-10-15,มหาวิทยาลัย,False
C00310,ธีร,หญิง,55+,B01,สยาม,2026-03-23,089-xxx-5179,False,False,False,True,2,230,2026-04-11,2026-05-01,สยาม,False
C00311,อัญชลี,หญิง,18-24,B04,บางนา,2025-07-29,084-xxx-5452,False,False,False,True,2,380,2025-09-15,2025-11-20,บางนา,False
C00312,สมชาย,ชาย,18-24,B04,บางนา,2026-06-05,083-xxx-5398,False,False,False,True,1,75,2026-07-10,2026-07-10,อารีย์,False
C00313,ปวีณ,หญิง,45-54,B02,สีลม,2026-06-17,089-xxx-2545,False,False,False,True,3,220,2026-08-04,2026-09-10,สีลม,False
C00314,ธนา,ชาย,25-34,B04,บางนา,2025-12-10,081-xxx-8533,False,False,False,True,4,405,2026-03-03,2026-08-27,บางนา,False
C00315,สุดา,ชาย,18-24,B03,อารีย์,2026-07-28,084-xxx-1510,False,False,False,True,1,120,2026-08-05,2026-08-05,อารีย์,False
C00316,ปวีณ,หญิง,35-44,B05,มหาวิทยาลัย,2026-08-19,085-xxx-6125,False,False,False,True,1,129,2026-09-02,2026-09-02,สยาม,False
C00317,สุดา,หญิง,45-54,B02,สีลม,2026-02-23,083-xxx-6936,False,False,False,True,1,65,2026-02-27,2026-02-27,สีลม,False
C00318,อัญชลี,หญิง,18-24,B03,อารีย์,2026-03-23,085-xxx-1453,False,False,False,True,1,65,2026-04-22,2026-04-22,อารีย์,False
C00319,สมชาย,หญิง,45-54,B04,บางนา,2026-05-14,085-xxx-2524,False,False,False,True,1,55,2026-05-16,2026-05-16,บางนา,False
C00320,วีระ,หญิง,25-34,B01,สยาม,2026-04-12,085-xxx-7143,True,False,False,True,8,1475,2026-04-22,2026-09-05,สยาม,False
C00321,อัญชลี,ชาย,35-44,B01,สยาม,2025-12-22,084-xxx-4083,False,False,False,True,6,535,2025-12-23,2026-08-22,สยาม,False
C00322,อรุณ,ชาย,45-54,B01,สยาม,2025-05-18,088-xxx-8723,False,False,False,True,13,1405,2025-05-20,2026-07-02,สยาม,False
C00323,กมล,หญิง,18-24,B04,บางนา,2026-08-07,081-xxx-1570,False,False,False,False,0,0,,,,False
C00324,ภัทร,ชาย,25-34,B05,มหาวิทยาลัย,2025-07-24,087-xxx-5943,False,False,False,True,11,1220,2025-08-05,2026-09-03,มหาวิทยาลัย,False
C00325,ทิพย์,หญิง,25-34,B02,สีลม,2025-06-10,083-xxx-9820,False,False,False,True,11,1520,2025-06-18,2026-09-08,สีลม,False
C00326,ชนา,ชาย,25-34,B04,บางนา,2026-01-26,085-xxx-4645,False,False,False,True,3,300,2026-02-11,2026-06-14,บางนา,False
C00327,อัญชลี,หญิง,18-24,B01,สยาม,2026-06-27,081-xxx-2014,False,False,False,True,1,20,2026-07-27,2026-07-27,สยาม,False
C00328,วีระ,หญิง,18-24,B03,อารีย์,2026-01-01,087-xxx-8172,False,False,False,True,4,549,2026-01-04,2026-01-29,อารีย์,False
C00329,เกศ,ชาย,18-24,B05,มหาวิทยาลัย,2026-04-22,089-xxx-1948,False,False,False,False,0,0,,,,False
C00330,อรุณ,ชาย,18-24,B04,บางนา,2026-05-21,081-xxx-1194,False,False,False,True,6,725,2026-06-11,2026-09-19,บางนา,False
C00331,วีระ,หญิง,35-44,B05,มหาวิทยาลัย,2026-08-18,083-xxx-3531,False,False,False,True,1,85,2026-09-09,2026-09-09,มหาวิทยาลัย,False
C00332,ภูมิ,ชาย,25-34,B01,สยาม,2025-11-16,084-xxx-8327,False,False,False,False,0,0,,,,False
C00333,วีระ,หญิง,18-24,B02,สีลม,2025-05-15,085-xxx-9766,True,False,False,True,5,720,2025-07-20,2026-04-20,สีลม,False
C00334,ชนา,ชาย,18-24,B05,มหาวิทยาลัย,2025-06-11,089-xxx-9015,False,False,False,True,12,1547,2025-08-11,2026-09-11,มหาวิทยาลัย,False
C00335,สมชาย,ชาย,25-34,B02,สีลม,2026-03-08,081-xxx-4062,False,False,False,True,3,279,2026-07-24,2026-09-04,สีลม,False
C00336,อัญชลี,หญิง,35-44,B05,มหาวิทยาลัย,2026-05-15,089-xxx-5598,False,False,False,True,4,525,2026-06-09,2026-09-13,มหาวิทยาลัย,False
C00337,ศิริ,ชาย,18-24,B01,สยาม,2025-12-01,086-xxx-3485,False,False,False,True,6,630,2025-12-03,2026-03-18,สยาม,False
C00338,กมล,หญิง,25-34,B03,อารีย์,2026-07-19,082-xxx-2116,False,False,False,True,1,90,2026-08-28,2026-08-28,อารีย์,False
C00339,ชนา,ไม่ระบุ,25-34,B03,อารีย์,2025-11-06,086-xxx-2493,False,False,False,True,24,2976,2025-11-11,2026-09-11,อารีย์,False
C00340,กมล,ชาย,35-44,B02,สีลม,2025-05-10,089-xxx-7697,False,False,False,True,3,450,2025-06-04,2025-09-02,สีลม,False
C00341,ธีร,ชาย,18-24,B04,บางนา,2026-03-31,086-xxx-7324,False,False,False,True,5,610,2026-04-10,2026-09-13,บางนา,False
C00342,ปวีณ,ชาย,25-34,B01,สยาม,2025-08-26,087-xxx-5937,False,False,False,True,17,2223,2025-09-19,2026-09-13,สยาม,False
C00343,กมล,หญิง,25-34,B01,สยาม,2026-02-09,086-xxx-5837,False,False,False,False,0,0,,,,False
C00344,สมชาย,ชาย,25-34,B04,บางนา,2026-04-15,084-xxx-5723,False,False,False,True,2,145,2026-06-15,2026-07-10,บางนา,False
C00345,ณัฐ,ชาย,35-44,B01,สยาม,2025-12-24,083-xxx-7360,False,False,False,True,10,1109,2025-12-31,2026-07-08,สยาม,False
C00346,สุดา,หญิง,25-34,B02,สีลม,2026-06-01,082-xxx-9370,False,False,False,True,2,370,2026-07-10,2026-08-28,สีลม,False
C00347,เกศ,หญิง,25-34,B04,บางนา,2026-01-23,087-xxx-5102,False,False,False,True,5,769,2026-04-17,2026-09-08,บางนา,False
C00348,ปวีณ,หญิง,25-34,B05,มหาวิทยาลัย,2025-06-15,087-xxx-9336,False,False,False,True,5,482,2025-06-20,2025-12-11,มหาวิทยาลัย,False
C00349,รัตนา,หญิง,45-54,B04,บางนา,2026-04-10,084-xxx-9169,False,False,False,True,2,274,2026-06-18,2026-06-29,สยาม,False
C00350,รัตนา,ชาย,18-24,B02,สีลม,2026-08-14,084-xxx-4877,False,False,False,False,0,0,,,,False
C00351,กมล,หญิง,35-44,B05,มหาวิทยาลัย,2026-03-30,089-xxx-4466,False,False,False,True,1,323,2026-09-04,2026-09-04,มหาวิทยาลัย,False
C00352,ปิยะ,ชาย,25-34,B02,สีลม,2026-08-02,081-xxx-3266,False,False,False,False,0,0,,,,False
C00353,กิตติ,หญิง,25-34,B05,มหาวิทยาลัย,2025-07-09,081-xxx-1624,False,False,False,True,4,360,2025-08-01,2026-03-10,มหาวิทยาลัย,False
C00354,ชนา,หญิง,35-44,B02,สีลม,2025-08-11,083-xxx-9742,False,False,False,True,9,975,2025-10-07,2026-09-18,สีลม,False
C00355,วีระ,หญิง,45-54,B02,สีลม,2025-06-01,088-xxx-4479,False,False,False,True,24,2829,2025-06-23,2026-08-17,สีลม,False
C00356,พิม,ชาย,25-34,B03,อารีย์,2026-06-09,086-xxx-8388,False,False,False,False,0,0,,,,False
C00357,ภูมิ,หญิง,45-54,B05,มหาวิทยาลัย,2025-11-12,088-xxx-7744,True,False,False,True,8,1235,2026-03-27,2026-08-31,มหาวิทยาลัย,False
C00358,กิตติ,หญิง,18-24,B04,บางนา,2026-05-23,086-xxx-7850,False,False,False,True,1,75,2026-05-28,2026-05-28,บางนา,False
C00359,ปวีณ,หญิง,18-24,B01,สยาม,2026-07-25,083-xxx-4235,False,False,False,True,2,180,2026-07-28,2026-08-21,สยาม,False
C00360,ชนา,หญิง,25-34,B01,สยาม,2025-07-08,089-xxx-4318,False,False,False,True,9,1085,2025-07-17,2026-05-23,สยาม,False
C00361,ชนา,ชาย,25-34,B04,บางนา,2026-02-24,085-xxx-7482,False,False,False,True,5,879,2026-03-07,2026-08-14,บางนา,False
C00362,พิม,หญิง,18-24,B01,สยาม,2026-04-19,085-xxx-8106,False,False,False,True,10,1311,2026-05-27,2026-09-12,สยาม,False
C00363,ธนา,ชาย,45-54,B01,สยาม,2026-07-20,089-xxx-4239,False,False,False,True,3,489,2026-08-16,2026-09-05,สยาม,False
C00364,ธีร,ชาย,45-54,B02,สีลม,2026-08-10,089-xxx-7679,False,False,False,False,0,0,,,,False
C00365,ชนา,ชาย,25-34,B05,มหาวิทยาลัย,2025-07-19,081-xxx-4867,False,False,False,False,0,0,,,,False
C00366,ธีร,หญิง,25-34,B02,สีลม,2026-02-03,087-xxx-9815,False,False,False,True,8,1009,2026-02-17,2026-08-20,สีลม,False
C00367,ธนา,ชาย,18-24,B02,สีลม,2025-04-11,082-xxx-9419,False,False,False,True,8,1003,2025-05-26,2025-10-17,สีลม,False
C00368,ณัฐ,หญิง,45-54,B04,บางนา,2026-04-19,083-xxx-4198,False,False,False,True,2,160,2026-06-21,2026-07-23,บางนา,False
C00369,กมล,ไม่ระบุ,55+,B05,มหาวิทยาลัย,2025-07-30,087-xxx-2954,False,False,False,True,6,505,2025-09-18,2026-06-02,มหาวิทยาลัย,False
C00370,วรรณ,หญิง,35-44,B05,มหาวิทยาลัย,2025-09-06,085-xxx-7093,True,False,False,False,0,0,,,,False
C00371,ธนา,หญิง,25-34,B04,บางนา,2025-12-19,088-xxx-6575,False,False,False,True,5,773,2026-02-22,2026-07-06,บางนา,False
C00372,ภูมิ,หญิง,18-24,B05,มหาวิทยาลัย,2026-04-28,083-xxx-2574,False,False,False,True,3,200,2026-05-26,2026-06-23,มหาวิทยาลัย,False
C00373,กมล,ชาย,25-34,B01,สยาม,2025-12-16,083-xxx-1139,False,False,False,True,3,755,2026-04-30,2026-06-16,สยาม,False
C00374,กมล,หญิง,18-24,B02,สีลม,2025-04-09,082-xxx-4357,True,False,False,True,12,1487,2025-04-09,2025-11-07,สีลม,False
C00375,สมชาย,ไม่ระบุ,45-54,B03,อารีย์,2025-12-08,089-xxx-6275,False,False,False,True,17,2288,2025-12-12,2026-09-18,อารีย์,False
C00376,อัญชลี,หญิง,18-24,B01,สยาม,2025-06-10,089-xxx-8585,False,False,False,True,17,2089,2025-08-06,2026-09-08,สยาม,False
C00377,วีระ,ชาย,ต่ำกว่า 18,B03,อารีย์,2026-08-31,086-xxx-4689,False,True,False,True,1,55,2026-09-14,2026-09-14,อารีย์,False
C00378,สุดา,หญิง,ต่ำกว่า 18,B05,มหาวิทยาลัย,2025-07-22,088-xxx-3667,False,True,False,True,2,200,2025-08-11,2025-08-30,มหาวิทยาลัย,False
C00379,กิตติ,หญิง,25-34,B03,อารีย์,2026-08-03,083-xxx-1871,False,False,False,False,0,0,,,,False
C00380,จิรา,ชาย,25-34,B01,สยาม,2025-11-28,085-xxx-4407,False,False,False,True,9,1404,2025-11-28,2026-05-03,สยาม,False
C00381,ภัทร,หญิง,25-34,B04,บางนา,2025-10-16,087-xxx-8602,False,False,False,True,10,1513,2025-12-14,2026-08-10,บางนา,False
C00382,รัตนา,หญิง,25-34,B03,อารีย์,2026-05-31,089-xxx-8935,False,False,False,False,0,0,,,,False
C00383,รัตนา,หญิง,18-24,B03,อารีย์,2026-03-16,083-xxx-5744,False,False,False,True,9,1528,2026-03-27,2026-08-07,อารีย์,False
C00384,ทิพย์,หญิง,25-34,B04,บางนา,2025-05-26,081-xxx-4275,False,False,False,True,15,1828,2025-06-17,2026-09-12,บางนา,False
C00385,ภัทร,หญิง,18-24,B01,สยาม,2026-03-25,089-xxx-9399,False,False,False,True,11,1365,2026-03-27,2026-09-17,สยาม,False
C00386,ณัฐ,หญิง,45-54,B01,สยาม,2025-12-10,083-xxx-1543,False,False,False,True,5,600,2025-12-30,2026-07-21,สยาม,False
C00387,นภัส,หญิง,45-54,B04,บางนา,2026-08-26,087-xxx-6392,False,False,False,True,1,105,2026-09-20,2026-09-20,บางนา,False
C00388,กิตติ,ชาย,25-34,B02,สีลม,2026-03-06,087-xxx-2438,False,False,False,False,0,0,,,,False
C00389,ภัทร,ชาย,35-44,B03,อารีย์,2026-05-25,083-xxx-5681,False,False,False,True,4,430,2026-06-05,2026-09-12,อารีย์,False
C00390,อรุณ,หญิง,18-24,B05,มหาวิทยาลัย,2025-12-04,083-xxx-8365,False,False,False,True,1,55,2026-01-15,2026-01-15,มหาวิทยาลัย,False
C00391,ภัทร,ชาย,18-24,B01,สยาม,2025-09-20,087-xxx-7331,False,False,False,True,26,3302,2025-09-21,2026-09-13,สยาม,False
C00392,จิรา,หญิง,18-24,B05,มหาวิทยาลัย,2026-03-01,087-xxx-6327,False,False,False,False,0,0,,,,False
C00393,ธีร,ชาย,25-34,B04,บางนา,2025-11-07,083-xxx-7210,False,False,False,True,11,1299,2026-01-05,2026-08-22,บางนา,False
C00394,สมชาย,หญิง,18-24,B05,มหาวิทยาลัย,2026-05-31,089-xxx-6300,False,False,False,False,0,0,,,,False
C00395,กมล,ชาย,45-54,B01,สยาม,2025-10-21,087-xxx-6345,False,False,False,True,9,1064,2025-11-23,2026-07-18,สยาม,False
C00396,สมชาย,ชาย,35-44,B01,สยาม,2025-06-12,087-xxx-9103,False,False,False,True,12,1884,2025-06-12,2026-05-27,สยาม,False
C00397,สุดา,หญิง,55+,B02,สีลม,2025-09-20,089-xxx-7239,False,False,False,True,3,230,2025-10-22,2025-12-19,สีลม,False
C00398,ปิยะ,ชาย,55+,B05,มหาวิทยาลัย,2026-07-11,087-xxx-1169,False,False,False,True,2,220,2026-08-18,2026-09-02,มหาวิทยาลัย,False
C00399,สมชาย,ชาย,25-34,B01,สยาม,2026-08-08,085-xxx-3385,False,False,False,True,3,335,2026-09-07,2026-09-14,สยาม,False
C00400,ชนา,ชาย,35-44,B01,สยาม,2026-06-15,082-xxx-8324,False,False,False,True,1,50,2026-06-16,2026-06-16,สยาม,False
C00401,นภัส,หญิง,35-44,B01,สยาม,2025-11-29,084-xxx-9238,False,False,False,True,6,1154,2026-02-11,2026-08-09,สยาม,False
C00402,ภูมิ,หญิง,18-24,B02,สีลม,2025-07-20,086-xxx-5716,False,False,False,True,1,65,2026-06-19,2026-06-19,สีลม,False
C00403,สุดา,หญิง,25-34,B01,สยาม,2026-04-28,086-xxx-4277,False,False,False,True,6,1173,2026-05-07,2026-08-01,สยาม,False
C00404,ณัฐ,หญิง,18-24,B04,บางนา,2025-12-15,089-xxx-7046,False,False,False,True,10,1235,2025-12-24,2026-08-23,บางนา,False
C00405,เกศ,หญิง,18-24,B03,อารีย์,2026-03-17,089-xxx-1341,False,False,False,True,1,75,2026-08-11,2026-08-11,อารีย์,False
C00406,ทิพย์,ชาย,35-44,B02,สีลม,2026-02-01,086-xxx-1175,False,False,False,True,2,140,2026-02-03,2026-02-10,สยาม,False
C00407,ธีร,หญิง,25-34,B01,สยาม,2025-12-25,084-xxx-1008,False,False,False,True,5,408,2026-02-04,2026-06-27,สยาม,False
C00408,ธนา,ชาย,25-34,B01,สยาม,2026-03-09,084-xxx-9777,False,False,False,False,0,0,,,,False
C00409,ภูมิ,หญิง,25-34,B02,สีลม,2025-09-04,083-xxx-6951,False,False,False,True,5,644,2025-11-28,2026-07-20,สีลม,False
C00410,ทิพย์,ชาย,18-24,B01,สยาม,2025-11-22,088-xxx-1198,True,False,False,False,0,0,,,,False
C00411,กิตติ,หญิง,25-34,B02,สีลม,2025-06-12,087-xxx-5549,False,False,False,True,11,1429,2025-06-18,2026-01-13,สีลม,False
C00412,ภูมิ,ชาย,25-34,B03,อารีย์,2026-01-26,082-xxx-9619,False,False,False,True,5,494,2026-02-15,2026-07-01,อารีย์,False
C00413,เกศ,ชาย,18-24,B03,อารีย์,2026-02-06,083-xxx-1220,False,False,False,True,8,670,2026-02-07,2026-04-18,อารีย์,False
C00414,กมล,ชาย,45-54,B04,บางนา,2026-08-23,083-xxx-8755,False,False,False,True,1,150,2026-09-20,2026-09-20,บางนา,False
C00415,ภูมิ,หญิง,45-54,B03,อารีย์,2026-02-12,089-xxx-5134,False,False,False,True,9,974,2026-02-12,2026-06-02,อารีย์,False
C00416,ธีร,หญิง,25-34,B04,บางนา,2025-09-07,082-xxx-7778,False,False,False,True,15,2033,2025-09-27,2026-09-01,บางนา,False
C00417,กิตติ,ชาย,18-24,B04,บางนา,2026-08-07,085-xxx-6767,False,False,False,False,0,0,,,,False
C00418,วีระ,ชาย,18-24,B01,สยาม,2025-08-21,086-xxx-4077,False,False,False,True,1,160,2025-09-23,2025-09-23,สยาม,False
C00419,ธนา,หญิง,25-34,B01,สยาม,2026-05-13,088-xxx-3936,False,False,False,True,5,529,2026-05-30,2026-08-09,สยาม,False
C00420,อัญชลี,ชาย,35-44,B03,อารีย์,2026-04-11,085-xxx-2818,False,False,False,True,3,504,2026-04-18,2026-05-26,อารีย์,False
C00421,กิตติ,หญิง,18-24,B01,สยาม,2025-12-10,089-xxx-1597,False,False,False,True,8,1150,2026-01-05,2026-05-18,สยาม,False
C00422,อรุณ,หญิง,55+,B01,สยาม,2026-03-04,086-xxx-5957,False,False,False,True,1,120,2026-03-11,2026-03-11,สยาม,False
C00423,อัญชลี,ชาย,25-34,B01,สยาม,2026-01-25,083-xxx-1340,False,False,False,False,0,0,,,,False
C00424,ณัฐ,ชาย,45-54,B04,บางนา,2026-05-14,084-xxx-4093,False,False,False,True,2,380,2026-07-22,2026-09-12,อารีย์,False
C00425,เกศ,หญิง,45-54,B02,สีลม,2026-09-09,086-xxx-2382,False,False,False,False,0,0,,,,False
C00426,กมล,หญิง,35-44,B01,สยาม,2026-04-20,089-xxx-9811,False,False,False,False,0,0,,,,False
C00427,ปวีณ,หญิง,18-24,B03,อารีย์,2025-12-20,085-xxx-6451,False,False,False,True,11,1304,2025-12-20,2026-08-14,อารีย์,False
C00428,ภัทร,หญิง,35-44,B02,สีลม,2025-10-23,082-xxx-2832,False,False,False,True,1,164,2026-03-01,2026-03-01,สยาม,False
C00429,กมล,ชาย,25-34,B02,สีลม,2025-12-20,088-xxx-1071,False,False,False,True,3,685,2026-03-13,2026-08-17,สีลม,False
C00430,กมล,ชาย,25-34,B04,บางนา,2025-07-22,089-xxx-4082,False,False,False,True,6,649,2025-07-28,2025-09-30,บางนา,False
C00431,ณัฐ,ชาย,25-34,B03,อารีย์,2026-05-09,084-xxx-5191,False,False,False,True,14,1728,2026-05-14,2026-09-06,อารีย์,False
C00432,ศิริ,หญิง,ต่ำกว่า 18,B01,สยาม,2025-06-16,084-xxx-5671,False,True,False,False,0,0,,,,False
C00433,ปิยะ,หญิง,25-34,B02,สีลม,2025-06-12,089-xxx-4784,False,False,False,True,12,1834,2025-07-16,2026-06-07,สีลม,False
C00434,สุดา,ชาย,18-24,B02,สีลม,2026-01-20,086-xxx-6363,False,False,False,True,5,434,2026-01-27,2026-07-07,สีลม,False
C00435,ภัทร,หญิง,45-54,B05,มหาวิทยาลัย,2025-08-08,082-xxx-7622,False,False,False,True,8,812,2025-10-07,2026-02-21,มหาวิทยาลัย,False
C00436,รัตนา,หญิง,18-24,B01,สยาม,2025-05-04,087-xxx-4523,False,False,False,True,10,1314,2025-05-05,2026-04-14,สยาม,False
C00437,รัตนา,ชาย,ต่ำกว่า 18,B03,อารีย์,2026-02-13,089-xxx-2820,False,True,False,True,5,565,2026-02-21,2026-08-28,อารีย์,False
C00438,ภูมิ,หญิง,25-34,B01,สยาม,2026-06-30,084-xxx-6767,False,False,False,True,2,230,2026-07-16,2026-08-20,สยาม,False
C00439,ธนา,หญิง,35-44,B05,มหาวิทยาลัย,2025-08-08,088-xxx-6502,False,False,False,True,10,1314,2025-09-11,2026-08-18,มหาวิทยาลัย,False
C00440,ธีร,หญิง,55+,B01,สยาม,2026-06-25,084-xxx-4794,False,False,False,False,0,0,,,,False
C00441,วีระ,ชาย,25-34,B05,มหาวิทยาลัย,2025-12-18,082-xxx-4288,False,False,False,True,9,1035,2025-12-25,2026-08-05,มหาวิทยาลัย,False
C00442,ศิริ,หญิง,25-34,B04,บางนา,2026-07-25,082-xxx-3737,False,False,False,False,0,0,,,,False
C00443,สุดา,ชาย,18-24,B05,มหาวิทยาลัย,2025-06-14,083-xxx-6886,False,False,False,False,0,0,,,,False
C00444,ธีร,หญิง,55+,B02,สีลม,2026-04-14,087-xxx-3681,False,False,False,True,5,655,2026-05-24,2026-08-16,สีลม,False
C00445,นภัส,หญิง,18-24,B02,สีลม,2026-08-18,085-xxx-8166,False,False,False,False,0,0,,,,False
C00446,นภัส,หญิง,ต่ำกว่า 18,B05,มหาวิทยาลัย,2025-12-05,086-xxx-9729,False,True,False,True,4,460,2026-01-20,2026-09-10,มหาวิทยาลัย,False
C00447,วรรณ,ชาย,ต่ำกว่า 18,B02,สีลม,2025-04-18,081-xxx-1871,False,True,False,True,15,2174,2025-04-24,2025-12-10,สีลม,False
C00448,ธีร,หญิง,35-44,B01,สยาม,2026-01-25,083-xxx-1117,False,False,False,True,5,665,2026-03-01,2026-07-08,สยาม,False
C00449,สมชาย,ชาย,18-24,B04,บางนา,2026-03-03,085-xxx-8159,False,False,False,True,3,275,2026-03-07,2026-07-29,บางนา,False
C00450,วรรณ,ชาย,45-54,B02,สีลม,2025-07-23,081-xxx-8627,False,False,False,True,4,360,2025-08-08,2026-01-26,สีลม,False
C00451,ศิริ,ไม่ระบุ,35-44,B02,สีลม,2026-06-20,085-xxx-5735,False,False,False,True,2,205,2026-07-09,2026-09-14,มหาวิทยาลัย,False
C00452,ปวีณ,หญิง,35-44,B03,อารีย์,2026-02-04,084-xxx-1989,False,False,False,True,4,295,2026-03-10,2026-05-16,อารีย์,False
C00453,อัญชลี,หญิง,18-24,B02,สีลม,2026-01-15,088-xxx-5889,False,False,False,True,4,369,2026-02-11,2026-07-23,สีลม,False
C00454,ธนา,ชาย,35-44,B04,บางนา,2025-09-26,087-xxx-3848,False,False,False,True,3,290,2025-11-10,2025-11-16,บางนา,False
C00455,สมชาย,หญิง,55+,B05,มหาวิทยาลัย,2025-08-25,088-xxx-3623,False,False,False,False,0,0,,,,False
C00456,ทิพย์,หญิง,45-54,B05,มหาวิทยาลัย,2026-01-01,085-xxx-3062,False,False,False,True,5,1004,2026-01-17,2026-08-29,มหาวิทยาลัย,False
C00457,อัญชลี,ชาย,18-24,B02,สีลม,2025-04-18,087-xxx-1336,False,False,False,True,6,859,2025-05-16,2025-08-04,สีลม,False
C00458,สมชาย,ชาย,18-24,B04,บางนา,2026-06-09,089-xxx-2801,False,False,False,True,1,150,2026-06-19,2026-06-19,บางนา,False
C00459,อัญชลี,หญิง,25-34,B02,สีลม,2026-04-18,085-xxx-4191,False,False,False,True,9,1416,2026-04-27,2026-09-09,สีลม,False
C00460,นภัส,หญิง,18-24,B03,อารีย์,2026-08-26,089-xxx-1372,True,False,False,True,2,325,2026-09-11,2026-09-13,อารีย์,False
C00461,ชนา,ชาย,ต่ำกว่า 18,B01,สยาม,2025-08-22,089-xxx-2675,False,True,False,True,12,1744,2025-08-26,2026-09-17,สยาม,False
C00462,ศิริ,ชาย,18-24,B05,มหาวิทยาลัย,2026-05-10,082-xxx-2813,False,False,False,True,2,245,2026-06-10,2026-06-15,สีลม,False
C00463,วรรณ,ชาย,25-34,B02,สีลม,2026-04-20,089-xxx-2251,False,False,False,True,5,889,2026-05-12,2026-09-11,สีลม,False
C00464,ธนา,หญิง,35-44,B02,สีลม,2026-05-14,088-xxx-4527,False,False,False,True,1,105,2026-06-18,2026-06-18,สีลม,False
C00465,ธนา,หญิง,18-24,B05,มหาวิทยาลัย,2025-06-03,085-xxx-7521,False,False,False,True,7,996,2025-06-23,2026-03-16,มหาวิทยาลัย,False
C00466,ชนา,หญิง,18-24,B03,อารีย์,2026-08-14,088-xxx-8686,False,False,False,True,1,150,2026-09-06,2026-09-06,อารีย์,False
C00467,อัญชลี,หญิง,18-24,B04,บางนา,2026-05-31,088-xxx-5387,False,False,False,True,6,931,2026-06-03,2026-08-07,บางนา,False
C00468,มานพ,ชาย,35-44,B05,มหาวิทยาลัย,2025-10-01,081-xxx-7919,False,False,False,False,0,0,,,,False
C00469,ธีร,หญิง,18-24,B01,สยาม,2025-11-14,089-xxx-4418,False,False,False,True,3,510,2025-11-15,2025-11-18,สยาม,False
C00470,ชนา,หญิง,18-24,B03,อารีย์,2026-04-19,081-xxx-6967,False,False,False,True,1,135,2026-04-23,2026-04-23,อารีย์,False
C00471,กิตติ,หญิง,45-54,B05,มหาวิทยาลัย,2025-12-01,082-xxx-3245,False,False,False,True,4,305,2025-12-08,2026-09-02,มหาวิทยาลัย,False
C00472,ศิริ,ชาย,35-44,B01,สยาม,2026-08-04,089-xxx-5400,False,False,False,True,4,814,2026-08-04,2026-09-11,สยาม,False
C00473,รัตนา,หญิง,18-24,B03,อารีย์,2026-05-15,087-xxx-6546,False,False,False,False,0,0,,,,False
C00474,วีระ,ชาย,18-24,B01,สยาม,2026-07-01,083-xxx-2994,False,False,False,True,2,235,2026-08-14,2026-09-09,สีลม,False
C00475,พิม,หญิง,55+,B03,อารีย์,2026-07-14,083-xxx-4563,False,False,False,True,2,180,2026-07-17,2026-07-24,อารีย์,False
C00476,ปวีณ,ชาย,18-24,B02,สีลม,2025-10-20,082-xxx-3846,False,False,False,True,8,684,2025-11-22,2026-05-15,สีลม,False
C00477,อัญชลี,ชาย,35-44,B01,สยาม,2025-12-13,087-xxx-2865,False,False,False,True,8,1120,2025-12-23,2026-08-01,สยาม,False
C00478,ณัฐ,ชาย,25-34,B02,สีลม,2026-06-08,086-xxx-8843,False,False,False,False,0,0,,,,False
C00479,รัตนา,หญิง,35-44,B03,อารีย์,2026-08-02,085-xxx-3660,False,False,False,True,1,140,2026-09-05,2026-09-05,อารีย์,False
C00480,ปิยะ,ชาย,25-34,B02,สีลม,2025-09-21,083-xxx-1657,False,False,False,True,10,1242,2025-09-24,2026-07-30,สีลม,False
C00481,ชนา,หญิง,25-34,B01,สยาม,2026-06-12,087-xxx-6806,False,False,False,True,2,410,2026-08-19,2026-08-30,สยาม,False
C00482,กิตติ,หญิง,18-24,B01,สยาม,2025-11-28,089-xxx-3019,False,False,False,True,8,1244,2025-11-28,2026-07-28,สยาม,False
C00483,รัตนา,หญิง,35-44,B01,สยาม,2025-10-03,086-xxx-3204,False,False,False,True,4,240,2025-10-20,2025-12-17,สยาม,False
C00484,ปิยะ,หญิง,55+,B04,บางนา,2026-09-06,088-xxx-9013,False,False,False,False,0,0,,,,False
C00485,เกศ,หญิง,25-34,B05,มหาวิทยาลัย,2025-05-29,082-xxx-5217,False,False,False,False,0,0,,,,False
C00486,กิตติ,ชาย,25-34,B04,บางนา,2026-08-04,084-xxx-2111,False,False,False,True,2,254,2026-08-06,2026-08-27,บางนา,False
C00487,ณัฐ,หญิง,35-44,B05,มหาวิทยาลัย,2026-04-14,089-xxx-5802,False,False,False,True,1,270,2026-06-04,2026-06-04,อารีย์,False
C00488,สมชาย,หญิง,35-44,B01,สยาม,2026-09-09,083-xxx-9782,False,False,False,False,0,0,,,,False
C00489,ธนา,ชาย,35-44,B04,บางนา,2025-11-25,086-xxx-9366,False,False,False,True,4,450,2025-11-26,2026-02-09,บางนา,False
C00490,รัตนา,หญิง,18-24,B05,มหาวิทยาลัย,2026-02-23,082-xxx-3710,False,False,False,True,2,270,2026-02-24,2026-05-06,มหาวิทยาลัย,False
C00491,วรรณ,ชาย,45-54,B05,มหาวิทยาลัย,2025-04-10,082-xxx-6318,False,False,False,True,25,3376,2025-05-16,2026-09-15,มหาวิทยาลัย,False
C00492,มานพ,หญิง,45-54,B01,สยาม,2025-07-15,088-xxx-4340,False,False,False,True,1,150,2026-08-30,2026-08-30,สยาม,False
C00493,ณัฐ,ชาย,35-44,B01,สยาม,2025-09-05,081-xxx-8296,False,False,False,True,5,312,2025-11-08,2026-03-10,สยาม,False
C00494,วรรณ,ชาย,ต่ำกว่า 18,B02,สีลม,2025-11-08,083-xxx-7109,False,True,False,True,8,846,2025-11-13,2026-08-17,สีลม,False
C00495,สมชาย,ชาย,25-34,B01,สยาม,2026-08-12,081-xxx-3446,False,False,False,True,2,110,2026-08-26,2026-09-20,สยาม,False
C00496,ปิยะ,ชาย,25-34,B05,มหาวิทยาลัย,2026-07-01,084-xxx-2732,False,False,False,False,0,0,,,,False
C00497,ศิริ,ชาย,45-54,B01,สยาม,2026-05-07,089-xxx-9732,False,False,False,False,0,0,,,,False
C00498,เกศ,หญิง,25-34,B03,อารีย์,2026-01-12,086-xxx-4388,False,False,False,True,3,360,2026-03-03,2026-08-05,อารีย์,False
C00499,นภัส,หญิง,25-34,B05,มหาวิทยาลัย,2026-07-12,085-xxx-6791,False,False,False,True,2,350,2026-09-09,2026-09-20,มหาวิทยาลัย,False
C00500,ทิพย์,หญิง,25-34,B05,มหาวิทยาลัย,2025-06-30,087-xxx-9172,False,False,False,True,3,318,2025-07-15,2025-09-29,มหาวิทยาลัย,False
C00501,สุดา,ชาย,18-24,B03,อารีย์,2025-12-24,088-xxx-3737,False,False,False,True,14,2050,2026-01-14,2026-07-23,อารีย์,False
C00502,วรรณ,หญิง,55+,B02,สีลม,2026-03-29,083-xxx-6782,False,False,False,True,2,315,2026-04-02,2026-05-18,สีลม,False
C00503,อัญชลี,ชาย,35-44,B03,อารีย์,2025-11-15,083-xxx-4392,False,False,False,True,12,1290,2025-11-19,2026-05-08,อารีย์,False
C00504,ชนา,หญิง,35-44,B01,สยาม,2025-08-10,088-xxx-7000,False,False,False,True,10,935,2025-08-20,2026-08-29,สยาม,False
C00505,กิตติ,หญิง,25-34,B01,สยาม,2026-04-21,085-xxx-4896,False,False,False,True,3,645,2026-06-14,2026-07-05,สยาม,False
C00506,อรุณ,หญิง,18-24,B04,บางนา,2025-04-15,082-xxx-4032,False,False,False,True,6,940,2025-05-20,2025-08-31,บางนา,False
C00507,สุดา,หญิง,35-44,B01,สยาม,2026-07-28,081-xxx-9347,False,False,False,False,0,0,,,,False
C00508,สุดา,หญิง,18-24,B01,สยาม,2025-05-31,089-xxx-5264,False,False,False,True,5,395,2025-07-23,2025-11-15,สยาม,False
C00509,จิรา,หญิง,18-24,B05,มหาวิทยาลัย,2025-06-02,083-xxx-7329,False,False,False,True,12,1994,2025-06-08,2025-10-30,มหาวิทยาลัย,False
C00510,รัตนา,ชาย,25-34,B01,สยาม,2026-08-27,087-xxx-4099,False,False,False,False,0,0,,,,False
C00511,จิรา,หญิง,25-34,B04,บางนา,2025-07-28,088-xxx-4301,False,False,False,True,8,765,2025-08-27,2025-12-14,บางนา,False
C00512,อัญชลี,หญิง,25-34,B01,สยาม,2025-10-14,082-xxx-9667,False,False,False,True,7,982,2025-11-12,2026-06-22,สยาม,False
C00513,มานพ,ไม่ระบุ,45-54,B03,อารีย์,2026-05-30,085-xxx-7377,False,False,False,True,2,430,2026-08-30,2026-09-13,บางนา,False
C00514,สมชาย,หญิง,25-34,B01,สยาม,2025-09-24,088-xxx-7817,False,False,False,True,3,390,2025-09-28,2026-02-05,สยาม,False
C00515,วีระ,หญิง,35-44,B03,อารีย์,2026-02-19,083-xxx-6648,False,False,False,True,8,619,2026-03-15,2026-09-01,อารีย์,False
C00516,ภูมิ,ไม่ระบุ,25-34,B03,อารีย์,2026-05-08,089-xxx-7748,False,False,False,True,4,497,2026-05-21,2026-07-18,อารีย์,False
C00517,อรุณ,หญิง,35-44,B05,มหาวิทยาลัย,2026-04-04,088-xxx-6655,False,False,False,True,11,984,2026-04-06,2026-09-10,มหาวิทยาลัย,False
C00518,ปวีณ,ชาย,25-34,B01,สยาม,2026-02-22,082-xxx-8104,False,False,False,False,0,0,,,,False
C00519,รัตนา,หญิง,25-34,B04,บางนา,2026-01-15,088-xxx-5701,False,False,False,True,2,315,2026-04-15,2026-07-02,บางนา,False
C00520,ธีร,หญิง,25-34,B04,บางนา,2026-09-13,088-xxx-7575,False,False,False,False,0,0,,,,False
C00521,ศิริ,ชาย,25-34,B04,บางนา,2025-12-01,087-xxx-5977,False,False,False,True,15,2081,2025-12-11,2026-09-10,บางนา,False
C00522,มานพ,ชาย,25-34,B05,มหาวิทยาลัย,2025-09-17,087-xxx-7582,False,False,False,True,1,150,2025-11-17,2025-11-17,มหาวิทยาลัย,False
C00523,ธนา,ชาย,35-44,B04,บางนา,2026-07-24,084-xxx-6046,False,False,False,True,1,60,2026-07-29,2026-07-29,บางนา,False
C00524,สุดา,ชาย,18-24,B03,อารีย์,2026-05-11,085-xxx-3564,False,False,False,True,3,360,2026-05-27,2026-08-21,อารีย์,False
C00525,ปิยะ,หญิง,25-34,B01,สยาม,2025-04-09,086-xxx-9142,False,False,False,True,26,2619,2025-04-11,2026-09-08,สยาม,False
C00526,ทิพย์,ชาย,35-44,B03,อารีย์,2026-02-05,083-xxx-2183,False,False,False,True,6,690,2026-02-17,2026-08-23,อารีย์,False
C00527,ธีร,ชาย,25-34,B05,มหาวิทยาลัย,2025-07-30,082-xxx-6292,False,False,False,True,10,1344,2025-09-02,2026-09-07,มหาวิทยาลัย,False
C00528,ณัฐ,ไม่ระบุ,25-34,B05,มหาวิทยาลัย,2026-09-09,083-xxx-4068,False,False,False,False,0,0,,,,False
C00529,รัตนา,หญิง,55+,B02,สีลม,2025-11-25,089-xxx-3223,False,False,False,True,8,684,2025-12-15,2026-09-09,สีลม,False
C00530,ปวีณ,ชาย,25-34,B04,บางนา,2026-01-22,087-xxx-9352,False,False,False,True,7,525,2026-02-15,2026-09-13,บางนา,False
C00531,พิม,ชาย,45-54,B05,มหาวิทยาลัย,2026-08-01,088-xxx-9344,False,False,False,False,0,0,,,,False
C00532,ภูมิ,ชาย,ต่ำกว่า 18,B05,มหาวิทยาลัย,2025-09-05,083-xxx-9904,False,True,False,True,6,1074,2025-12-24,2026-08-17,มหาวิทยาลัย,False
C00533,สุดา,หญิง,35-44,B01,สยาม,2025-05-16,089-xxx-5726,False,False,False,True,12,1969,2025-05-22,2025-12-13,สยาม,False
C00534,อัญชลี,ไม่ระบุ,35-44,B01,สยาม,2026-09-10,088-xxx-6345,False,False,False,False,0,0,,,,False
C00535,เกศ,ชาย,25-34,B04,บางนา,2026-03-26,081-xxx-4530,False,False,False,False,0,0,,,,False
C00536,ชนา,หญิง,18-24,B05,มหาวิทยาลัย,2026-04-04,083-xxx-5280,False,False,False,True,3,285,2026-04-15,2026-08-11,มหาวิทยาลัย,False
C00537,ศิริ,หญิง,18-24,B01,สยาม,2026-09-07,086-xxx-4706,False,False,False,False,0,0,,,,False
C00538,ทิพย์,หญิง,25-34,B03,อารีย์,2026-05-23,082-xxx-6699,False,False,False,True,3,739,2026-07-03,2026-08-03,อารีย์,False
C00539,เกศ,ชาย,ต่ำกว่า 18,B05,มหาวิทยาลัย,2025-04-01,083-xxx-5549,True,True,False,True,10,1100,2025-04-07,2026-08-22,มหาวิทยาลัย,False
C00540,กมล,ชาย,25-34,B03,อารีย์,2026-04-26,082-xxx-2148,False,False,False,False,0,0,,,,False
C00541,ธนา,ชาย,25-34,B01,สยาม,2025-05-29,081-xxx-2484,False,False,False,True,21,2672,2025-06-08,2026-08-15,สยาม,False
C00542,อัญชลี,ชาย,55+,B02,สีลม,2026-06-13,088-xxx-1649,True,False,False,True,1,95,2026-07-07,2026-07-07,สีลม,False
C00543,อรุณ,ชาย,55+,B01,สยาม,2026-08-26,089-xxx-5516,False,False,False,True,1,60,2026-09-02,2026-09-02,สยาม,False
C00544,ทิพย์,หญิง,25-34,B05,มหาวิทยาลัย,2026-08-21,082-xxx-3106,False,False,False,True,1,170,2026-09-01,2026-09-01,มหาวิทยาลัย,False
C00545,วีระ,ชาย,45-54,B02,สีลม,2026-08-08,086-xxx-5363,False,False,False,False,0,0,,,,False
C00546,ภูมิ,หญิง,25-34,B04,บางนา,2026-03-08,089-xxx-3795,False,False,False,True,1,45,2026-04-19,2026-04-19,บางนา,False
C00547,วีระ,หญิง,25-34,B01,สยาม,2026-03-15,089-xxx-8178,False,False,False,True,2,135,2026-05-10,2026-05-19,สยาม,False
C00548,ณัฐ,หญิง,25-34,B04,บางนา,2026-09-11,085-xxx-8709,False,False,False,False,0,0,,,,False
C00549,นภัส,หญิง,35-44,B02,สีลม,2026-03-22,089-xxx-1506,False,False,False,True,2,269,2026-04-07,2026-04-30,สีลม,False
C00550,นภัส,ชาย,18-24,B04,บางนา,2026-08-24,089-xxx-8990,False,False,False,True,1,45,2026-09-08,2026-09-08,บางนา,False
C00551,อัญชลี,ชาย,18-24,B02,สีลม,2026-04-12,086-xxx-4040,False,False,False,True,10,1503,2026-05-06,2026-08-19,สีลม,False
C00552,ปิยะ,หญิง,35-44,B05,มหาวิทยาลัย,2025-06-29,088-xxx-5367,False,False,False,True,7,970,2025-07-22,2025-09-30,มหาวิทยาลัย,False
C00553,รัตนา,หญิง,35-44,B04,บางนา,2026-05-01,088-xxx-1968,False,False,False,True,5,673,2026-05-02,2026-09-01,บางนา,False
C00554,สมชาย,ชาย,18-24,B01,สยาม,2026-05-12,089-xxx-1499,False,False,False,False,0,0,,,,False
C00555,ปวีณ,ชาย,55+,B04,บางนา,2026-06-11,086-xxx-8450,False,False,False,True,4,533,2026-06-22,2026-09-02,บางนา,False
C00556,ปิยะ,ชาย,35-44,B02,สีลม,2026-07-26,085-xxx-4564,False,False,False,False,0,0,,,,False
C00557,กมล,ชาย,18-24,B01,สยาม,2026-08-25,085-xxx-2401,False,False,False,False,0,0,,,,False
C00558,พิม,หญิง,35-44,B03,อารีย์,2025-12-07,083-xxx-8056,False,False,False,True,19,2258,2026-01-17,2026-09-11,อารีย์,False
C00559,ศิริ,หญิง,18-24,B02,สีลม,2026-01-19,087-xxx-6285,False,False,False,True,7,639,2026-02-05,2026-08-21,สีลม,False
C00560,เกศ,หญิง,35-44,B02,สีลม,2025-07-12,082-xxx-7957,False,False,False,True,5,750,2025-07-14,2026-01-15,สีลม,False
C00561,นภัส,ชาย,18-24,B01,สยาม,2025-12-05,085-xxx-5290,False,False,False,True,13,1498,2025-12-10,2026-09-10,สยาม,False
C00562,กิตติ,หญิง,18-24,B05,มหาวิทยาลัย,2025-06-30,085-xxx-4606,False,False,False,True,5,603,2025-07-24,2025-11-11,มหาวิทยาลัย,False
C00563,อัญชลี,หญิง,25-34,B01,สยาม,2025-08-06,081-xxx-8122,False,False,False,True,4,614,2025-09-15,2025-12-14,สยาม,False
C00564,ชนา,ชาย,25-34,B01,สยาม,2026-01-08,082-xxx-6026,False,False,False,True,1,130,2026-01-14,2026-01-14,สยาม,False
C00565,ภูมิ,หญิง,25-34,B03,อารีย์,2026-07-24,083-xxx-6183,False,False,False,True,4,455,2026-07-30,2026-09-17,อารีย์,False
C00566,ณัฐ,หญิง,25-34,B01,สยาม,2025-05-14,088-xxx-3694,False,False,False,True,7,1239,2025-05-14,2025-06-25,สยาม,False
C00567,เกศ,ไม่ระบุ,35-44,B04,บางนา,2026-06-08,081-xxx-5459,False,False,False,True,1,140,2026-06-28,2026-06-28,บางนา,False
C00568,วีระ,ชาย,25-34,B02,สีลม,2025-07-08,086-xxx-4653,False,False,False,True,7,635,2025-07-09,2026-05-18,สีลม,False
C00569,สมชาย,ชาย,25-34,B02,สีลม,2025-04-12,084-xxx-4298,False,False,False,True,23,3029,2025-04-21,2026-08-30,สีลม,False
C00570,อรุณ,ชาย,35-44,B01,สยาม,2025-08-19,084-xxx-9686,False,False,False,True,4,300,2025-09-12,2025-11-02,สยาม,False
C00571,ปวีณ,ชาย,35-44,B05,มหาวิทยาลัย,2025-08-09,085-xxx-7634,False,False,False,True,13,1320,2025-08-19,2026-08-15,มหาวิทยาลัย,False
C00572,ภูมิ,ชาย,55+,B05,มหาวิทยาลัย,2026-05-04,088-xxx-3772,False,False,False,False,0,0,,,,False
C00573,ภูมิ,ชาย,18-24,B01,สยาม,2026-08-14,085-xxx-9243,False,False,False,False,0,0,,,,False
C00574,อัญชลี,ชาย,55+,B05,มหาวิทยาลัย,2025-07-23,082-xxx-8051,False,False,False,True,9,1024,2025-07-29,2026-08-06,มหาวิทยาลัย,False
C00575,ภูมิ,หญิง,18-24,B05,มหาวิทยาลัย,2026-06-16,084-xxx-1684,False,False,False,True,1,75,2026-08-10,2026-08-10,มหาวิทยาลัย,False
C00576,สุดา,หญิง,18-24,B01,สยาม,2026-08-06,088-xxx-9640,False,False,False,False,0,0,,,,False
C00577,ศิริ,หญิง,35-44,B05,มหาวิทยาลัย,2026-04-17,086-xxx-7625,False,False,False,True,5,660,2026-04-24,2026-09-20,สยาม,False
C00578,นภัส,หญิง,18-24,B04,บางนา,2025-05-27,083-xxx-8844,True,False,False,True,17,2505,2025-07-09,2026-09-14,บางนา,False
C00579,อรุณ,หญิง,35-44,B02,สีลม,2026-06-13,082-xxx-9979,False,False,False,True,1,135,2026-09-07,2026-09-07,สีลม,False
C00580,เกศ,ชาย,25-34,B02,สีลม,2026-03-05,084-xxx-5105,False,False,False,True,1,65,2026-04-07,2026-04-07,สีลม,False
C00581,รัตนา,ชาย,55+,B04,บางนา,2025-07-01,083-xxx-8493,False,False,False,True,6,875,2025-07-03,2026-07-18,บางนา,False
C00582,ธนา,หญิง,35-44,B01,สยาม,2025-12-14,084-xxx-4364,False,False,False,True,18,1790,2025-12-14,2026-09-14,สยาม,False
C00583,ภัทร,หญิง,25-34,B02,สีลม,2025-08-27,084-xxx-6591,False,False,False,True,6,918,2025-09-28,2026-01-23,สีลม,False
C00584,รัตนา,ชาย,35-44,B03,อารีย์,2025-12-17,082-xxx-9998,False,False,False,True,23,2412,2025-12-26,2026-09-05,อารีย์,False
C00585,มานพ,หญิง,18-24,B01,สยาม,2026-09-11,086-xxx-9431,False,False,False,False,0,0,,,,False
C00586,ธีร,ชาย,25-34,B05,มหาวิทยาลัย,2025-09-24,088-xxx-4308,False,False,False,True,3,395,2026-06-04,2026-08-07,มหาวิทยาลัย,False
C00587,สุดา,หญิง,35-44,B01,สยาม,2025-10-01,086-xxx-3788,False,False,False,True,6,1035,2025-10-17,2026-06-21,สยาม,False
C00588,อัญชลี,ชาย,25-34,B01,สยาม,2026-04-06,083-xxx-9099,False,False,False,True,9,880,2026-04-12,2026-07-09,สยาม,False
C00589,ปวีณ,หญิง,25-34,B05,มหาวิทยาลัย,2025-07-23,088-xxx-9195,False,False,False,True,16,2040,2025-08-09,2026-07-28,มหาวิทยาลัย,False
C00590,เกศ,หญิง,18-24,B01,สยาม,2026-02-01,089-xxx-3588,False,False,False,True,15,1655,2026-02-21,2026-08-24,สยาม,False
C00591,ปิยะ,หญิง,25-34,B05,มหาวิทยาลัย,2025-04-12,089-xxx-1959,False,False,False,True,14,1420,2025-04-17,2025-09-03,มหาวิทยาลัย,False
C00592,ธนา,ชาย,35-44,B03,อารีย์,2026-01-22,088-xxx-3249,False,False,False,True,4,310,2026-02-04,2026-04-11,อารีย์,False
C00593,ปวีณ,ไม่ระบุ,35-44,B03,อารีย์,2026-06-16,081-xxx-5105,False,False,False,False,0,0,,,,False
C00594,กิตติ,หญิง,18-24,B03,อารีย์,2026-04-07,081-xxx-1712,False,False,False,True,2,334,2026-04-09,2026-04-18,มหาวิทยาลัย,False
C00595,อัญชลี,หญิง,25-34,B05,มหาวิทยาลัย,2025-04-07,089-xxx-8040,False,False,False,False,0,0,,,,False
C00596,ศิริ,หญิง,25-34,B05,มหาวิทยาลัย,2025-06-15,089-xxx-7786,False,False,False,True,2,350,2025-06-17,2025-06-18,สีลม,False
C00597,ปวีณ,ชาย,25-34,B03,อารีย์,2026-04-29,082-xxx-4643,False,False,False,True,1,175,2026-05-13,2026-05-13,อารีย์,False
C00598,ธนา,หญิง,55+,B05,มหาวิทยาลัย,2025-06-22,089-xxx-5729,False,False,False,True,14,1455,2025-07-12,2026-06-22,มหาวิทยาลัย,False
C00599,กมล,ชาย,35-44,B05,มหาวิทยาลัย,2025-12-16,084-xxx-6893,False,False,False,False,0,0,,,,False
C00600,ปิยะ,หญิง,18-24,B05,มหาวิทยาลัย,2025-09-15,087-xxx-1266,False,False,False,True,6,914,2025-11-19,2026-06-18,มหาวิทยาลัย,False
C00601,สมชาย,หญิง,35-44,B03,อารีย์,2026-08-24,086-xxx-3488,False,False,False,True,1,95,2026-08-28,2026-08-28,อารีย์,False
C00602,ทิพย์,ชาย,18-24,B01,สยาม,2025-08-15,087-xxx-5021,False,False,False,True,5,635,2025-09-04,2025-10-05,สยาม,False
C00603,รัตนา,หญิง,25-34,B01,สยาม,2025-05-11,082-xxx-1164,False,False,False,True,15,1813,2025-05-25,2026-09-07,สยาม,False
C00604,ธนา,หญิง,25-34,B02,สีลม,2025-09-28,082-xxx-1687,True,False,False,True,5,1140,2025-10-12,2026-08-25,สีลม,False
C00605,สุดา,ชาย,25-34,B01,สยาม,2026-04-24,085-xxx-9347,False,False,False,True,2,711,2026-06-01,2026-06-08,สยาม,False
C00606,พิม,หญิง,25-34,B03,อารีย์,2026-06-27,083-xxx-9895,False,False,False,False,0,0,,,,False
C00607,สุดา,ชาย,25-34,B01,สยาม,2025-06-24,086-xxx-7140,False,False,False,True,2,190,2025-06-29,2025-09-27,สยาม,False
C00608,ภูมิ,หญิง,18-24,B02,สีลม,2025-04-11,083-xxx-7987,False,False,False,True,4,614,2025-05-15,2025-07-11,สีลม,False
C00609,อรุณ,ชาย,18-24,B01,สยาม,2026-07-10,086-xxx-2954,False,False,False,True,1,65,2026-09-13,2026-09-13,สยาม,False
C00610,อัญชลี,ชาย,25-34,B02,สีลม,2026-03-12,089-xxx-8142,False,False,False,True,2,269,2026-04-11,2026-04-17,สีลม,False
C00611,ศิริ,ชาย,25-34,B02,สีลม,2025-12-02,088-xxx-1843,False,False,False,True,7,1034,2025-12-16,2026-09-10,สีลม,False
C00612,ภัทร,หญิง,45-54,B03,อารีย์,2025-12-04,082-xxx-6279,False,False,False,True,12,1450,2025-12-23,2026-03-30,อารีย์,False
C00613,ภัทร,ชาย,ต่ำกว่า 18,B01,สยาม,2025-05-14,088-xxx-4127,False,True,False,True,8,1024,2025-05-14,2025-10-08,สยาม,False
C00614,วรรณ,ชาย,45-54,B05,มหาวิทยาลัย,2026-09-08,086-xxx-9110,False,False,False,False,0,0,,,,False
C00615,ศิริ,ชาย,18-24,B02,สีลม,2025-10-21,081-xxx-8619,True,False,False,True,6,472,2025-11-13,2026-09-07,สีลม,False
C00616,กมล,ชาย,35-44,B01,สยาม,2025-05-22,083-xxx-5383,False,False,False,True,7,915,2025-06-03,2026-07-26,สยาม,False
C00617,กิตติ,หญิง,25-34,B02,สีลม,2025-07-30,085-xxx-5075,False,False,False,False,0,0,,,,False
C00618,มานพ,ชาย,55+,B01,สยาม,2026-02-04,086-xxx-6223,False,False,False,False,0,0,,,,False
C00619,กมล,หญิง,18-24,B03,อารีย์,2026-08-26,089-xxx-6564,False,False,False,False,0,0,,,,False
C00620,เกศ,หญิง,18-24,B01,สยาม,2026-05-10,083-xxx-2638,False,False,False,False,0,0,,,,False
C00621,พิม,ชาย,25-34,B05,มหาวิทยาลัย,2026-05-09,083-xxx-2006,False,False,False,False,0,0,,,,False
C00622,นภัส,ชาย,35-44,B01,สยาม,2025-05-07,089-xxx-6631,False,False,False,True,4,990,2025-05-23,2025-08-05,สยาม,False
C00623,ชนา,ชาย,35-44,B03,อารีย์,2025-11-08,088-xxx-3800,False,False,False,True,3,320,2025-12-06,2026-01-10,อารีย์,False
C00624,ภัทร,หญิง,45-54,B02,สีลม,2025-09-25,088-xxx-6445,False,False,False,True,14,2317,2025-10-09,2026-07-13,สีลม,False
C00625,ภูมิ,ชาย,35-44,B02,สีลม,2025-12-02,087-xxx-5843,False,False,False,True,4,310,2026-05-13,2026-08-24,สีลม,False
C00626,รัตนา,ชาย,55+,B05,มหาวิทยาลัย,2026-01-15,088-xxx-2586,False,False,False,True,7,865,2026-02-02,2026-05-14,มหาวิทยาลัย,False
C00627,กมล,หญิง,ต่ำกว่า 18,B01,สยาม,2026-05-10,085-xxx-5234,False,True,False,True,10,1459,2026-05-10,2026-09-06,สยาม,False
C00628,สุดา,ชาย,25-34,B05,มหาวิทยาลัย,2026-06-19,081-xxx-8836,False,False,False,True,2,355,2026-07-08,2026-07-22,มหาวิทยาลัย,False
C00629,มานพ,ไม่ระบุ,18-24,B02,สีลม,2025-05-16,089-xxx-1440,False,False,False,True,3,355,2025-06-19,2025-07-05,สีลม,False
C00630,มานพ,หญิง,35-44,B04,บางนา,2025-11-17,085-xxx-7974,False,False,False,True,6,585,2025-12-14,2026-08-20,บางนา,False
C00631,กมล,หญิง,25-34,B01,สยาม,2026-08-13,082-xxx-3651,False,False,False,False,0,0,,,,False
C00632,อัญชลี,ชาย,25-34,B04,บางนา,2025-08-05,082-xxx-7987,False,False,False,True,11,1555,2025-08-09,2026-04-08,บางนา,False
C00633,ปิยะ,ชาย,18-24,B04,บางนา,2026-02-12,086-xxx-4447,False,False,False,True,4,405,2026-03-11,2026-05-12,บางนา,False
C00634,วรรณ,ชาย,45-54,B02,สีลม,2026-04-13,089-xxx-6088,False,False,False,True,2,343,2026-05-19,2026-08-24,สีลม,False
C00635,สุดา,ไม่ระบุ,25-34,B05,มหาวิทยาลัย,2026-09-13,083-xxx-3606,False,False,False,False,0,0,,,,False
C00636,สมชาย,ชาย,ต่ำกว่า 18,B04,บางนา,2025-04-16,083-xxx-9085,False,True,False,True,25,3648,2025-05-04,2026-08-03,บางนา,False
C00637,จิรา,ชาย,18-24,B05,มหาวิทยาลัย,2025-12-15,086-xxx-1988,False,False,False,True,6,484,2026-01-04,2026-07-24,มหาวิทยาลัย,False
C00638,วีระ,ชาย,25-34,B01,สยาม,2026-04-18,081-xxx-5078,False,False,False,True,2,180,2026-05-01,2026-06-20,สยาม,False
C00639,สุดา,หญิง,25-34,B04,บางนา,2025-11-28,086-xxx-5852,False,False,False,True,10,855,2026-01-02,2026-09-19,บางนา,False
C00640,พิม,หญิง,35-44,B03,อารีย์,2025-12-20,081-xxx-3544,False,False,False,True,4,723,2025-12-20,2026-01-21,สยาม,False
C00641,พิม,ชาย,18-24,B02,สีลม,2026-08-08,088-xxx-4523,False,False,False,False,0,0,,,,False
C00642,พิม,หญิง,18-24,B01,สยาม,2025-12-12,087-xxx-9563,False,False,False,True,8,1060,2026-01-17,2026-08-30,สยาม,False
C00643,มานพ,หญิง,25-34,B01,สยาม,2025-11-15,087-xxx-5616,False,False,False,True,3,350,2026-01-21,2026-07-11,สยาม,False
C00644,ภูมิ,หญิง,18-24,B05,มหาวิทยาลัย,2025-10-21,089-xxx-8341,False,False,False,True,2,375,2025-10-28,2025-11-03,มหาวิทยาลัย,False
C00645,ชนา,หญิง,35-44,B01,สยาม,2025-11-05,082-xxx-9100,False,False,False,True,10,1195,2025-12-28,2026-06-18,สยาม,False
C00646,สมชาย,ชาย,45-54,B01,สยาม,2025-09-21,089-xxx-5388,False,False,False,True,14,1659,2025-09-23,2026-09-08,สยาม,False
C00647,วรรณ,ชาย,25-34,B01,สยาม,2025-09-23,081-xxx-8345,False,False,False,True,9,1115,2025-10-05,2026-09-01,สยาม,False
C00648,ปวีณ,หญิง,18-24,B02,สีลม,2026-02-01,083-xxx-1412,False,False,False,True,8,705,2026-02-02,2026-09-17,สีลม,False
C00649,กิตติ,ชาย,45-54,B01,สยาม,2025-05-19,081-xxx-9550,False,False,False,True,1,55,2025-06-03,2025-06-03,สยาม,False
C00650,ธีร,หญิง,55+,B01,สยาม,2025-12-09,082-xxx-5002,False,False,False,True,9,1387,2026-01-11,2026-08-01,สยาม,False
C00651,ปิยะ,ชาย,25-34,B01,สยาม,2026-03-12,089-xxx-2928,False,False,False,True,1,89,2026-08-23,2026-08-23,สยาม,False
C00652,อัญชลี,ชาย,35-44,B03,อารีย์,2026-08-01,086-xxx-1877,False,False,False,True,1,65,2026-08-11,2026-08-11,อารีย์,False
C00653,กิตติ,หญิง,18-24,B05,มหาวิทยาลัย,2026-08-10,089-xxx-4416,False,False,False,True,2,444,2026-08-11,2026-08-14,มหาวิทยาลัย,False
C00654,กิตติ,หญิง,35-44,B05,มหาวิทยาลัย,2026-03-24,087-xxx-5783,False,False,False,False,0,0,,,,False
C00655,เกศ,ชาย,18-24,B01,สยาม,2026-03-06,089-xxx-8562,False,False,False,True,11,1434,2026-03-09,2026-08-31,สยาม,False
C00656,สมชาย,หญิง,35-44,B03,อารีย์,2026-03-20,087-xxx-6778,True,False,False,True,12,1010,2026-03-20,2026-09-03,อารีย์,False
C00657,มานพ,ชาย,18-24,B04,บางนา,2025-04-21,085-xxx-3479,False,False,False,True,1,195,2025-06-06,2025-06-06,บางนา,False
C00658,นภัส,ชาย,25-34,B01,สยาม,2025-05-06,085-xxx-9699,False,False,False,True,15,2459,2025-05-13,2026-07-10,สยาม,False
C00659,กิตติ,ชาย,25-34,B05,มหาวิทยาลัย,2025-10-30,087-xxx-5199,False,False,False,True,7,665,2025-11-03,2026-07-19,มหาวิทยาลัย,False
C00660,ปวีณ,ชาย,45-54,B05,มหาวิทยาลัย,2025-04-13,085-xxx-8453,False,False,False,True,21,2523,2025-04-21,2026-07-21,มหาวิทยาลัย,False
C00661,อรุณ,หญิง,25-34,B02,สีลม,2026-02-28,089-xxx-8849,False,False,False,True,3,305,2026-03-26,2026-07-14,สีลม,False
C00662,จิรา,ชาย,25-34,B05,มหาวิทยาลัย,2025-05-26,086-xxx-1068,False,False,False,True,2,185,2025-07-01,2025-07-21,มหาวิทยาลัย,False
C00663,วรรณ,หญิง,18-24,B03,อารีย์,2026-07-25,086-xxx-2599,False,False,False,False,0,0,,,,False
C00664,ทิพย์,หญิง,25-34,B02,สีลม,2026-06-23,089-xxx-6114,False,False,False,True,1,95,2026-07-16,2026-07-16,สีลม,False
C00665,สุดา,ไม่ระบุ,25-34,B01,สยาม,2025-07-05,081-xxx-4719,False,False,False,True,12,2270,2025-07-12,2026-06-20,สยาม,False
C00666,สุดา,หญิง,25-34,B04,บางนา,2025-08-22,089-xxx-1638,False,False,False,True,9,1360,2025-09-01,2026-03-27,บางนา,False
C00667,ธีร,หญิง,25-34,B02,สีลม,2026-01-29,082-xxx-4177,False,False,False,True,1,90,2026-07-20,2026-07-20,สีลม,False
C00668,วีระ,ชาย,55+,B02,สีลม,2026-01-14,085-xxx-4571,False,False,False,False,0,0,,,,False
C00669,นภัส,ชาย,18-24,B04,บางนา,2026-03-22,083-xxx-7778,False,False,False,True,3,315,2026-04-22,2026-09-06,บางนา,False
C00670,อรุณ,หญิง,25-34,B04,บางนา,2025-12-30,084-xxx-1578,False,False,False,True,8,891,2026-03-14,2026-09-08,บางนา,False
C00671,ศิริ,ไม่ระบุ,ต่ำกว่า 18,B05,มหาวิทยาลัย,2025-12-12,084-xxx-8603,False,True,False,True,3,400,2026-02-19,2026-07-18,มหาวิทยาลัย,False
C00672,จิรา,ชาย,18-24,B02,สีลม,2025-10-20,082-xxx-9698,False,False,False,True,5,524,2025-10-30,2026-06-04,สีลม,False
C00673,เกศ,ชาย,18-24,B02,สีลม,2025-08-01,089-xxx-7917,False,False,False,False,0,0,,,,False
C00674,วีระ,ชาย,55+,B01,สยาม,2026-01-23,081-xxx-2349,False,False,False,True,1,285,2026-02-13,2026-02-13,มหาวิทยาลัย,False
C00675,สมชาย,หญิง,45-54,B05,มหาวิทยาลัย,2026-04-05,081-xxx-8459,False,False,False,False,0,0,,,,False
C00676,เกศ,หญิง,ต่ำกว่า 18,B04,บางนา,2026-06-13,081-xxx-9504,False,True,False,True,10,1435,2026-06-16,2026-09-18,บางนา,False
C00677,ศิริ,หญิง,35-44,B01,สยาม,2025-12-31,082-xxx-1137,False,False,False,True,8,750,2026-01-15,2026-04-25,สยาม,False
C00678,ธีร,หญิง,18-24,B01,สยาม,2026-02-27,083-xxx-3403,False,False,False,True,1,319,2026-03-06,2026-03-06,สยาม,False
C00679,ชนา,หญิง,25-34,B02,สีลม,2026-06-18,086-xxx-1658,False,False,False,True,1,145,2026-09-01,2026-09-01,สีลม,False
C00680,กิตติ,หญิง,25-34,B01,สยาม,2026-03-21,086-xxx-8667,False,False,False,True,3,260,2026-06-22,2026-08-05,สยาม,False
C00681,กมล,หญิง,35-44,B02,สีลม,2026-01-20,089-xxx-9137,False,False,False,False,0,0,,,,False
C00682,กิตติ,หญิง,25-34,B03,อารีย์,2026-08-30,088-xxx-4723,False,False,False,True,1,75,2026-08-30,2026-08-30,อารีย์,False
C00683,ชนา,ชาย,35-44,B02,สีลม,2025-11-23,088-xxx-2053,False,False,False,False,0,0,,,,False
C00684,จิรา,ชาย,35-44,B02,สีลม,2026-02-08,088-xxx-9153,False,False,False,True,1,259,2026-02-20,2026-02-20,สีลม,False
C00685,ชนา,หญิง,45-54,B03,อารีย์,2026-02-13,084-xxx-9947,False,False,False,True,3,235,2026-02-27,2026-03-29,อารีย์,False
C00686,ศิริ,ชาย,35-44,B04,บางนา,2025-09-10,084-xxx-8555,False,False,False,True,8,1519,2025-09-11,2026-02-07,บางนา,False
C00687,อัญชลี,ชาย,35-44,B04,บางนา,2026-05-29,085-xxx-6248,False,False,False,True,1,95,2026-07-11,2026-07-11,บางนา,False
C00688,รัตนา,หญิง,25-34,B04,บางนา,2025-04-07,089-xxx-9191,False,False,False,True,2,140,2025-05-01,2025-05-16,บางนา,False
C00689,ชนา,ชาย,25-34,B05,มหาวิทยาลัย,2025-11-02,086-xxx-9155,False,False,False,True,2,229,2025-11-21,2026-07-10,มหาวิทยาลัย,False
C00690,วรรณ,ชาย,18-24,B04,บางนา,2025-08-23,089-xxx-7673,False,False,False,True,10,964,2025-09-23,2026-08-22,บางนา,False
C00691,กิตติ,หญิง,35-44,B02,สีลม,2026-04-30,086-xxx-7751,False,False,False,True,9,1624,2026-05-05,2026-09-15,สีลม,False
C00692,ศิริ,ชาย,18-24,B05,มหาวิทยาลัย,2026-01-22,086-xxx-1004,False,False,False,False,0,0,,,,False
C00693,อัญชลี,ชาย,18-24,B04,บางนา,2026-08-13,087-xxx-8801,False,False,False,False,0,0,,,,False
C00694,กมล,หญิง,25-34,B04,บางนา,2026-07-14,081-xxx-1657,False,False,False,True,2,115,2026-08-19,2026-09-01,บางนา,False
C00695,ชนา,ชาย,25-34,B05,มหาวิทยาลัย,2025-07-19,083-xxx-6284,False,False,False,True,2,409,2025-07-23,2025-07-31,มหาวิทยาลัย,False
C00696,ภูมิ,ชาย,55+,B05,มหาวิทยาลัย,2025-05-17,089-xxx-1657,False,False,False,True,14,2310,2025-05-17,2026-08-07,มหาวิทยาลัย,False
C00697,วีระ,ชาย,35-44,B02,สีลม,2025-11-22,083-xxx-7511,False,False,False,True,17,2116,2025-12-09,2026-08-03,สีลม,False
C00698,จิรา,หญิง,25-34,B01,สยาม,2025-06-19,085-xxx-3460,False,False,False,True,17,2215,2025-07-18,2026-08-11,สยาม,False
C00699,รัตนา,ชาย,55+,B04,บางนา,2026-05-20,084-xxx-6724,False,False,False,True,4,493,2026-06-06,2026-09-16,บางนา,False
C00700,นภัส,ชาย,55+,B05,มหาวิทยาลัย,2025-10-30,087-xxx-4651,False,False,False,True,4,610,2026-01-02,2026-08-13,มหาวิทยาลัย,False
C00701,นภัส,หญิง,25-34,B01,สยาม,2025-04-01,087-xxx-6012,False,False,False,True,8,803,2025-04-01,2025-07-04,สยาม,False
C00702,ธนา,หญิง,18-24,B02,สีลม,2025-09-09,083-xxx-5440,False,False,False,True,5,779,2025-11-26,2026-09-04,สีลม,False
C00703,อัญชลี,ชาย,25-34,B01,สยาม,2025-11-13,086-xxx-7415,False,False,False,True,9,820,2025-12-05,2026-07-10,สยาม,False
C00704,ทิพย์,หญิง,45-54,B03,อารีย์,2026-02-21,081-xxx-7161,False,False,False,True,6,580,2026-02-22,2026-09-13,อารีย์,False
C00705,กิตติ,หญิง,35-44,B05,มหาวิทยาลัย,2026-09-09,084-xxx-9415,False,False,False,False,0,0,,,,False
C00706,สมชาย,หญิง,18-24,B01,สยาม,2025-11-19,082-xxx-7898,False,False,False,True,1,75,2026-07-29,2026-07-29,สยาม,False
C00707,ธีร,หญิง,25-34,B05,มหาวิทยาลัย,2025-09-11,089-xxx-4137,False,False,False,True,8,1105,2025-10-07,2026-07-04,มหาวิทยาลัย,False
C00708,กิตติ,ชาย,35-44,B04,บางนา,2026-03-24,086-xxx-1999,False,False,False,True,2,145,2026-05-17,2026-08-11,บางนา,False
C00709,กมล,หญิง,25-34,B02,สีลม,2025-12-16,087-xxx-8168,False,False,False,True,17,2111,2025-12-17,2026-09-15,สีลม,False
C00710,สมชาย,หญิง,25-34,B05,มหาวิทยาลัย,2025-07-18,089-xxx-5268,False,False,False,True,2,240,2025-07-20,2025-10-20,มหาวิทยาลัย,False
C00711,มานพ,หญิง,55+,B05,มหาวิทยาลัย,2025-07-27,087-xxx-7867,False,False,False,True,2,335,2025-08-04,2025-08-11,มหาวิทยาลัย,False
C00712,สมชาย,ไม่ระบุ,18-24,B05,มหาวิทยาลัย,2026-04-27,087-xxx-2866,False,False,False,False,0,0,,,,False
C00713,รัตนา,หญิง,35-44,B04,บางนา,2025-07-29,086-xxx-4454,False,False,False,True,10,1512,2025-09-14,2026-06-29,บางนา,False
C00714,สมชาย,ชาย,45-54,B02,สีลม,2026-01-12,085-xxx-5323,False,False,False,True,3,320,2026-02-28,2026-09-12,สยาม,False
C00715,อัญชลี,หญิง,25-34,B05,มหาวิทยาลัย,2025-04-10,089-xxx-6193,False,False,False,True,9,1155,2025-06-01,2026-04-29,มหาวิทยาลัย,False
C00716,ปิยะ,หญิง,25-34,B04,บางนา,2025-05-02,081-xxx-4728,False,False,False,True,1,55,2025-06-02,2025-06-02,บางนา,False
C00717,อรุณ,ชาย,25-34,B05,มหาวิทยาลัย,2026-06-08,088-xxx-7498,False,False,False,False,0,0,,,,False
C00718,ธีร,ชาย,25-34,B01,สยาม,2026-07-19,086-xxx-3100,False,False,False,True,2,125,2026-08-21,2026-09-01,สยาม,False
C00719,สุดา,ชาย,35-44,B04,บางนา,2025-11-26,088-xxx-8917,False,False,False,True,13,1259,2025-12-17,2026-04-29,บางนา,False
C00720,รัตนา,หญิง,35-44,B05,มหาวิทยาลัย,2025-10-19,081-xxx-6295,False,False,False,True,7,954,2025-10-27,2026-08-20,มหาวิทยาลัย,False
C00721,กิตติ,ชาย,25-34,B01,สยาม,2026-03-13,089-xxx-3837,False,False,False,True,4,440,2026-03-31,2026-07-28,สยาม,False
C00722,ณัฐ,ชาย,25-34,B03,อารีย์,2026-06-27,083-xxx-7139,False,False,False,True,1,75,2026-07-11,2026-07-11,อารีย์,False
C00723,นภัส,ชาย,35-44,B01,สยาม,2025-10-23,081-xxx-8741,False,False,False,True,4,695,2025-12-16,2026-09-01,สยาม,False
C00724,เกศ,ไม่ระบุ,18-24,B01,สยาม,2026-03-21,083-xxx-3378,False,False,False,True,3,405,2026-03-25,2026-04-15,สยาม,False
C00725,ปวีณ,ชาย,25-34,B02,สีลม,2025-12-06,084-xxx-2030,False,False,False,True,3,299,2025-12-09,2026-01-12,สีลม,False
C00726,ธนา,ชาย,55+,B04,บางนา,2025-08-26,082-xxx-7571,False,False,False,True,9,1014,2025-09-09,2026-04-25,บางนา,False
C00727,ชนา,ไม่ระบุ,25-34,B03,อารีย์,2025-12-28,081-xxx-6463,False,False,False,True,2,219,2026-01-08,2026-01-24,อารีย์,False
C00728,อัญชลี,ชาย,35-44,B04,บางนา,2026-04-03,085-xxx-3971,False,False,False,True,5,620,2026-04-09,2026-09-20,บางนา,False
C00729,ทิพย์,ชาย,25-34,B02,สีลม,2025-04-14,088-xxx-4131,False,False,False,True,5,395,2025-05-12,2025-07-02,สีลม,False
C00730,ชนา,หญิง,18-24,B03,อารีย์,2025-11-22,082-xxx-6736,False,False,False,True,9,862,2025-11-29,2026-04-10,อารีย์,False
C00731,ศิริ,หญิง,25-34,B02,สีลม,2025-09-08,083-xxx-3274,False,False,False,True,8,1129,2025-09-29,2026-03-25,สีลม,False
C00732,กิตติ,ชาย,35-44,B02,สีลม,2025-07-24,088-xxx-3188,False,False,False,True,11,1233,2025-07-26,2026-08-15,สีลม,False
C00733,วีระ,ชาย,25-34,B05,มหาวิทยาลัย,2025-11-17,085-xxx-5146,False,False,False,False,0,0,,,,False
C00734,รัตนา,หญิง,35-44,B02,สีลม,2026-07-25,082-xxx-5194,False,False,False,False,0,0,,,,False
C00735,ภัทร,หญิง,25-34,B05,มหาวิทยาลัย,2025-10-24,088-xxx-3216,False,False,False,True,3,559,2025-11-07,2026-03-17,มหาวิทยาลัย,False
C00736,ธีร,หญิง,18-24,B04,บางนา,2025-05-24,082-xxx-8994,False,False,False,True,2,280,2025-06-11,2025-06-17,บางนา,False
C00737,มานพ,หญิง,18-24,B05,มหาวิทยาลัย,2026-06-10,085-xxx-4361,False,False,False,True,3,510,2026-08-19,2026-09-09,มหาวิทยาลัย,False
C00738,มานพ,ชาย,55+,B04,บางนา,2026-04-12,086-xxx-9098,False,False,False,True,3,330,2026-04-23,2026-06-02,บางนา,False
C00739,กิตติ,ไม่ระบุ,25-34,B05,มหาวิทยาลัย,2025-05-08,083-xxx-7692,False,False,False,True,9,815,2025-06-10,2026-07-28,มหาวิทยาลัย,False
C00740,ธนา,หญิง,35-44,B03,อารีย์,2026-07-30,089-xxx-7545,False,False,False,True,4,589,2026-08-02,2026-09-09,อารีย์,False
C00741,ณัฐ,ชาย,25-34,B02,สีลม,2026-04-21,081-xxx-8301,False,False,False,False,0,0,,,,False
C00742,วรรณ,หญิง,25-34,B02,สีลม,2025-11-28,085-xxx-2673,False,False,False,True,6,610,2025-12-09,2026-08-03,สีลม,False
C00743,รัตนา,ชาย,45-54,B05,มหาวิทยาลัย,2025-04-18,081-xxx-1209,False,False,False,True,9,1133,2025-08-07,2026-09-08,มหาวิทยาลัย,False
C00744,กมล,หญิง,18-24,B02,สีลม,2025-04-27,086-xxx-2790,False,False,False,True,5,530,2025-05-19,2025-09-16,สีลม,False
C00745,สมชาย,ชาย,25-34,B05,มหาวิทยาลัย,2025-11-06,086-xxx-9000,False,False,False,False,0,0,,,,False
C00746,ชนา,หญิง,18-24,B05,มหาวิทยาลัย,2026-06-30,082-xxx-4197,False,False,False,False,0,0,,,,False
C00747,กิตติ,ชาย,55+,B05,มหาวิทยาลัย,2026-06-26,086-xxx-8364,False,False,False,True,2,120,2026-07-06,2026-08-05,มหาวิทยาลัย,False
C00748,ธนา,หญิง,45-54,B01,สยาม,2026-04-19,085-xxx-5359,False,False,False,True,2,225,2026-08-02,2026-08-14,สยาม,False
C00749,อรุณ,หญิง,25-34,B05,มหาวิทยาลัย,2026-05-22,085-xxx-9481,False,False,False,True,5,565,2026-05-29,2026-08-30,มหาวิทยาลัย,False
C00750,จิรา,ชาย,18-24,B03,อารีย์,2026-04-25,086-xxx-5664,False,False,False,True,5,573,2026-04-30,2026-07-26,อารีย์,False
C00751,ปิยะ,ชาย,25-34,B03,อารีย์,2026-09-03,087-xxx-1199,False,False,False,False,0,0,,,,False
C00752,ชนา,หญิง,45-54,B05,มหาวิทยาลัย,2025-06-28,089-xxx-1458,False,False,False,True,12,1484,2025-07-03,2026-09-12,มหาวิทยาลัย,False
C00753,ภัทร,ชาย,35-44,B01,สยาม,2025-08-01,086-xxx-2116,False,False,False,True,12,1594,2025-08-12,2026-09-05,สยาม,False
C00754,รัตนา,หญิง,45-54,B03,อารีย์,2026-06-25,085-xxx-6640,False,False,False,True,1,65,2026-08-01,2026-08-01,อารีย์,False
C00755,สุดา,หญิง,45-54,B03,อารีย์,2026-06-12,088-xxx-6441,False,False,False,True,13,2174,2026-06-12,2026-09-02,อารีย์,False
C00756,พิม,หญิง,18-24,B01,สยาม,2026-05-14,089-xxx-8241,False,False,False,True,6,765,2026-05-24,2026-09-15,สยาม,False
C00757,อัญชลี,ชาย,25-34,B05,มหาวิทยาลัย,2025-05-26,086-xxx-3645,False,False,False,True,2,150,2025-06-13,2025-06-18,มหาวิทยาลัย,False
C00758,ทิพย์,ชาย,18-24,B02,สีลม,2025-08-01,088-xxx-7705,False,False,False,True,13,1923,2025-09-08,2026-06-22,สีลม,False
C00759,อรุณ,ชาย,18-24,B01,สยาม,2025-04-03,082-xxx-8876,False,False,False,True,6,828,2025-04-04,2025-11-02,สยาม,False
C00760,อัญชลี,ชาย,18-24,B02,สีลม,2025-05-18,084-xxx-2827,False,False,False,True,23,3307,2025-05-31,2026-09-09,สีลม,False
C00761,ธนา,ชาย,55+,B05,มหาวิทยาลัย,2025-08-01,088-xxx-8751,False,False,False,True,5,564,2025-08-04,2026-09-19,มหาวิทยาลัย,False
C00762,กมล,ชาย,45-54,B01,สยาม,2026-05-24,083-xxx-8661,False,False,False,True,1,85,2026-05-26,2026-05-26,สยาม,False
C00763,ศิริ,หญิง,45-54,B03,อารีย์,2026-05-16,086-xxx-4681,False,False,False,True,7,549,2026-07-01,2026-09-09,อารีย์,False
C00764,กิตติ,ชาย,18-24,B01,สยาม,2026-07-24,087-xxx-7716,False,False,False,True,1,60,2026-07-24,2026-07-24,สยาม,False
C00765,วรรณ,ชาย,18-24,B01,สยาม,2025-05-09,081-xxx-9387,True,False,False,True,14,1980,2025-05-27,2026-09-10,สยาม,False
C00766,จิรา,หญิง,18-24,B05,มหาวิทยาลัย,2025-12-25,083-xxx-9892,False,False,False,False,0,0,,,,False
C00767,อรุณ,หญิง,25-34,B04,บางนา,2025-09-10,088-xxx-5848,False,False,False,True,10,1010,2025-09-14,2026-03-16,บางนา,False
C00768,ภัทร,ชาย,45-54,B04,บางนา,2025-06-15,084-xxx-4545,False,False,False,True,9,1070,2025-06-22,2026-08-02,บางนา,False
C00769,สมชาย,หญิง,25-34,B05,มหาวิทยาลัย,2025-05-11,088-xxx-7744,True,False,False,True,1,65,2025-06-13,2025-06-13,มหาวิทยาลัย,False
C00770,ปวีณ,ชาย,25-34,B04,บางนา,2026-03-09,085-xxx-8296,False,False,False,True,10,1594,2026-03-17,2026-08-21,บางนา,False
C00771,ทิพย์,ชาย,45-54,B01,สยาม,2025-08-20,086-xxx-7973,False,False,False,True,14,1724,2025-09-04,2026-09-17,สยาม,False
C00772,ภูมิ,ชาย,25-34,B03,อารีย์,2026-04-01,083-xxx-5988,False,False,False,True,1,70,2026-07-28,2026-07-28,อารีย์,False
C00773,พิม,ชาย,45-54,B04,บางนา,2025-11-07,084-xxx-7038,False,False,False,True,2,369,2025-11-15,2025-11-25,บางนา,False
C00774,วีระ,หญิง,55+,B02,สีลม,2025-12-27,089-xxx-9520,False,False,False,True,2,165,2026-02-18,2026-02-18,สีลม,False
C00775,ธีร,หญิง,25-34,B05,มหาวิทยาลัย,2025-09-13,086-xxx-3293,False,False,False,False,0,0,,,,False
C00776,ทิพย์,ชาย,35-44,B05,มหาวิทยาลัย,2025-11-04,088-xxx-1506,False,False,False,True,21,3500,2025-11-04,2026-08-29,มหาวิทยาลัย,False
C00777,ปิยะ,ชาย,35-44,B03,อารีย์,2026-04-06,083-xxx-5976,False,False,False,True,7,800,2026-04-10,2026-08-02,อารีย์,False
C00778,สมชาย,ชาย,18-24,B02,สีลม,2025-05-03,088-xxx-6605,False,False,False,True,7,1039,2025-06-02,2026-05-15,สีลม,False
C00779,วีระ,ชาย,25-34,B04,บางนา,2026-08-24,085-xxx-4916,False,False,False,False,0,0,,,,False
C00780,อัญชลี,ไม่ระบุ,18-24,B03,อารีย์,2026-03-02,081-xxx-3332,False,False,False,True,5,420,2026-03-27,2026-07-11,อารีย์,False
C00781,ศิริ,ชาย,55+,B01,สยาม,2025-05-24,086-xxx-1883,False,False,False,True,6,1152,2025-06-05,2025-11-16,สยาม,False
C00782,กมล,ชาย,25-34,B03,อารีย์,2026-02-07,083-xxx-4139,False,False,False,True,8,994,2026-02-16,2026-09-14,อารีย์,False
C00783,ธนา,ชาย,25-34,B05,มหาวิทยาลัย,2026-02-04,083-xxx-8369,False,False,False,False,0,0,,,,False
C00784,ชนา,หญิง,18-24,B04,บางนา,2026-05-19,085-xxx-2702,False,False,False,True,3,458,2026-07-31,2026-08-02,บางนา,False
C00785,ธีร,หญิง,45-54,B04,บางนา,2025-06-26,081-xxx-3642,False,False,False,True,5,630,2025-08-08,2026-01-07,บางนา,False
C00786,ณัฐ,ชาย,25-34,B01,สยาม,2026-08-07,089-xxx-3897,False,False,False,False,0,0,,,,False
C00787,ปวีณ,ชาย,18-24,B05,มหาวิทยาลัย,2025-08-21,083-xxx-1020,False,False,False,True,1,240,2025-10-08,2025-10-08,สยาม,False
C00788,อัญชลี,ไม่ระบุ,25-34,B02,สีลม,2025-10-13,082-xxx-4084,False,False,False,True,2,217,2025-11-13,2026-03-20,สีลม,False
C00789,เกศ,หญิง,25-34,B01,สยาม,2025-09-23,083-xxx-9412,False,False,False,True,17,2474,2025-09-26,2026-09-18,สยาม,False
C00790,ปิยะ,หญิง,25-34,B04,บางนา,2026-04-15,089-xxx-1390,False,False,False,True,9,1187,2026-05-30,2026-08-12,บางนา,False
C00791,วรรณ,หญิง,25-34,B04,บางนา,2026-03-16,083-xxx-9243,False,False,False,True,2,305,2026-03-21,2026-03-29,บางนา,False
C00792,มานพ,หญิง,18-24,B01,สยาม,2025-08-10,086-xxx-5855,False,False,False,True,11,1520,2025-10-10,2026-09-09,สยาม,False
C00793,สมชาย,หญิง,18-24,B05,มหาวิทยาลัย,2026-06-24,086-xxx-3403,False,False,False,True,3,210,2026-07-09,2026-08-18,มหาวิทยาลัย,False
C00794,สมชาย,หญิง,18-24,B04,บางนา,2025-06-06,083-xxx-5536,False,False,False,True,2,230,2025-06-06,2025-06-23,สยาม,False
C00795,กิตติ,ไม่ระบุ,25-34,B02,สีลม,2025-12-23,082-xxx-5546,False,False,False,True,1,60,2025-12-30,2025-12-30,สีลม,False
C00796,กิตติ,ชาย,35-44,B01,สยาม,2025-04-21,084-xxx-7158,False,False,False,True,11,1771,2025-05-01,2026-07-18,สยาม,False
C00797,สุดา,หญิง,18-24,B01,สยาม,2025-11-22,082-xxx-6223,False,False,False,True,4,470,2025-12-22,2026-02-09,สยาม,False
C00798,กิตติ,ชาย,25-34,B02,สีลม,2026-01-04,085-xxx-4666,False,False,False,True,16,1867,2026-01-06,2026-07-01,สีลม,False
C00799,ภัทร,หญิง,35-44,B02,สีลม,2026-04-21,082-xxx-8183,False,False,False,True,1,89,2026-04-22,2026-04-22,สีลม,False
C00800,มานพ,หญิง,18-24,B01,สยาม,2026-06-30,085-xxx-7442,False,False,False,True,1,55,2026-08-31,2026-08-31,สยาม,False
C00801,ชนา,ชาย,35-44,B03,อารีย์,2026-05-13,086-xxx-8976,False,False,False,True,4,630,2026-07-13,2026-08-02,อารีย์,False
C00802,มานพ,ชาย,18-24,B02,สีลม,2025-09-09,086-xxx-6319,False,False,False,True,6,964,2025-09-23,2026-08-01,สีลม,False
C00803,กิตติ,ชาย,35-44,B05,มหาวิทยาลัย,2026-01-16,086-xxx-9827,False,False,False,True,7,685,2026-01-23,2026-09-04,มหาวิทยาลัย,False
C00804,ชนา,หญิง,25-34,B05,มหาวิทยาลัย,2026-05-25,082-xxx-5656,False,False,False,True,8,994,2026-05-27,2026-08-11,มหาวิทยาลัย,False
C00805,ณัฐ,หญิง,25-34,B05,มหาวิทยาลัย,2026-01-15,087-xxx-4516,False,False,False,True,4,533,2026-02-03,2026-06-13,มหาวิทยาลัย,False
C00806,รัตนา,หญิง,18-24,B01,สยาม,2026-04-08,082-xxx-1106,False,False,False,True,3,285,2026-04-20,2026-05-26,สยาม,False
C00807,มานพ,ชาย,45-54,B01,สยาม,2025-05-17,086-xxx-5781,False,False,False,True,18,1964,2025-06-02,2026-09-07,สยาม,False
C00808,ศิริ,ชาย,25-34,B03,อารีย์,2026-05-17,085-xxx-1318,False,False,False,True,3,205,2026-05-23,2026-09-15,อารีย์,False
C00809,ธนา,ชาย,25-34,B02,สีลม,2025-07-06,088-xxx-5383,False,False,False,True,10,1196,2025-09-22,2026-09-17,สีลม,False
C00810,มานพ,ไม่ระบุ,45-54,B04,บางนา,2026-02-16,084-xxx-8386,False,False,False,True,4,529,2026-03-13,2026-08-30,บางนา,False
C00811,สุดา,หญิง,18-24,B03,อารีย์,2026-08-19,083-xxx-4738,False,False,False,True,1,60,2026-09-12,2026-09-12,อารีย์,False
C00812,ชนา,ชาย,45-54,B03,อารีย์,2026-01-15,087-xxx-5941,False,False,False,True,7,660,2026-01-21,2026-05-16,อารีย์,False
C00813,จิรา,ไม่ระบุ,18-24,B02,สีลม,2026-06-10,089-xxx-6805,False,False,False,True,3,305,2026-07-13,2026-08-02,สีลม,False
C00814,อรุณ,หญิง,45-54,B01,สยาม,2026-07-14,086-xxx-2026,False,False,False,True,1,75,2026-08-28,2026-08-28,สยาม,False
C00815,สุดา,หญิง,18-24,B02,สีลม,2025-05-06,085-xxx-1217,False,False,False,True,10,1537,2025-05-14,2026-01-26,สีลม,False
C00816,ชนา,หญิง,45-54,B01,สยาม,2026-02-24,084-xxx-3384,False,False,False,True,3,544,2026-04-04,2026-07-14,สยาม,False
C00817,ปิยะ,ชาย,ต่ำกว่า 18,B05,มหาวิทยาลัย,2026-03-04,088-xxx-1930,False,True,False,True,5,619,2026-03-21,2026-07-30,มหาวิทยาลัย,False
C00818,เกศ,ชาย,25-34,B01,สยาม,2026-09-14,083-xxx-1971,False,False,False,False,0,0,,,,False
C00819,นภัส,หญิง,35-44,B02,สีลม,2026-02-19,087-xxx-6457,False,False,False,True,3,279,2026-02-25,2026-03-16,สีลม,False
C00820,ภูมิ,ชาย,18-24,B02,สีลม,2026-03-11,081-xxx-9916,False,False,False,False,0,0,,,,False
C00821,อรุณ,หญิง,18-24,B01,สยาม,2026-03-15,087-xxx-4168,False,False,False,True,2,250,2026-03-23,2026-04-06,สยาม,False
C00822,วีระ,ชาย,25-34,B02,สีลม,2025-06-20,087-xxx-8776,False,False,False,True,10,2020,2025-08-11,2026-03-28,สีลม,False
C00823,ณัฐ,หญิง,25-34,B04,บางนา,2025-06-29,086-xxx-1069,False,False,False,True,4,300,2025-07-09,2025-09-10,บางนา,False
C00824,ธีร,ชาย,18-24,B02,สีลม,2026-03-08,089-xxx-1372,True,False,False,True,4,345,2026-07-06,2026-08-25,สีลม,False
C00825,พิม,หญิง,18-24,B02,สีลม,2025-04-03,086-xxx-5796,False,False,False,True,18,2232,2025-04-03,2026-08-24,สีลม,False
C00826,เกศ,ชาย,25-34,B05,มหาวิทยาลัย,2025-06-29,084-xxx-2524,False,False,False,True,3,560,2025-07-03,2025-09-23,มหาวิทยาลัย,False
C00827,เกศ,หญิง,25-34,B02,สีลม,2025-08-06,084-xxx-6169,False,False,False,True,27,4032,2025-08-24,2026-09-18,สีลม,False
C00828,รัตนา,ชาย,35-44,B01,สยาม,2025-11-16,087-xxx-3825,False,False,False,True,16,2959,2025-11-17,2026-09-02,สยาม,False
C00829,สมชาย,ชาย,18-24,B03,อารีย์,2026-07-19,085-xxx-6401,False,False,False,False,0,0,,,,False
C00830,ปิยะ,หญิง,25-34,B05,มหาวิทยาลัย,2025-11-20,082-xxx-1664,False,False,False,True,5,609,2025-12-02,2026-08-05,มหาวิทยาลัย,False
C00831,สมชาย,ชาย,35-44,B03,อารีย์,2026-07-21,083-xxx-1618,False,False,False,True,1,65,2026-08-30,2026-08-30,อารีย์,False
C00832,อัญชลี,หญิง,25-34,B01,สยาม,2025-07-03,083-xxx-1360,False,False,False,True,15,1949,2025-08-09,2026-06-14,สยาม,False
C00833,ภูมิ,หญิง,35-44,B04,บางนา,2025-04-10,083-xxx-7933,False,False,False,True,23,2973,2025-04-12,2026-02-08,บางนา,False
C00834,มานพ,หญิง,18-24,B03,อารีย์,2026-07-26,084-xxx-5560,False,False,False,True,7,745,2026-07-26,2026-09-03,อารีย์,False
C00835,ภัทร,หญิง,35-44,B01,สยาม,2025-12-07,085-xxx-7788,False,False,False,True,1,145,2026-02-10,2026-02-10,สยาม,False
C00836,พิม,หญิง,18-24,B04,บางนา,2025-06-11,083-xxx-9561,False,False,False,True,11,1190,2025-06-20,2026-06-01,บางนา,False
C00837,ปิยะ,ชาย,25-34,B04,บางนา,2026-04-25,082-xxx-7951,False,False,False,True,6,685,2026-05-30,2026-09-03,บางนา,False
C00838,ปิยะ,หญิง,25-34,B05,มหาวิทยาลัย,2026-05-05,087-xxx-6043,False,False,False,True,2,120,2026-06-15,2026-06-28,มหาวิทยาลัย,False
C00839,ภัทร,ชาย,18-24,B02,สีลม,2026-04-18,085-xxx-4493,False,False,False,True,3,380,2026-04-25,2026-08-19,สีลม,False
C00840,กิตติ,ชาย,18-24,B05,มหาวิทยาลัย,2026-01-03,088-xxx-8466,False,False,False,True,6,748,2026-01-06,2026-09-04,มหาวิทยาลัย,False
C00841,มานพ,ชาย,18-24,B03,อารีย์,2026-07-04,085-xxx-7572,False,False,False,False,0,0,,,,False
C00842,กิตติ,หญิง,18-24,B04,บางนา,2026-04-15,085-xxx-9289,False,False,False,True,7,555,2026-05-23,2026-09-16,บางนา,False
C00843,สมชาย,หญิง,35-44,B05,มหาวิทยาลัย,2026-01-05,085-xxx-2724,False,False,False,True,2,210,2026-06-05,2026-07-02,มหาวิทยาลัย,False
C00844,กิตติ,หญิง,18-24,B05,มหาวิทยาลัย,2025-12-13,088-xxx-8707,False,False,False,True,10,1024,2025-12-13,2026-09-01,มหาวิทยาลัย,False
C00845,สุดา,ชาย,25-34,B04,บางนา,2026-05-15,085-xxx-9166,False,False,False,True,2,239,2026-05-15,2026-07-30,บางนา,False
C00846,ปวีณ,ชาย,45-54,B05,มหาวิทยาลัย,2025-06-18,086-xxx-7021,False,False,False,True,1,155,2025-07-04,2025-07-04,มหาวิทยาลัย,False
C00847,พิม,หญิง,18-24,B01,สยาม,2025-10-21,087-xxx-1788,True,False,False,True,8,949,2025-12-01,2026-07-21,สยาม,False
C00848,อัญชลี,หญิง,25-34,B02,สีลม,2026-02-22,082-xxx-7593,False,False,False,True,1,228,2026-06-08,2026-06-08,สีลม,False
C00849,ปวีณ,ชาย,25-34,B03,อารีย์,2026-07-30,088-xxx-3884,False,False,False,False,0,0,,,,False
C00850,ชนา,หญิง,ต่ำกว่า 18,B04,บางนา,2026-02-09,089-xxx-4765,False,True,False,True,2,215,2026-03-12,2026-04-24,บางนา,False
C00851,ปิยะ,ชาย,25-34,B02,สีลม,2025-08-22,086-xxx-8308,False,False,False,True,18,2329,2025-09-01,2026-06-28,สีลม,False
C00852,ปิยะ,ไม่ระบุ,18-24,B05,มหาวิทยาลัย,2025-10-18,085-xxx-2538,False,False,False,True,18,2079,2025-10-29,2026-09-13,มหาวิทยาลัย,False
C00853,นภัส,หญิง,55+,B01,สยาม,2025-05-04,089-xxx-5283,False,False,False,True,21,2624,2025-05-04,2026-09-07,สยาม,False
C00854,รัตนา,หญิง,55+,B04,บางนา,2025-08-03,081-xxx-9625,False,False,False,True,3,335,2025-08-18,2025-11-17,บางนา,False
C00855,กมล,หญิง,25-34,B01,สยาม,2025-09-06,086-xxx-7827,False,False,False,True,6,930,2025-09-24,2026-01-14,สยาม,False
C00856,ภัทร,ชาย,25-34,B03,อารีย์,2026-01-17,082-xxx-3312,False,False,False,True,3,225,2026-01-20,2026-03-24,อารีย์,False
C00857,อรุณ,ชาย,35-44,B05,มหาวิทยาลัย,2025-07-11,081-xxx-6493,False,False,False,True,12,1455,2025-09-13,2026-03-14,มหาวิทยาลัย,False
C00858,ธนา,ชาย,25-34,B02,สีลม,2025-05-07,086-xxx-1905,False,False,False,True,20,2299,2025-05-20,2026-08-25,สีลม,False
C00859,จิรา,หญิง,55+,B03,อารีย์,2026-05-29,081-xxx-1145,False,False,False,False,0,0,,,,False
C00860,วรรณ,หญิง,45-54,B05,มหาวิทยาลัย,2025-11-04,087-xxx-1569,False,False,False,True,2,165,2025-11-11,2025-11-19,มหาวิทยาลัย,False
C00861,อรุณ,ชาย,45-54,B04,บางนา,2026-04-17,087-xxx-4535,False,False,False,True,1,299,2026-08-02,2026-08-02,บางนา,False
C00862,ธีร,ชาย,25-34,B01,สยาม,2026-07-21,084-xxx-3267,True,False,False,True,2,415,2026-07-23,2026-08-24,สีลม,False
C00863,ปิยะ,หญิง,25-34,B02,สีลม,2026-05-23,087-xxx-6431,False,False,False,True,6,834,2026-05-28,2026-09-11,สีลม,False
C00864,ปิยะ,ชาย,18-24,B05,มหาวิทยาลัย,2026-02-21,081-xxx-8739,False,False,False,False,0,0,,,,False
C00865,ศิริ,ชาย,45-54,B01,สยาม,2025-11-08,082-xxx-6865,False,False,False,True,6,735,2025-12-24,2026-07-22,สยาม,False
C00866,ปิยะ,หญิง,25-34,B01,สยาม,2025-04-27,083-xxx-5673,False,False,False,True,23,3089,2025-04-27,2026-09-18,สยาม,False
C00867,อรุณ,ชาย,35-44,B05,มหาวิทยาลัย,2025-04-02,089-xxx-9793,False,False,False,True,10,1262,2025-04-18,2025-12-02,มหาวิทยาลัย,False
C00868,ชนา,หญิง,18-24,B05,มหาวิทยาลัย,2026-01-10,085-xxx-2119,False,False,False,True,6,805,2026-02-23,2026-08-31,มหาวิทยาลัย,False
C00869,ทิพย์,หญิง,45-54,B02,สีลม,2025-10-20,089-xxx-6404,False,False,False,True,13,1932,2026-01-02,2026-08-11,สีลม,False
C00870,มานพ,หญิง,25-34,B01,สยาม,2026-09-09,081-xxx-7051,False,False,False,False,0,0,,,,False
C00871,ศิริ,ชาย,25-34,B01,สยาม,2026-08-21,087-xxx-9675,False,False,False,True,1,75,2026-08-23,2026-08-23,สยาม,False
C00872,อัญชลี,ชาย,25-34,B04,บางนา,2026-02-23,087-xxx-7747,False,False,False,True,4,684,2026-03-10,2026-06-18,บางนา,False
C00873,สมชาย,ชาย,ต่ำกว่า 18,B02,สีลม,2026-08-08,085-xxx-5314,False,True,False,False,0,0,,,,False
C00874,กิตติ,หญิง,25-34,B01,สยาม,2025-08-30,086-xxx-3754,False,False,False,True,8,1299,2025-08-30,2025-11-23,สยาม,False
C00875,สุดา,ชาย,25-34,B01,สยาม,2026-03-08,087-xxx-6954,False,False,False,True,2,130,2026-04-16,2026-08-01,สยาม,False
C00876,รัตนา,หญิง,25-34,B02,สีลม,2025-06-12,082-xxx-3971,False,False,False,True,7,760,2025-07-07,2026-02-19,สีลม,False
C00877,นภัส,หญิง,35-44,B05,มหาวิทยาลัย,2025-09-25,087-xxx-7115,False,False,False,True,7,1113,2025-10-01,2026-04-27,มหาวิทยาลัย,False
C00878,อัญชลี,ชาย,25-34,B05,มหาวิทยาลัย,2026-03-21,081-xxx-3996,False,False,False,True,3,330,2026-04-18,2026-04-29,มหาวิทยาลัย,False
C00879,ภัทร,หญิง,18-24,B03,อารีย์,2026-01-04,084-xxx-4991,False,False,False,True,12,1904,2026-01-10,2026-09-09,อารีย์,False
C00880,เกศ,หญิง,25-34,B04,บางนา,2025-06-02,088-xxx-8500,False,False,False,True,24,3177,2025-06-14,2026-09-04,บางนา,False
C00881,อัญชลี,หญิง,25-34,B05,มหาวิทยาลัย,2026-06-11,086-xxx-4684,False,False,False,True,2,304,2026-07-04,2026-08-23,มหาวิทยาลัย,False
C00882,อรุณ,ชาย,18-24,B03,อารีย์,2025-12-09,083-xxx-2409,False,False,False,True,11,1323,2026-01-29,2026-08-31,อารีย์,False
C00883,ศิริ,ชาย,35-44,B02,สีลม,2025-10-04,082-xxx-4995,False,False,False,True,14,1974,2025-10-15,2026-09-19,สีลม,False
C00884,ภัทร,ชาย,45-54,B01,สยาม,2025-09-07,081-xxx-6451,True,False,False,True,5,460,2025-10-24,2026-08-13,สยาม,False
C00885,อัญชลี,หญิง,35-44,B01,สยาม,2026-03-23,083-xxx-2699,False,False,False,True,3,320,2026-04-11,2026-05-10,สยาม,False
C00886,ทิพย์,หญิง,35-44,B01,สยาม,2025-08-29,085-xxx-4070,False,False,False,True,4,520,2025-09-04,2025-10-17,สยาม,False
C00887,ศิริ,หญิง,25-34,B03,อารีย์,2026-04-26,085-xxx-5150,False,False,False,True,2,305,2026-06-09,2026-07-05,อารีย์,False
C00888,เกศ,หญิง,45-54,B04,บางนา,2026-08-26,089-xxx-1570,False,False,False,False,0,0,,,,False
C00889,ศิริ,ชาย,55+,B03,อารีย์,2026-04-10,084-xxx-7978,False,False,False,True,14,1949,2026-04-25,2026-09-16,อารีย์,False
C00890,ศิริ,หญิง,25-34,B04,บางนา,2026-03-20,086-xxx-2110,False,False,False,True,5,575,2026-03-24,2026-08-20,บางนา,False
C00891,สมชาย,หญิง,35-44,B05,มหาวิทยาลัย,2025-10-20,088-xxx-3993,False,False,False,True,4,649,2025-11-03,2026-02-16,มหาวิทยาลัย,False
C00892,วีระ,ชาย,18-24,B04,บางนา,2025-10-12,086-xxx-8545,False,False,False,True,11,1115,2025-11-24,2026-05-16,บางนา,False
C00893,ณัฐ,หญิง,35-44,B05,มหาวิทยาลัย,2025-08-18,085-xxx-2256,False,False,False,False,0,0,,,,False
C00894,สมชาย,ชาย,35-44,B03,อารีย์,2026-08-26,083-xxx-4789,False,False,False,True,1,90,2026-08-30,2026-08-30,อารีย์,False
C00895,ณัฐ,ชาย,35-44,B03,อารีย์,2026-06-17,086-xxx-1081,False,False,False,False,0,0,,,,False
C00896,ชนา,ชาย,55+,B01,สยาม,2026-06-23,083-xxx-8971,False,False,False,True,1,409,2026-09-04,2026-09-04,สยาม,False
C00897,ภูมิ,ไม่ระบุ,45-54,B04,บางนา,2026-03-13,085-xxx-9093,False,False,False,True,3,260,2026-03-15,2026-07-26,บางนา,False
C00898,ปวีณ,ชาย,18-24,B05,มหาวิทยาลัย,2026-08-31,089-xxx-7581,False,False,False,False,0,0,,,,False
C00899,ศิริ,ชาย,25-34,B01,สยาม,2025-09-06,086-xxx-2301,False,False,False,True,2,340,2025-10-02,2025-10-10,สยาม,False
C00900,ชนา,ชาย,25-34,B01,สยาม,2026-05-04,086-xxx-8185,False,False,False,True,1,85,2026-05-14,2026-05-14,สยาม,False
C00901,อัญชลี,ชาย,18-24,B03,อารีย์,2026-08-17,086-xxx-3438,False,False,False,False,0,0,,,,False
C00902,ทิพย์,ชาย,45-54,B05,มหาวิทยาลัย,2025-05-26,089-xxx-9949,False,False,False,True,5,370,2025-06-18,2025-11-04,มหาวิทยาลัย,False
C00903,สุดา,หญิง,55+,B05,มหาวิทยาลัย,2026-02-16,086-xxx-5336,False,False,False,True,2,239,2026-03-21,2026-05-20,บางนา,False
C00904,ศิริ,หญิง,18-24,B05,มหาวิทยาลัย,2026-01-16,083-xxx-4121,False,False,False,True,4,490,2026-01-16,2026-02-18,มหาวิทยาลัย,False
C00905,จิรา,หญิง,18-24,B01,สยาม,2026-07-13,088-xxx-9470,False,False,False,True,1,230,2026-09-11,2026-09-11,สยาม,False
C00906,ปวีณ,ชาย,55+,B02,สีลม,2025-10-30,084-xxx-8359,False,False,False,True,7,745,2025-11-10,2026-03-31,สีลม,False
C00907,ปวีณ,หญิง,25-34,B01,สยาม,2025-08-19,084-xxx-2204,False,False,False,True,22,2344,2025-09-28,2026-09-10,สยาม,False
C00908,ทิพย์,ชาย,18-24,B05,มหาวิทยาลัย,2026-05-09,083-xxx-1064,False,False,False,True,6,679,2026-06-06,2026-09-10,มหาวิทยาลัย,False
C00909,ณัฐ,หญิง,18-24,B03,อารีย์,2026-06-18,084-xxx-5989,False,False,False,True,1,60,2026-08-14,2026-08-14,อารีย์,False
C00910,ปวีณ,ไม่ระบุ,45-54,B01,สยาม,2025-04-09,082-xxx-5235,False,False,False,True,24,3511,2025-04-10,2026-07-19,สยาม,False
C00911,สมชาย,หญิง,18-24,B05,มหาวิทยาลัย,2025-10-18,085-xxx-1102,False,False,False,False,0,0,,,,False
C00912,ศิริ,หญิง,35-44,B03,อารีย์,2026-06-20,088-xxx-1102,False,False,False,True,6,643,2026-06-30,2026-09-17,อารีย์,False
C00913,ธีร,ชาย,18-24,B05,มหาวิทยาลัย,2026-06-20,088-xxx-3135,False,False,False,True,3,399,2026-07-20,2026-07-30,มหาวิทยาลัย,False
C00914,รัตนา,หญิง,18-24,B04,บางนา,2026-07-18,089-xxx-8284,False,False,False,False,0,0,,,,False
C00915,ภัทร,หญิง,35-44,B01,สยาม,2025-06-15,082-xxx-5997,False,False,False,True,12,1299,2025-06-16,2026-09-06,สยาม,False
C00916,มานพ,หญิง,35-44,B03,อารีย์,2026-08-18,086-xxx-2823,False,False,False,False,0,0,,,,False
C00917,อัญชลี,หญิง,18-24,B02,สีลม,2026-01-13,089-xxx-6192,True,False,False,True,1,75,2026-02-09,2026-02-09,สีลม,False
C00918,ธนา,ชาย,18-24,B01,สยาม,2025-09-30,089-xxx-7293,False,False,False,True,2,395,2025-10-19,2025-10-31,สยาม,False
C00919,ภูมิ,ชาย,18-24,B01,สยาม,2026-02-26,085-xxx-7642,False,False,False,True,7,794,2026-03-22,2026-09-01,สยาม,False
C00920,วรรณ,ชาย,25-34,B04,บางนา,2025-07-29,082-xxx-1219,False,False,False,True,16,2094,2025-08-24,2026-01-25,บางนา,False
C00921,ปิยะ,หญิง,25-34,B05,มหาวิทยาลัย,2026-07-10,082-xxx-2288,False,False,False,False,0,0,,,,False
C00922,สุดา,หญิง,35-44,B05,มหาวิทยาลัย,2026-06-01,085-xxx-5466,False,False,False,True,1,60,2026-06-13,2026-06-13,มหาวิทยาลัย,False
C00923,อัญชลี,ชาย,18-24,B05,มหาวิทยาลัย,2025-08-22,083-xxx-5038,False,False,False,True,2,320,2025-09-01,2025-12-20,สยาม,False
C00924,พิม,ชาย,25-34,B04,บางนา,2026-05-20,084-xxx-8195,False,False,False,True,1,28,2026-06-06,2026-06-06,บางนา,False
C00925,จิรา,ชาย,18-24,B01,สยาม,2025-09-18,084-xxx-9948,False,False,False,True,8,768,2025-10-11,2026-03-22,สยาม,False
C00926,สมชาย,ชาย,18-24,B03,อารีย์,2026-03-30,088-xxx-2375,False,False,False,True,2,390,2026-04-03,2026-07-02,อารีย์,False
C00927,เกศ,หญิง,ต่ำกว่า 18,B02,สีลม,2026-07-20,081-xxx-6928,False,True,False,True,2,185,2026-08-13,2026-09-18,สีลม,False
C00928,ธีร,หญิง,ต่ำกว่า 18,B04,บางนา,2026-05-04,084-xxx-3478,False,True,False,True,5,980,2026-05-09,2026-09-18,บางนา,False
C00929,ศิริ,ชาย,25-34,B03,อารีย์,2026-07-31,087-xxx-8956,False,False,False,True,1,89,2026-09-16,2026-09-16,อารีย์,False
C00930,กิตติ,หญิง,25-34,B01,สยาม,2026-04-12,081-xxx-6670,False,False,False,True,4,610,2026-04-13,2026-05-22,สยาม,False
C00931,ศิริ,หญิง,18-24,B03,อารีย์,2026-02-05,084-xxx-2964,False,False,False,True,6,589,2026-03-05,2026-06-15,อารีย์,False
C00932,ทิพย์,ชาย,55+,B01,สยาม,2025-04-30,088-xxx-4075,False,False,False,True,12,1863,2025-05-10,2026-06-26,สยาม,False
C00933,ปิยะ,หญิง,45-54,B01,สยาม,2026-06-23,086-xxx-7717,False,False,False,False,0,0,,,,False
C00934,ณัฐ,ชาย,35-44,B02,สีลม,2026-07-20,085-xxx-6077,False,False,False,False,0,0,,,,False
C00935,มานพ,หญิง,18-24,B05,มหาวิทยาลัย,2025-11-18,084-xxx-8804,False,False,False,True,1,150,2026-08-24,2026-08-24,สีลม,False
C00936,ธนา,ชาย,25-34,B01,สยาม,2025-09-22,088-xxx-4400,False,False,False,True,1,55,2025-10-12,2025-10-12,สยาม,False
C00937,ณัฐ,หญิง,25-34,B05,มหาวิทยาลัย,2025-05-19,082-xxx-1427,False,False,False,True,9,1508,2025-05-21,2026-07-25,มหาวิทยาลัย,False
C00938,กมล,ชาย,ต่ำกว่า 18,B05,มหาวิทยาลัย,2025-04-13,084-xxx-7995,False,True,False,True,16,2653,2025-04-17,2026-08-29,มหาวิทยาลัย,False
C00939,สุดา,หญิง,18-24,B05,มหาวิทยาลัย,2026-06-19,083-xxx-8158,False,False,False,True,2,150,2026-07-14,2026-08-17,มหาวิทยาลัย,False
C00940,วีระ,หญิง,18-24,B04,บางนา,2026-04-16,088-xxx-7530,False,False,False,True,1,239,2026-09-06,2026-09-06,บางนา,False
C00941,ทิพย์,ชาย,18-24,B03,อารีย์,2026-08-28,089-xxx-7430,False,False,False,True,2,310,2026-09-02,2026-09-09,อารีย์,False
C00942,ทิพย์,ไม่ระบุ,25-34,B05,มหาวิทยาลัย,2026-07-06,087-xxx-3941,False,False,False,True,2,319,2026-08-13,2026-09-09,มหาวิทยาลัย,False
C00943,ชนา,ชาย,45-54,B05,มหาวิทยาลัย,2025-08-04,085-xxx-1088,True,False,False,True,4,520,2025-11-11,2026-08-14,มหาวิทยาลัย,False
C00944,กิตติ,หญิง,25-34,B04,บางนา,2026-04-27,086-xxx-2693,False,False,False,True,3,230,2026-06-21,2026-08-21,บางนา,False
C00945,ธนา,หญิง,35-44,B01,สยาม,2025-11-22,087-xxx-2846,False,False,False,True,8,1104,2025-11-26,2026-08-27,สยาม,False
C00946,ปวีณ,หญิง,35-44,B02,สีลม,2026-09-07,086-xxx-6632,False,False,False,False,0,0,,,,False
C00947,ปิยะ,หญิง,25-34,B05,มหาวิทยาลัย,2025-06-14,087-xxx-2722,False,False,False,True,11,1485,2025-08-08,2026-09-12,มหาวิทยาลัย,False
C00948,อรุณ,หญิง,25-34,B02,สีลม,2026-05-04,089-xxx-7858,False,False,False,True,3,275,2026-07-23,2026-09-18,สีลม,False
C00949,พิม,ชาย,25-34,B01,สยาม,2025-11-05,083-xxx-2953,False,False,False,True,2,190,2025-12-27,2026-02-07,สยาม,False
C00950,ธีร,หญิง,35-44,B03,อารีย์,2026-03-06,087-xxx-4363,False,False,False,True,6,915,2026-03-20,2026-09-14,อารีย์,False
C00951,สมชาย,หญิง,18-24,B01,สยาม,2026-08-14,083-xxx-6864,False,False,False,False,0,0,,,,False
C00952,ธีร,หญิง,ต่ำกว่า 18,B02,สีลม,2026-01-04,081-xxx-9204,False,True,False,True,1,145,2026-01-26,2026-01-26,สีลม,False
C00953,อรุณ,หญิง,25-34,B01,สยาม,2025-11-28,081-xxx-7604,False,False,False,True,2,85,2026-02-01,2026-02-23,สยาม,False
C00954,ปวีณ,หญิง,55+,B03,อารีย์,2025-11-16,085-xxx-4298,False,False,False,True,11,1452,2025-11-30,2026-08-12,อารีย์,False
C00955,วรรณ,หญิง,35-44,B02,สีลม,2025-07-24,083-xxx-2016,False,False,False,False,0,0,,,,False
C00956,วรรณ,หญิง,25-34,B03,อารีย์,2026-07-20,086-xxx-6379,False,False,False,False,0,0,,,,False
C00957,สมชาย,ชาย,45-54,B04,บางนา,2025-10-21,083-xxx-6131,False,False,False,True,5,584,2025-12-25,2026-05-08,บางนา,False
C00958,มานพ,ไม่ระบุ,45-54,B01,สยาม,2025-11-07,088-xxx-6701,False,False,False,True,11,1247,2025-11-08,2026-08-07,สยาม,False
C00959,อรุณ,หญิง,25-34,B02,สีลม,2025-08-10,088-xxx-4932,False,False,False,True,4,410,2025-09-10,2026-03-05,สีลม,False
C00960,สุดา,หญิง,25-34,B01,สยาม,2025-11-14,089-xxx-4823,False,False,False,True,7,954,2025-11-22,2026-08-18,สยาม,False
C00961,ปวีณ,ชาย,18-24,B05,มหาวิทยาลัย,2025-10-30,082-xxx-2934,False,False,False,True,8,1467,2025-11-28,2026-06-18,มหาวิทยาลัย,False
C00962,อัญชลี,หญิง,35-44,B01,สยาม,2026-03-10,085-xxx-8741,False,False,False,True,3,280,2026-04-04,2026-07-27,สยาม,False
C00963,ธีร,หญิง,18-24,B05,มหาวิทยาลัย,2025-05-18,083-xxx-8398,False,False,False,False,0,0,,,,False
C00964,เกศ,หญิง,18-24,B01,สยาม,2025-10-16,081-xxx-1677,False,False,False,True,12,1773,2025-11-05,2026-08-28,สยาม,False
C00965,ธีร,ไม่ระบุ,25-34,B03,อารีย์,2026-05-29,088-xxx-6071,False,False,False,True,4,300,2026-05-30,2026-09-01,อารีย์,False
C00966,จิรา,ชาย,25-34,B04,บางนา,2026-02-12,087-xxx-8107,False,False,False,True,4,1050,2026-02-15,2026-08-29,บางนา,False
C00967,สุดา,หญิง,55+,B01,สยาม,2025-06-11,088-xxx-7038,False,False,False,True,10,2108,2025-09-27,2026-09-11,สยาม,False
C00968,ทิพย์,หญิง,18-24,B01,สยาม,2026-07-07,083-xxx-6515,False,False,False,True,2,230,2026-08-10,2026-08-15,สยาม,False
C00969,อรุณ,ชาย,25-34,B04,บางนา,2025-09-08,084-xxx-8341,False,False,False,True,6,690,2025-10-23,2026-08-25,บางนา,False
C00970,ภูมิ,หญิง,25-34,B01,สยาม,2025-09-04,087-xxx-6771,False,False,False,False,0,0,,,,False
C00971,รัตนา,หญิง,25-34,B01,สยาม,2026-07-28,088-xxx-4430,False,False,False,False,0,0,,,,False
C00972,เกศ,ชาย,25-34,B04,บางนา,2026-02-14,083-xxx-5083,True,False,False,False,0,0,,,,False
C00973,จิรา,ชาย,35-44,B01,สยาม,2026-06-04,086-xxx-3850,False,False,False,True,3,494,2026-06-04,2026-09-19,สยาม,False
C00974,อัญชลี,หญิง,55+,B02,สีลม,2025-08-08,089-xxx-7779,False,False,False,True,6,657,2025-11-12,2026-03-01,สีลม,False
C00975,ภัทร,หญิง,25-34,B01,สยาม,2025-11-05,085-xxx-4128,False,False,False,True,9,1100,2025-11-21,2026-06-30,สยาม,False
C00976,มานพ,หญิง,25-34,B02,สีลม,2026-02-20,084-xxx-1956,False,False,False,True,2,175,2026-06-03,2026-09-14,สีลม,False
C00977,พิม,ไม่ระบุ,18-24,B05,มหาวิทยาลัย,2026-01-19,087-xxx-3518,False,False,False,True,7,810,2026-02-10,2026-06-24,มหาวิทยาลัย,False
C00978,อรุณ,หญิง,18-24,B02,สีลม,2026-08-02,084-xxx-3957,False,False,False,True,4,690,2026-08-04,2026-08-21,สีลม,False
C00979,เกศ,หญิง,35-44,B02,สีลม,2026-05-24,082-xxx-1876,False,False,False,True,3,300,2026-06-25,2026-09-04,สีลม,False
C00980,อรุณ,ชาย,25-34,B02,สีลม,2025-10-27,084-xxx-6443,False,False,False,True,1,129,2025-12-03,2025-12-03,สีลม,False
C00981,กมล,ชาย,25-34,B02,สีลม,2025-09-02,087-xxx-6294,False,False,False,True,9,725,2025-09-02,2026-03-02,สีลม,False
C00982,พิม,ชาย,35-44,B02,สีลม,2025-04-14,088-xxx-1657,False,False,False,True,3,254,2025-04-26,2025-05-19,สีลม,False
C00983,สุดา,หญิง,25-34,B05,มหาวิทยาลัย,2026-05-27,084-xxx-2029,False,False,False,True,1,215,2026-09-14,2026-09-14,มหาวิทยาลัย,False
C00984,ทิพย์,หญิง,25-34,B05,มหาวิทยาลัย,2025-07-30,082-xxx-8289,False,False,False,True,8,935,2025-08-02,2025-12-01,มหาวิทยาลัย,False
C00985,สมชาย,หญิง,25-34,B05,มหาวิทยาลัย,2025-08-17,086-xxx-5374,False,False,False,True,18,2718,2025-08-28,2026-09-15,มหาวิทยาลัย,False
C00986,ภัทร,ชาย,18-24,B04,บางนา,2026-01-11,086-xxx-2133,False,False,False,True,2,140,2026-02-11,2026-02-13,บางนา,False
C00987,ทิพย์,หญิง,18-24,B01,สยาม,2025-05-22,086-xxx-4704,False,False,False,True,20,2379,2025-06-15,2026-01-27,สยาม,False
C00988,ปวีณ,ชาย,45-54,B05,มหาวิทยาลัย,2025-10-08,083-xxx-8514,False,False,False,True,5,615,2025-10-31,2026-08-17,สีลม,False
C00989,กมล,ชาย,25-34,B02,สีลม,2026-04-03,088-xxx-1050,False,False,False,True,5,795,2026-04-03,2026-09-09,สีลม,False
C00990,ปวีณ,ชาย,25-34,B05,มหาวิทยาลัย,2026-01-11,087-xxx-2363,False,False,False,True,6,1638,2026-01-24,2026-07-14,มหาวิทยาลัย,False
C00991,อรุณ,หญิง,18-24,B01,สยาม,2025-07-17,081-xxx-7476,False,False,False,True,11,1175,2025-07-17,2026-01-31,สยาม,False
C00992,รัตนา,ชาย,18-24,B05,มหาวิทยาลัย,2026-03-07,085-xxx-4622,False,False,False,True,1,225,2026-04-01,2026-04-01,สีลม,False
C00993,ธีร,ชาย,25-34,B01,สยาม,2025-10-10,084-xxx-8569,False,False,False,False,0,0,,,,False
C00994,อรุณ,ชาย,35-44,B05,มหาวิทยาลัย,2025-06-14,084-xxx-2707,False,False,False,True,2,279,2025-07-16,2025-08-29,มหาวิทยาลัย,False
C00995,ธีร,หญิง,18-24,B05,มหาวิทยาลัย,2026-07-07,089-xxx-8110,False,False,False,True,2,225,2026-07-07,2026-08-21,มหาวิทยาลัย,False
C00996,ธนา,ชาย,35-44,B03,อารีย์,2026-01-18,083-xxx-3178,False,False,False,True,9,876,2026-02-17,2026-09-13,อารีย์,False
C00997,อัญชลี,ชาย,ต่ำกว่า 18,B04,บางนา,2025-06-01,083-xxx-7127,False,True,False,True,2,195,2025-06-02,2025-07-05,บางนา,False
C00998,ศิริ,หญิง,25-34,B01,สยาม,2026-01-16,082-xxx-7312,False,False,False,True,9,695,2026-02-19,2026-08-21,สยาม,False
C00999,รัตนา,หญิง,25-34,B02,สีลม,2026-05-24,089-xxx-6516,False,False,False,False,0,0,,,,False
C01000,รัตนา,หญิง,ต่ำกว่า 18,B02,สีลม,2025-06-16,086-xxx-5097,False,True,False,True,7,490,2025-07-07,2025-12-01,สีลม,False
C01001,ชนา,ชาย,45-54,B05,มหาวิทยาลัย,2026-03-09,085-xxx-2502,False,False,False,True,1,65,2026-04-27,2026-04-27,สยาม,False
C01002,ภูมิ,หญิง,25-34,B04,บางนา,2026-04-20,085-xxx-8057,False,False,False,True,1,165,2026-04-25,2026-04-25,บางนา,False
C01003,เกศ,ชาย,55+,B01,สยาม,2026-05-04,087-xxx-2227,False,False,False,True,2,135,2026-06-02,2026-06-21,สยาม,False
C01004,สุดา,ชาย,ต่ำกว่า 18,B03,อารีย์,2026-04-14,081-xxx-7111,False,True,False,True,2,154,2026-07-20,2026-08-05,อารีย์,False
C01005,นภัส,ชาย,35-44,B01,สยาม,2025-12-22,087-xxx-8936,False,False,False,True,12,1514,2026-01-28,2026-08-17,สยาม,False
C01006,ธนา,หญิง,55+,B05,มหาวิทยาลัย,2026-03-11,083-xxx-8303,False,False,False,False,0,0,,,,False
C01007,มานพ,ไม่ระบุ,25-34,B02,สีลม,2025-05-09,084-xxx-5403,False,False,False,True,3,195,2025-05-23,2025-06-18,สีลม,False
C01008,ปิยะ,หญิง,25-34,B05,มหาวิทยาลัย,2025-06-24,084-xxx-9459,False,False,False,True,8,1638,2025-07-28,2025-11-06,มหาวิทยาลัย,False
C01009,จิรา,ชาย,25-34,B03,อารีย์,2026-07-07,084-xxx-4586,False,False,False,False,0,0,,,,False
C01010,ชนา,หญิง,18-24,B04,บางนา,2026-08-12,088-xxx-6832,False,False,False,False,0,0,,,,False
C01011,สุดา,ชาย,35-44,B05,มหาวิทยาลัย,2025-07-18,088-xxx-3960,False,False,False,True,5,604,2025-12-23,2026-08-21,มหาวิทยาลัย,False
C01012,มานพ,หญิง,35-44,B02,สีลม,2026-09-02,089-xxx-6551,False,False,False,False,0,0,,,,False
C01013,ศิริ,หญิง,45-54,B01,สยาม,2025-07-25,088-xxx-9407,False,False,False,True,20,2218,2025-09-06,2026-08-16,สยาม,False
C01014,กมล,ชาย,35-44,B01,สยาม,2026-03-15,084-xxx-7568,False,False,False,True,6,670,2026-03-17,2026-09-17,สยาม,False
C01015,ศิริ,หญิง,18-24,B05,มหาวิทยาลัย,2025-11-19,086-xxx-6439,False,False,False,True,9,1160,2025-12-01,2026-08-19,มหาวิทยาลัย,False
C01016,อัญชลี,หญิง,18-24,B01,สยาม,2025-10-13,081-xxx-4099,False,False,False,True,4,505,2025-11-09,2025-12-11,สยาม,False
C01017,วรรณ,ชาย,25-34,B01,สยาม,2026-06-29,083-xxx-3341,False,False,False,False,0,0,,,,False
C01018,สุดา,หญิง,35-44,B01,สยาม,2026-04-17,085-xxx-9197,False,False,False,False,0,0,,,,False
C01019,จิรา,ชาย,18-24,B05,มหาวิทยาลัย,2025-09-06,087-xxx-3220,False,False,False,True,4,435,2025-11-30,2026-08-16,มหาวิทยาลัย,False
C01020,นภัส,ชาย,35-44,B02,สีลม,2025-09-23,086-xxx-4935,False,False,False,True,1,95,2025-12-06,2025-12-06,สีลม,False
C01021,ภัทร,หญิง,25-34,B01,สยาม,2026-04-14,082-xxx-1711,False,False,False,True,9,825,2026-04-14,2026-07-16,สยาม,False
C01022,รัตนา,ชาย,25-34,B01,สยาม,2026-03-16,086-xxx-3036,False,False,False,True,3,255,2026-03-22,2026-08-22,สยาม,False
C01023,วีระ,หญิง,25-34,B05,มหาวิทยาลัย,2026-05-15,088-xxx-4657,False,False,False,True,9,1130,2026-05-20,2026-08-25,มหาวิทยาลัย,False
C01024,ณัฐ,หญิง,45-54,B04,บางนา,2025-11-11,084-xxx-6201,True,False,False,True,10,1499,2025-12-21,2026-09-12,บางนา,False
C01025,ทิพย์,หญิง,55+,B02,สีลม,2025-11-08,086-xxx-5396,False,False,False,True,3,375,2025-11-24,2026-05-15,สีลม,False
C01026,สมชาย,หญิง,18-24,B01,สยาม,2026-03-07,084-xxx-8170,False,False,False,True,4,765,2026-03-13,2026-08-09,สยาม,False
C01027,อัญชลี,ชาย,45-54,B01,สยาม,2025-07-24,086-xxx-3462,False,False,False,True,2,265,2025-08-21,2025-09-13,สยาม,False
C01028,กิตติ,หญิง,55+,B02,สีลม,2026-07-25,086-xxx-9455,False,False,False,False,0,0,,,,False
C01029,ชนา,ไม่ระบุ,18-24,B05,มหาวิทยาลัย,2025-12-27,082-xxx-6984,False,False,False,False,0,0,,,,False
C01030,สมชาย,ชาย,18-24,B01,สยาม,2025-08-15,084-xxx-1715,False,False,False,True,21,3212,2025-09-10,2026-08-23,สยาม,False
C01031,พิม,หญิง,18-24,B02,สีลม,2026-02-05,084-xxx-5616,False,False,False,True,2,180,2026-03-02,2026-03-24,สีลม,False
C01032,จิรา,ชาย,25-34,B03,อารีย์,2026-04-18,084-xxx-4294,False,False,False,True,2,205,2026-05-17,2026-08-02,อารีย์,False
C01033,จิรา,หญิง,25-34,B03,อารีย์,2026-02-26,087-xxx-6506,False,False,False,True,6,525,2026-04-26,2026-09-14,อารีย์,False
C01034,สุดา,ชาย,25-34,B02,สีลม,2025-09-14,088-xxx-6210,False,False,False,True,12,1787,2025-10-04,2026-07-22,สีลม,False
C01035,อัญชลี,ชาย,18-24,B03,อารีย์,2026-04-16,087-xxx-8710,False,False,False,True,1,530,2026-05-14,2026-05-14,อารีย์,False
C01036,ปิยะ,ชาย,18-24,B05,มหาวิทยาลัย,2026-07-24,082-xxx-3205,False,False,False,True,1,180,2026-08-02,2026-08-02,มหาวิทยาลัย,False
C01037,ปิยะ,หญิง,ต่ำกว่า 18,B04,บางนา,2025-04-03,088-xxx-5927,False,True,False,True,28,4272,2025-04-24,2026-08-27,บางนา,False
C01038,กมล,หญิง,35-44,B04,บางนา,2026-08-19,084-xxx-4938,False,False,False,False,0,0,,,,False
C01039,ชนา,ชาย,25-34,B05,มหาวิทยาลัย,2026-09-08,081-xxx-4932,False,False,False,False,0,0,,,,False
C01040,ภูมิ,หญิง,18-24,B01,สยาม,2025-09-21,084-xxx-2696,False,False,False,True,15,1843,2025-10-11,2026-09-14,สยาม,False
C01041,ณัฐ,ชาย,25-34,B01,สยาม,2026-01-03,088-xxx-7262,False,False,False,True,18,3151,2026-01-04,2026-09-10,สยาม,False
C01042,พิม,ชาย,18-24,B01,สยาม,2026-04-25,084-xxx-1581,False,False,False,True,6,555,2026-04-26,2026-09-16,สยาม,False
C01043,วีระ,ชาย,35-44,B01,สยาม,2025-11-02,085-xxx-8476,False,False,False,True,4,364,2025-12-01,2026-01-08,สยาม,False
C01044,ณัฐ,ชาย,25-34,B04,บางนา,2025-08-07,085-xxx-9295,False,False,False,True,23,2791,2025-08-19,2026-07-15,บางนา,False
C01045,พิม,ชาย,25-34,B05,มหาวิทยาลัย,2026-06-20,088-xxx-6494,False,False,False,True,1,65,2026-09-09,2026-09-09,มหาวิทยาลัย,False
C01046,ปิยะ,หญิง,25-34,B02,สีลม,2025-12-24,088-xxx-3741,False,False,False,True,5,840,2026-02-02,2026-05-17,สีลม,False
C01047,จิรา,ชาย,35-44,B05,มหาวิทยาลัย,2025-08-24,081-xxx-7745,False,False,False,True,12,1688,2025-09-12,2026-08-22,มหาวิทยาลัย,False
C01048,วีระ,หญิง,45-54,B05,มหาวิทยาลัย,2026-03-20,087-xxx-6969,False,False,False,True,3,569,2026-04-29,2026-08-14,มหาวิทยาลัย,False
C01049,กมล,ชาย,25-34,B01,สยาม,2025-07-05,085-xxx-1808,False,False,False,True,16,2113,2025-07-13,2026-03-19,สยาม,False
C01050,นภัส,ชาย,35-44,B01,สยาม,2026-04-20,089-xxx-5410,False,False,False,True,1,60,2026-06-18,2026-06-18,สยาม,False
C01051,รัตนา,หญิง,25-34,B01,สยาม,2025-10-22,085-xxx-6202,False,False,False,True,14,1569,2025-10-24,2026-06-27,สยาม,False
C01052,วีระ,หญิง,18-24,B05,มหาวิทยาลัย,2026-08-12,084-xxx-7089,False,False,False,False,0,0,,,,False
C01053,จิรา,ชาย,18-24,B02,สีลม,2025-08-29,087-xxx-3239,False,False,False,True,18,1994,2025-11-07,2026-07-17,สีลม,False
C01054,ภัทร,ชาย,35-44,B02,สีลม,2025-12-24,088-xxx-2913,False,False,False,True,11,1958,2026-01-29,2026-09-20,สีลม,False
C01055,มานพ,หญิง,45-54,B01,สยาม,2026-04-24,086-xxx-4423,False,False,False,True,1,65,2026-05-16,2026-05-16,บางนา,False
C01056,อัญชลี,หญิง,25-34,B02,สีลม,2025-11-21,081-xxx-3399,False,False,False,True,1,335,2025-12-19,2025-12-19,สีลม,False
C01057,ธนา,ชาย,25-34,B02,สีลม,2025-10-23,085-xxx-9036,False,False,False,True,6,1020,2026-01-07,2026-07-09,สีลม,False
C01058,ศิริ,ชาย,25-34,B01,สยาม,2026-03-12,085-xxx-2288,False,False,False,True,3,443,2026-03-28,2026-06-16,สยาม,False
C01059,กิตติ,หญิง,18-24,B03,อารีย์,2026-06-06,087-xxx-3455,False,False,False,True,4,220,2026-06-11,2026-07-16,อารีย์,False
C01060,ศิริ,หญิง,45-54,B04,บางนา,2025-11-16,084-xxx-1137,False,False,False,True,9,1099,2025-11-16,2026-04-18,บางนา,False
C01061,ธนา,ชาย,25-34,B05,มหาวิทยาลัย,2026-04-03,086-xxx-8801,False,False,False,True,3,300,2026-04-08,2026-08-29,มหาวิทยาลัย,False
C01062,กมล,ชาย,35-44,B01,สยาม,2026-08-09,084-xxx-5948,False,False,False,True,1,50,2026-08-28,2026-08-28,สยาม,False
C01063,นภัส,ชาย,25-34,B02,สีลม,2025-11-25,085-xxx-1678,False,False,False,True,11,1499,2026-02-10,2026-09-18,สีลม,False
C01064,พิม,ชาย,25-34,B02,สีลม,2026-06-03,081-xxx-4592,False,False,False,True,3,379,2026-06-06,2026-08-12,สีลม,False
C01065,ปวีณ,ชาย,35-44,B05,มหาวิทยาลัย,2025-09-04,089-xxx-3453,False,False,False,True,19,3114,2025-09-06,2026-09-02,มหาวิทยาลัย,False
C01066,อัญชลี,ชาย,55+,B01,สยาม,2025-12-03,085-xxx-3945,False,False,False,True,14,1919,2025-12-18,2026-09-15,สยาม,False
C01067,ชนา,หญิง,35-44,B02,สีลม,2026-05-29,083-xxx-3545,False,False,False,True,1,65,2026-07-30,2026-07-30,อารีย์,False
C01068,ธนา,หญิง,35-44,B03,อารีย์,2026-05-09,089-xxx-4386,False,False,False,True,5,505,2026-05-18,2026-09-11,อารีย์,False
C01069,ณัฐ,หญิง,35-44,B01,สยาม,2025-06-14,085-xxx-2747,False,False,False,True,3,410,2025-06-17,2025-07-15,สยาม,False
C01070,เกศ,ชาย,25-34,B05,มหาวิทยาลัย,2025-07-05,083-xxx-7821,False,False,False,True,2,140,2025-07-11,2025-08-18,มหาวิทยาลัย,False
C01071,พิม,หญิง,45-54,B02,สีลม,2025-04-06,081-xxx-5860,False,False,False,True,5,605,2025-04-23,2025-08-11,สีลม,False
C01072,ภัทร,ชาย,18-24,B03,อารีย์,2026-05-14,084-xxx-9961,False,False,False,True,9,1777,2026-05-14,2026-09-12,อารีย์,False
C01073,ปิยะ,หญิง,25-34,B02,สีลม,2025-04-05,081-xxx-2339,False,False,False,True,6,699,2025-04-22,2025-07-29,สีลม,False
C01074,กมล,ชาย,45-54,B01,สยาม,2026-08-07,085-xxx-1115,False,False,False,True,2,255,2026-08-27,2026-08-30,สยาม,False
C01075,เกศ,หญิง,18-24,B04,บางนา,2026-08-30,086-xxx-7207,False,False,False,False,0,0,,,,False
C01076,กิตติ,หญิง,18-24,B04,บางนา,2026-05-16,084-xxx-1100,False,False,False,True,2,130,2026-07-31,2026-08-07,บางนา,False
C01077,ทิพย์,หญิง,25-34,B05,มหาวิทยาลัย,2025-05-30,086-xxx-3881,False,False,False,True,8,1153,2025-06-15,2026-01-09,มหาวิทยาลัย,False
C01078,ศิริ,หญิง,45-54,B02,สีลม,2026-01-29,087-xxx-3184,False,False,False,True,11,1210,2026-02-01,2026-09-09,สีลม,False
C01079,ภูมิ,หญิง,25-34,B04,บางนา,2026-07-16,089-xxx-4119,False,False,False,False,0,0,,,,False
C01080,มานพ,หญิง,25-34,B04,บางนา,2026-08-15,088-xxx-8605,False,False,False,True,4,585,2026-08-19,2026-09-09,บางนา,False
C01081,วรรณ,ไม่ระบุ,18-24,B04,บางนา,2025-09-07,085-xxx-4306,False,False,False,True,18,2594,2025-09-12,2026-07-26,บางนา,False
C01082,กิตติ,หญิง,55+,B05,มหาวิทยาลัย,2026-02-27,085-xxx-2795,False,False,False,True,5,506,2026-03-03,2026-07-21,มหาวิทยาลัย,False
C01083,ทิพย์,หญิง,35-44,B01,สยาม,2025-09-22,083-xxx-3582,False,False,False,True,8,1084,2025-10-16,2026-09-02,สยาม,False
C01084,จิรา,หญิง,25-34,B04,บางนา,2026-06-01,087-xxx-2812,False,False,False,True,1,85,2026-06-25,2026-06-25,บางนา,False
C01085,ทิพย์,หญิง,35-44,B01,สยาม,2026-01-12,088-xxx-1299,False,False,False,True,2,325,2026-05-08,2026-06-27,สยาม,False
C01086,วรรณ,ชาย,25-34,B03,อารีย์,2026-08-22,088-xxx-3511,False,False,False,True,1,185,2026-09-08,2026-09-08,อารีย์,False
C01087,นภัส,หญิง,35-44,B01,สยาม,2025-12-25,083-xxx-1831,False,False,False,True,2,280,2026-01-29,2026-03-14,สยาม,False
C01088,วรรณ,หญิง,25-34,B02,สีลม,2025-07-21,088-xxx-8097,False,False,False,True,9,1475,2025-08-14,2026-06-26,สีลม,False
C01089,ปิยะ,หญิง,45-54,B03,อารีย์,2026-04-06,082-xxx-7394,False,False,False,True,10,802,2026-04-14,2026-08-23,อารีย์,False
C01090,กิตติ,ชาย,18-24,B02,สีลม,2026-05-07,082-xxx-5261,False,False,False,True,5,510,2026-05-22,2026-08-14,สีลม,False
C01091,ธีร,ชาย,18-24,B01,สยาม,2025-04-29,086-xxx-5373,False,False,False,True,9,1244,2025-05-02,2025-09-03,สยาม,False
C01092,ณัฐ,หญิง,45-54,B02,สีลม,2026-02-16,088-xxx-3898,False,False,False,False,0,0,,,,False
C01093,มานพ,หญิง,25-34,B05,มหาวิทยาลัย,2026-02-18,082-xxx-5095,False,False,False,True,2,325,2026-08-04,2026-09-14,มหาวิทยาลัย,False
C01094,วรรณ,หญิง,18-24,B01,สยาม,2026-07-21,085-xxx-9358,False,False,False,False,0,0,,,,False
C01095,ภัทร,หญิง,18-24,B04,บางนา,2025-11-13,088-xxx-1789,False,False,False,True,13,1540,2025-11-20,2026-08-30,บางนา,False
C01096,ปวีณ,หญิง,35-44,B02,สีลม,2026-07-12,086-xxx-3519,False,False,False,True,2,190,2026-07-30,2026-08-14,สีลม,False
C01097,จิรา,ชาย,45-54,B01,สยาม,2026-04-06,087-xxx-2049,False,False,False,True,3,450,2026-04-16,2026-07-02,สยาม,False
C01098,อรุณ,หญิง,35-44,B03,อารีย์,2026-08-12,089-xxx-2347,False,False,False,False,0,0,,,,False
C01099,กมล,ชาย,35-44,B01,สยาม,2025-10-27,082-xxx-1334,False,False,False,True,3,355,2025-11-01,2025-11-25,สยาม,False
C01100,วีระ,หญิง,45-54,B05,มหาวิทยาลัย,2025-04-02,088-xxx-2729,False,False,False,True,5,669,2025-04-25,2025-08-17,มหาวิทยาลัย,False
C01101,มานพ,หญิง,ต่ำกว่า 18,B01,สยาม,2025-04-15,089-xxx-9463,False,True,False,True,16,1943,2025-04-17,2026-08-08,สยาม,False
C01102,วีระ,ชาย,25-34,B03,อารีย์,2025-12-23,088-xxx-6031,False,False,False,True,15,1455,2026-01-16,2026-09-14,อารีย์,False
C01103,นภัส,หญิง,35-44,B02,สีลม,2026-05-22,089-xxx-6416,False,False,False,True,2,164,2026-07-29,2026-08-02,สยาม,False
C01104,มานพ,ชาย,45-54,B04,บางนา,2026-05-09,082-xxx-4528,False,False,False,True,4,675,2026-05-21,2026-07-04,บางนา,False
C01105,ปิยะ,ชาย,35-44,B01,สยาม,2026-08-02,082-xxx-8466,False,False,False,True,3,420,2026-08-12,2026-09-18,สยาม,False
C01106,ธนา,ชาย,25-34,B05,มหาวิทยาลัย,2025-05-16,081-xxx-9603,False,False,False,False,0,0,,,,False
C01107,มานพ,หญิง,35-44,B01,สยาม,2026-07-05,086-xxx-9658,False,False,False,False,0,0,,,,False
C01108,อรุณ,หญิง,35-44,B04,บางนา,2026-06-14,082-xxx-3076,False,False,False,True,1,60,2026-06-17,2026-06-17,บางนา,False
C01109,นภัส,ชาย,18-24,B02,สีลม,2026-07-02,085-xxx-9038,False,False,False,False,0,0,,,,False
C01110,เกศ,หญิง,18-24,B03,อารีย์,2025-11-06,085-xxx-2012,False,False,False,True,3,565,2025-11-30,2025-12-31,อารีย์,False
C01111,ณัฐ,ชาย,25-34,B05,มหาวิทยาลัย,2026-06-22,088-xxx-6032,False,False,False,False,0,0,,,,False
C01112,ปิยะ,ชาย,45-54,B01,สยาม,2025-12-14,089-xxx-9849,False,False,False,True,19,1697,2025-12-20,2026-08-22,สยาม,False
C01113,จิรา,หญิง,25-34,B01,สยาม,2026-07-04,082-xxx-2920,False,False,False,True,8,979,2026-07-17,2026-09-07,สยาม,False
C01114,ศิริ,ชาย,25-34,B05,มหาวิทยาลัย,2026-06-04,081-xxx-1206,False,False,False,True,2,164,2026-06-12,2026-07-08,มหาวิทยาลัย,False
C01115,ภูมิ,ชาย,25-34,B01,สยาม,2026-07-04,084-xxx-1800,True,False,False,True,1,65,2026-09-16,2026-09-16,สยาม,False
C01116,วรรณ,หญิง,35-44,B04,บางนา,2026-07-11,086-xxx-6274,True,False,False,True,1,165,2026-08-11,2026-08-11,บางนา,False
C01117,ปิยะ,หญิง,18-24,B03,อารีย์,2026-01-13,088-xxx-8616,False,False,False,True,7,978,2026-01-19,2026-06-07,อารีย์,False
C01118,กิตติ,หญิง,18-24,B04,บางนา,2025-10-28,085-xxx-9132,False,False,False,True,9,1259,2025-11-09,2026-08-01,บางนา,False
C01119,ชนา,หญิง,45-54,B01,สยาม,2026-07-25,082-xxx-2386,False,False,False,False,0,0,,,,False
C01120,ธีร,ชาย,18-24,B05,มหาวิทยาลัย,2026-09-07,089-xxx-6354,False,False,False,False,0,0,,,,False
C01121,เกศ,ชาย,55+,B05,มหาวิทยาลัย,2025-12-07,081-xxx-8731,False,False,False,True,3,260,2025-12-08,2026-03-28,มหาวิทยาลัย,False
C01122,วีระ,หญิง,18-24,B02,สีลม,2026-02-14,081-xxx-4267,False,False,False,True,3,205,2026-02-24,2026-03-12,สีลม,False
C01123,ธนา,ชาย,18-24,B01,สยาม,2025-11-17,084-xxx-5089,False,False,False,True,7,526,2026-03-30,2026-06-15,สยาม,False
C01124,สุดา,หญิง,25-34,B01,สยาม,2026-08-09,084-xxx-4348,False,False,False,False,0,0,,,,False
C01125,ภัทร,หญิง,18-24,B01,สยาม,2025-11-18,081-xxx-1348,False,False,False,True,5,1300,2026-01-19,2026-06-02,สยาม,False
C01126,ปิยะ,หญิง,35-44,B01,สยาม,2025-10-16,084-xxx-2828,False,False,False,True,2,315,2025-10-22,2025-11-14,สยาม,False
C01127,ปวีณ,หญิง,35-44,B05,มหาวิทยาลัย,2025-09-15,087-xxx-5677,False,False,False,True,4,625,2025-09-15,2025-12-07,บางนา,False
C01128,ปิยะ,ชาย,18-24,B04,บางนา,2025-10-30,081-xxx-9198,False,False,False,False,0,0,,,,False
C01129,กมล,ชาย,18-24,B03,อารีย์,2026-08-10,089-xxx-3014,False,False,False,True,1,195,2026-09-07,2026-09-07,อารีย์,False
C01130,วีระ,หญิง,35-44,B02,สีลม,2025-09-07,085-xxx-5566,False,False,False,True,13,2227,2025-09-09,2026-05-18,สีลม,False
C01131,สุดา,ชาย,45-54,B01,สยาม,2026-08-21,082-xxx-7355,False,False,False,True,1,65,2026-09-08,2026-09-08,สยาม,False
C01132,อรุณ,ชาย,25-34,B04,บางนา,2026-04-03,084-xxx-3213,False,False,False,True,8,796,2026-04-24,2026-09-19,บางนา,False
C01133,วีระ,ชาย,35-44,B02,สีลม,2025-12-18,086-xxx-7009,False,False,False,True,6,595,2025-12-30,2026-05-18,สีลม,False
C01134,พิม,ชาย,25-34,B02,สีลม,2025-05-18,085-xxx-3808,False,False,False,True,37,5196,2025-05-26,2026-07-24,สีลม,False
C01135,อัญชลี,ไม่ระบุ,18-24,B02,สีลม,2026-04-10,081-xxx-7457,False,False,False,True,4,425,2026-05-03,2026-09-11,สีลม,False
C01136,ปวีณ,หญิง,ต่ำกว่า 18,B04,บางนา,2025-11-10,083-xxx-2114,False,True,False,True,3,353,2025-11-10,2025-12-28,บางนา,False
C01137,จิรา,ชาย,35-44,B02,สีลม,2025-10-03,087-xxx-7109,False,False,False,True,2,383,2025-10-30,2025-11-08,บางนา,False
C01138,นภัส,ชาย,45-54,B02,สีลม,2026-06-23,089-xxx-2544,False,False,False,True,4,395,2026-07-04,2026-09-04,สีลม,False
C01139,กมล,หญิง,25-34,B02,สีลม,2025-10-01,082-xxx-8596,False,False,False,True,15,1674,2025-10-29,2026-07-31,สีลม,False
C01140,กมล,หญิง,25-34,B01,สยาม,2025-08-28,085-xxx-7318,False,False,False,True,18,2250,2025-08-31,2026-09-19,สยาม,False
C01141,ธีร,หญิง,25-34,B05,มหาวิทยาลัย,2025-12-31,081-xxx-7445,False,False,False,True,4,515,2026-01-16,2026-04-22,มหาวิทยาลัย,False
C01142,นภัส,ชาย,18-24,B04,บางนา,2025-11-06,088-xxx-3396,False,False,False,True,1,60,2025-11-10,2025-11-10,บางนา,False
C01143,ธนา,ชาย,25-34,B05,มหาวิทยาลัย,2026-01-08,087-xxx-9881,False,False,False,True,2,229,2026-01-22,2026-03-15,มหาวิทยาลัย,False
C01144,วรรณ,หญิง,25-34,B01,สยาม,2025-11-03,084-xxx-1229,False,False,False,True,9,1219,2025-11-06,2026-09-08,สยาม,False
C01145,อรุณ,ชาย,18-24,B03,อารีย์,2025-11-24,083-xxx-1227,False,False,False,True,19,2793,2025-11-24,2026-08-27,อารีย์,False
C01146,ณัฐ,ชาย,25-34,B01,สยาม,2025-06-03,082-xxx-4689,False,False,False,False,0,0,,,,False
C01147,ชนา,หญิง,25-34,B01,สยาม,2026-05-25,084-xxx-2494,False,False,False,True,1,255,2026-07-06,2026-07-06,สยาม,False
C01148,ปวีณ,หญิง,ต่ำกว่า 18,B01,สยาม,2025-08-06,084-xxx-1848,False,True,False,True,29,4017,2025-10-04,2026-09-07,สยาม,False
C01149,ปิยะ,หญิง,55+,B02,สีลม,2025-06-18,088-xxx-2128,False,False,False,True,6,750,2025-07-18,2026-04-05,สีลม,False
C01150,ชนา,ชาย,25-34,B05,มหาวิทยาลัย,2026-09-03,085-xxx-3266,False,False,False,True,1,60,2026-09-08,2026-09-08,มหาวิทยาลัย,False
C01151,สุดา,หญิง,25-34,B04,บางนา,2025-05-25,088-xxx-1819,False,False,False,True,12,1491,2025-06-01,2025-11-29,บางนา,False
C01152,พิม,ชาย,25-34,B02,สีลม,2025-10-11,083-xxx-7583,True,False,False,True,17,1756,2025-10-14,2026-05-20,สีลม,False
C01153,ชนา,ชาย,18-24,B03,อารีย์,2026-05-01,086-xxx-7053,False,False,False,True,6,655,2026-05-09,2026-07-05,อารีย์,False
C01154,ปวีณ,ไม่ระบุ,25-34,B05,มหาวิทยาลัย,2025-07-01,082-xxx-7591,False,False,False,True,9,1040,2025-07-31,2026-08-21,มหาวิทยาลัย,False
C01155,ณัฐ,ชาย,25-34,B01,สยาม,2026-06-12,085-xxx-3877,False,False,False,True,7,1250,2026-07-12,2026-09-04,สยาม,False
C01156,อรุณ,หญิง,25-34,B02,สีลม,2025-06-30,089-xxx-8367,False,False,False,True,10,1793,2025-07-31,2026-04-03,สีลม,False
C01157,ทิพย์,หญิง,25-34,B05,มหาวิทยาลัย,2026-05-27,086-xxx-9750,False,False,False,True,2,348,2026-08-16,2026-09-10,มหาวิทยาลัย,False
C01158,รัตนา,ชาย,25-34,B02,สีลม,2026-03-04,089-xxx-2372,False,False,False,False,0,0,,,,False
C01159,ทิพย์,หญิง,25-34,B02,สีลม,2025-09-08,088-xxx-5230,False,False,False,True,14,1547,2025-09-16,2026-04-10,สีลม,False
C01160,อัญชลี,หญิง,45-54,B01,สยาม,2025-11-13,086-xxx-8550,False,False,False,False,0,0,,,,False
C01161,กมล,หญิง,25-34,B03,อารีย์,2026-01-16,081-xxx-5586,False,False,False,True,1,75,2026-01-24,2026-01-24,อารีย์,False
C01162,จิรา,หญิง,35-44,B04,บางนา,2025-04-18,086-xxx-5255,False,False,False,True,32,4652,2025-05-02,2026-08-23,บางนา,False
C01163,อัญชลี,หญิง,25-34,B01,สยาม,2025-04-08,087-xxx-1476,True,False,False,True,22,3050,2025-04-21,2026-04-17,สยาม,False
C01164,สมชาย,หญิง,25-34,B01,สยาม,2026-03-24,081-xxx-9683,False,False,False,False,0,0,,,,False
C01165,ณัฐ,หญิง,35-44,B05,มหาวิทยาลัย,2026-04-16,083-xxx-8123,False,False,False,True,7,934,2026-04-22,2026-08-19,มหาวิทยาลัย,False
C01166,สุดา,ชาย,25-34,B04,บางนา,2026-02-27,082-xxx-8531,False,False,False,True,2,300,2026-04-01,2026-07-30,มหาวิทยาลัย,False
C01167,ทิพย์,หญิง,45-54,B01,สยาม,2026-08-05,087-xxx-7685,True,False,False,True,1,85,2026-09-12,2026-09-12,สยาม,False
C01168,จิรา,ชาย,35-44,B05,มหาวิทยาลัย,2026-08-04,083-xxx-4290,False,False,False,False,0,0,,,,False
C01169,ปิยะ,หญิง,45-54,B02,สีลม,2026-04-09,086-xxx-1647,False,False,False,True,6,907,2026-04-27,2026-09-08,สีลม,False
C01170,รัตนา,ชาย,35-44,B02,สีลม,2025-09-22,084-xxx-7358,False,False,False,True,3,315,2025-10-02,2026-03-01,สีลม,False
C01171,ณัฐ,หญิง,35-44,B04,บางนา,2025-04-07,082-xxx-9099,False,False,False,True,17,2098,2025-04-07,2026-06-21,บางนา,False
C01172,อรุณ,ชาย,25-34,B05,มหาวิทยาลัย,2026-03-31,081-xxx-1384,False,False,False,True,6,795,2026-04-29,2026-07-31,มหาวิทยาลัย,False
C01173,รัตนา,ชาย,35-44,B03,อารีย์,2026-04-29,088-xxx-3158,False,False,False,True,3,314,2026-05-31,2026-06-28,อารีย์,False
C01174,รัตนา,หญิง,45-54,B04,บางนา,2025-04-26,083-xxx-6068,False,False,False,True,30,3368,2025-04-27,2026-09-13,บางนา,False
C01175,มานพ,ชาย,25-34,B03,อารีย์,2026-03-09,086-xxx-8655,False,False,False,True,5,715,2026-03-20,2026-09-16,อารีย์,False
C01176,ณัฐ,หญิง,18-24,B03,อารีย์,2026-04-25,086-xxx-9297,False,False,False,True,8,1129,2026-05-14,2026-09-18,อารีย์,False
C01177,ภูมิ,ชาย,ต่ำกว่า 18,B05,มหาวิทยาลัย,2025-10-02,084-xxx-9636,False,True,False,True,1,65,2025-10-30,2025-10-30,มหาวิทยาลัย,False
C01178,พิม,หญิง,18-24,B01,สยาม,2026-06-24,085-xxx-5898,False,False,False,False,0,0,,,,False
C01179,ปวีณ,หญิง,25-34,B05,มหาวิทยาลัย,2025-07-18,081-xxx-1817,False,False,False,True,8,1427,2025-08-20,2026-09-01,มหาวิทยาลัย,False
C01180,รัตนา,หญิง,18-24,B02,สีลม,2025-06-08,089-xxx-5194,False,False,False,True,19,2406,2025-06-09,2026-08-27,สีลม,False
C01181,พิม,หญิง,18-24,B05,มหาวิทยาลัย,2025-10-31,082-xxx-1848,False,False,False,True,4,918,2026-03-02,2026-08-25,มหาวิทยาลัย,False
C01182,ชนา,ชาย,25-34,B05,มหาวิทยาลัย,2026-08-30,083-xxx-8811,False,False,False,False,0,0,,,,False
C01183,อรุณ,หญิง,18-24,B04,บางนา,2025-04-12,089-xxx-1015,False,False,False,True,28,4259,2025-04-23,2026-08-16,บางนา,False
C01184,ธนา,หญิง,25-34,B01,สยาม,2025-12-26,087-xxx-3227,False,False,False,True,3,335,2026-04-15,2026-07-25,สยาม,False
C01185,ภูมิ,ชาย,45-54,B05,มหาวิทยาลัย,2025-08-11,081-xxx-9671,False,False,False,True,1,50,2025-08-27,2025-08-27,มหาวิทยาลัย,False
C01186,ภัทร,หญิง,18-24,B03,อารีย์,2025-12-10,085-xxx-4981,False,False,False,True,16,2047,2025-12-14,2026-08-16,อารีย์,False
C01187,รัตนา,ไม่ระบุ,ต่ำกว่า 18,B01,สยาม,2026-01-25,081-xxx-6898,False,True,False,False,0,0,,,,False
C01188,ณัฐ,ชาย,35-44,B01,สยาม,2026-01-20,081-xxx-2195,False,False,False,True,3,260,2026-03-02,2026-09-14,สยาม,False
C01189,มานพ,ชาย,ต่ำกว่า 18,B05,มหาวิทยาลัย,2025-11-18,088-xxx-6619,False,True,False,True,1,110,2026-01-12,2026-01-12,มหาวิทยาลัย,False
C01190,ชนา,หญิง,35-44,B05,มหาวิทยาลัย,2025-08-01,083-xxx-5549,True,False,False,True,6,909,2025-09-11,2026-07-18,มหาวิทยาลัย,False
C01191,พิม,หญิง,25-34,B01,สยาม,2025-09-19,088-xxx-8914,False,False,False,True,3,470,2026-01-11,2026-06-14,สยาม,False
C01192,ทิพย์,หญิง,18-24,B05,มหาวิทยาลัย,2026-04-05,083-xxx-2559,False,False,False,True,3,454,2026-05-05,2026-07-03,มหาวิทยาลัย,False
C01193,เกศ,ชาย,35-44,B01,สยาม,2026-04-06,089-xxx-6355,False,False,False,True,3,310,2026-04-07,2026-08-16,สยาม,False
C01194,อัญชลี,หญิง,35-44,B05,มหาวิทยาลัย,2025-08-05,087-xxx-8620,False,False,False,True,11,1315,2025-09-17,2026-08-19,มหาวิทยาลัย,False
C01195,ปวีณ,หญิง,25-34,B02,สีลม,2026-02-04,085-xxx-3654,False,False,False,True,1,85,2026-02-26,2026-02-26,สีลม,False
C01196,อัญชลี,ชาย,55+,B05,มหาวิทยาลัย,2026-08-26,088-xxx-1122,False,False,False,True,2,235,2026-09-02,2026-09-04,มหาวิทยาลัย,False
C01197,รัตนา,หญิง,18-24,B01,สยาม,2025-04-28,082-xxx-5654,False,False,False,True,20,2861,2025-05-17,2026-08-19,สยาม,False
C01198,ปิยะ,หญิง,35-44,B05,มหาวิทยาลัย,2026-05-18,082-xxx-2821,False,False,False,True,5,858,2026-06-09,2026-09-10,มหาวิทยาลัย,False
C01199,วีระ,หญิง,35-44,B04,บางนา,2026-05-11,089-xxx-6758,False,False,False,False,0,0,,,,False
C01200,อัญชลี,หญิง,18-24,B02,สีลม,2026-07-01,088-xxx-4549,False,False,False,True,2,215,2026-08-18,2026-09-16,สีลม,False
C01201,วรรณ,หญิง,35-44,B03,อารีย์,2026-02-12,086-xxx-9393,False,False,False,True,6,789,2026-02-28,2026-08-26,อารีย์,False
C01202,มานพ,หญิง,25-34,B05,มหาวิทยาลัย,2026-01-22,087-xxx-2778,False,False,False,True,2,239,2026-02-26,2026-03-30,มหาวิทยาลัย,False
C01203,ณัฐ,ไม่ระบุ,18-24,B02,สีลม,2025-10-20,089-xxx-3765,False,False,False,True,18,1968,2025-10-24,2026-08-01,สีลม,False
C01204,อัญชลี,ชาย,45-54,B05,มหาวิทยาลัย,2026-08-01,083-xxx-5422,False,False,False,True,1,95,2026-08-05,2026-08-05,มหาวิทยาลัย,False
C01205,สุดา,หญิง,25-34,B04,บางนา,2025-05-11,083-xxx-9822,False,False,False,True,10,929,2025-05-29,2026-09-04,บางนา,False
C01206,วรรณ,ชาย,25-34,B01,สยาม,2025-06-10,081-xxx-3636,False,False,False,True,9,774,2025-07-23,2026-02-18,สยาม,False
C01207,อัญชลี,หญิง,35-44,B03,อารีย์,2025-12-23,084-xxx-4804,False,False,False,True,8,988,2026-01-24,2026-05-12,อารีย์,False
C01208,นภัส,ชาย,25-34,B04,บางนา,2025-07-29,087-xxx-8881,False,False,False,True,9,750,2025-08-20,2026-08-05,บางนา,False
C01209,จิรา,หญิง,35-44,B03,อารีย์,2025-11-27,088-xxx-6993,False,False,False,True,9,1504,2025-12-12,2026-02-09,อารีย์,False
C01210,พิม,ชาย,45-54,B05,มหาวิทยาลัย,2025-08-26,089-xxx-6835,False,False,False,True,2,144,2025-09-29,2025-10-05,มหาวิทยาลัย,False
C01211,วรรณ,ชาย,45-54,B02,สีลม,2025-11-14,089-xxx-1651,False,False,False,False,0,0,,,,False
C01212,ณัฐ,ไม่ระบุ,18-24,B04,บางนา,2026-04-02,083-xxx-7516,False,False,False,True,3,195,2026-05-04,2026-08-06,บางนา,False
C01213,ธนา,หญิง,25-34,B05,มหาวิทยาลัย,2026-01-29,082-xxx-6358,True,False,False,True,6,893,2026-01-31,2026-08-25,มหาวิทยาลัย,False
C01214,ธีร,หญิง,25-34,B01,สยาม,2025-07-30,089-xxx-3237,False,False,False,True,1,310,2025-08-17,2025-08-17,สยาม,False
C01215,นภัส,หญิง,25-34,B01,สยาม,2026-01-30,085-xxx-3565,False,False,False,True,19,2250,2026-02-12,2026-09-20,สยาม,False
C01216,อัญชลี,หญิง,18-24,B03,อารีย์,2026-03-07,087-xxx-3803,False,False,False,True,4,355,2026-03-08,2026-07-07,อารีย์,False
C01217,พิม,หญิง,18-24,B05,มหาวิทยาลัย,2026-08-09,081-xxx-3633,False,False,False,True,2,510,2026-08-10,2026-08-27,มหาวิทยาลัย,False
C01218,จิรา,หญิง,35-44,B01,สยาม,2026-03-04,086-xxx-2451,False,False,False,True,16,1548,2026-03-22,2026-08-22,สยาม,False
C01219,สมชาย,ชาย,35-44,B05,มหาวิทยาลัย,2025-10-21,086-xxx-4831,False,False,False,True,7,890,2025-11-20,2026-07-16,มหาวิทยาลัย,False
C01220,ภัทร,หญิง,18-24,B04,บางนา,2025-05-21,084-xxx-5956,False,False,False,True,19,2747,2025-05-21,2026-07-24,บางนา,False
C01221,ปวีณ,หญิง,35-44,B04,บางนา,2026-01-15,082-xxx-7013,False,False,False,True,19,2734,2026-01-24,2026-08-17,บางนา,False
C01222,ปวีณ,ชาย,25-34,B05,มหาวิทยาลัย,2025-09-15,081-xxx-4280,False,False,False,True,6,1384,2025-10-28,2026-09-10,มหาวิทยาลัย,False
C01223,วรรณ,ชาย,45-54,B05,มหาวิทยาลัย,2026-06-21,088-xxx-4004,False,False,False,False,0,0,,,,False
C01224,ปวีณ,หญิง,25-34,B01,สยาม,2026-02-05,083-xxx-9623,False,False,False,True,5,615,2026-03-31,2026-07-20,สยาม,False
C01225,อัญชลี,หญิง,18-24,B05,มหาวิทยาลัย,2026-03-26,087-xxx-8720,False,False,False,True,3,285,2026-07-03,2026-09-17,มหาวิทยาลัย,False
C01226,อรุณ,ชาย,ต่ำกว่า 18,B04,บางนา,2026-04-01,083-xxx-8877,False,True,False,True,1,85,2026-07-08,2026-07-08,บางนา,False
C01227,ปิยะ,ชาย,18-24,B05,มหาวิทยาลัย,2026-03-21,085-xxx-2905,False,False,False,True,1,275,2026-03-30,2026-03-30,มหาวิทยาลัย,False
C01228,กิตติ,หญิง,ต่ำกว่า 18,B01,สยาม,2025-06-11,082-xxx-4133,False,True,False,True,13,2275,2025-06-19,2026-02-01,สยาม,False
C01229,นภัส,ชาย,25-34,B05,มหาวิทยาลัย,2025-08-22,082-xxx-4352,False,False,False,False,0,0,,,,False
C01230,ชนา,หญิง,18-24,B01,สยาม,2026-04-02,083-xxx-4411,False,False,False,True,2,225,2026-04-18,2026-06-13,สยาม,False
C01231,รัตนา,ชาย,25-34,B01,สยาม,2025-08-18,083-xxx-1814,False,False,False,True,5,394,2025-09-09,2025-11-19,สยาม,False
C01232,รัตนา,ชาย,18-24,B05,มหาวิทยาลัย,2025-12-15,082-xxx-5348,False,False,False,True,6,815,2026-02-03,2026-09-15,มหาวิทยาลัย,False
C01233,ปวีณ,หญิง,25-34,B01,สยาม,2025-08-22,087-xxx-6253,False,False,False,True,2,334,2025-08-28,2025-10-06,สยาม,False
C01234,จิรา,ชาย,35-44,B03,อารีย์,2026-07-10,088-xxx-5830,False,False,False,True,1,140,2026-09-20,2026-09-20,อารีย์,False
C01235,พิม,หญิง,25-34,B05,มหาวิทยาลัย,2025-06-17,088-xxx-5938,False,False,False,True,9,1070,2025-06-25,2026-09-07,มหาวิทยาลัย,False
C01236,ธนา,หญิง,18-24,B02,สีลม,2026-03-06,087-xxx-1788,True,False,False,True,10,1194,2026-03-06,2026-08-25,สีลม,False
C01237,สุดา,หญิง,35-44,B02,สีลม,2025-12-24,088-xxx-6922,False,False,False,True,9,1329,2026-01-02,2026-08-22,สีลม,False
C01238,พิม,หญิง,35-44,B02,สีลม,2026-04-25,086-xxx-3320,False,False,False,True,2,95,2026-06-08,2026-07-03,สีลม,False
C01239,เกศ,หญิง,25-34,B03,อารีย์,2026-08-26,083-xxx-8844,True,False,False,True,1,350,2026-09-06,2026-09-06,อารีย์,False
C01240,ศิริ,ชาย,35-44,B04,บางนา,2025-05-05,084-xxx-4005,False,False,False,True,22,2767,2025-05-13,2026-08-14,บางนา,False
C01241,วีระ,ชาย,55+,B01,สยาม,2026-08-11,085-xxx-6101,False,False,False,False,0,0,,,,False
C01242,ปิยะ,ชาย,35-44,B02,สีลม,2026-03-09,088-xxx-4031,False,False,False,True,1,274,2026-03-26,2026-03-26,สีลม,False
C01243,วรรณ,ชาย,35-44,B02,สีลม,2026-07-25,084-xxx-7432,False,False,False,False,0,0,,,,False
C01244,มานพ,หญิง,55+,B05,มหาวิทยาลัย,2025-07-09,082-xxx-3367,False,False,False,True,4,694,2025-08-19,2026-02-14,มหาวิทยาลัย,False
C01245,ทิพย์,ชาย,25-34,B05,มหาวิทยาลัย,2026-08-28,082-xxx-9021,False,False,False,False,0,0,,,,False
C01246,ศิริ,ชาย,55+,B05,มหาวิทยาลัย,2026-05-10,082-xxx-2537,False,False,False,True,2,230,2026-06-29,2026-08-20,มหาวิทยาลัย,False
C01247,สมชาย,หญิง,18-24,B02,สีลม,2026-08-18,089-xxx-6851,False,False,False,False,0,0,,,,False
C01248,กิตติ,หญิง,25-34,B05,มหาวิทยาลัย,2025-05-28,086-xxx-8815,False,False,False,False,0,0,,,,False
C01249,ปวีณ,หญิง,25-34,B02,สีลม,2026-07-20,085-xxx-6362,False,False,False,True,1,85,2026-07-27,2026-07-27,สีลม,False
C01250,มานพ,ชาย,25-34,B05,มหาวิทยาลัย,2026-03-30,084-xxx-9957,False,False,False,True,1,60,2026-04-21,2026-04-21,มหาวิทยาลัย,False
C01251,อัญชลี,ชาย,ต่ำกว่า 18,B02,สีลม,2025-07-12,087-xxx-8809,False,True,False,True,19,2577,2025-07-27,2026-05-11,สีลม,False
C01252,กมล,หญิง,55+,B03,อารีย์,2026-09-10,089-xxx-9213,False,False,False,True,1,139,2026-09-16,2026-09-16,อารีย์,False
C01253,ศิริ,ชาย,18-24,B01,สยาม,2025-12-09,081-xxx-7267,False,False,False,True,7,1319,2026-02-07,2026-03-23,สยาม,False
C01254,ธนา,ชาย,18-24,B01,สยาม,2025-06-03,088-xxx-3777,False,False,False,True,9,974,2025-06-25,2026-03-10,สยาม,False
C01255,นภัส,หญิง,35-44,B04,บางนา,2025-05-01,083-xxx-2065,True,False,False,True,16,1760,2025-05-17,2026-07-11,บางนา,False
C01256,พิม,ชาย,45-54,B03,อารีย์,2025-11-06,084-xxx-5706,False,False,False,True,11,1579,2025-12-02,2026-03-10,อารีย์,False
C01257,ทิพย์,หญิง,25-34,B02,สีลม,2026-05-03,082-xxx-6457,False,False,False,True,7,834,2026-05-28,2026-09-17,สีลม,False
C01258,มานพ,หญิง,25-34,B04,บางนา,2026-04-26,081-xxx-2100,False,False,False,True,2,210,2026-07-12,2026-07-15,บางนา,False
C01259,รัตนา,หญิง,35-44,B05,มหาวิทยาลัย,2026-09-04,082-xxx-9148,False,False,False,True,1,90,2026-09-14,2026-09-14,มหาวิทยาลัย,False
C01260,ธีร,หญิง,45-54,B04,บางนา,2025-06-23,082-xxx-7618,False,False,False,True,26,3280,2025-06-28,2026-09-13,บางนา,False
C01261,สมชาย,ไม่ระบุ,18-24,B01,สยาม,2025-04-09,087-xxx-4640,False,False,False,True,11,1360,2025-04-12,2026-08-01,สยาม,False
C01262,วีระ,ชาย,35-44,B03,อารีย์,2026-02-20,088-xxx-3372,False,False,False,True,1,129,2026-02-21,2026-02-21,อารีย์,False
C01263,กิตติ,หญิง,25-34,B02,สีลม,2025-07-20,081-xxx-6791,False,False,False,True,7,715,2025-07-30,2026-04-27,สีลม,False
C01264,ปิยะ,หญิง,45-54,B05,มหาวิทยาลัย,2025-09-09,086-xxx-6926,False,False,False,True,2,240,2026-01-12,2026-05-14,มหาวิทยาลัย,False
C01265,สุดา,หญิง,25-34,B01,สยาม,2025-06-25,083-xxx-8917,False,False,False,True,6,679,2025-07-06,2026-06-07,สยาม,False
C01266,พิม,หญิง,18-24,B03,อารีย์,2025-11-01,083-xxx-2637,False,False,False,True,4,807,2025-11-02,2025-12-23,อารีย์,False
C01267,เกศ,ชาย,55+,B03,อารีย์,2026-02-04,083-xxx-8746,False,False,False,True,3,458,2026-02-04,2026-03-21,อารีย์,False
C01268,สมชาย,หญิง,55+,B03,อารีย์,2026-07-21,089-xxx-9184,False,False,False,True,1,90,2026-08-15,2026-08-15,อารีย์,False
C01269,วีระ,ชาย,18-24,B04,บางนา,2025-05-21,084-xxx-7819,False,False,False,True,8,968,2025-05-23,2025-09-15,บางนา,False
C01270,ธนา,หญิง,18-24,B01,สยาม,2026-06-09,088-xxx-4678,False,False,False,True,1,60,2026-09-14,2026-09-14,สยาม,False
C01271,รัตนา,ชาย,18-24,B04,บางนา,2026-05-11,089-xxx-7739,False,False,False,False,0,0,,,,False
C01272,ชนา,หญิง,25-34,B02,สีลม,2026-03-10,082-xxx-5926,False,False,False,True,2,135,2026-04-23,2026-06-16,สีลม,False
C01273,วรรณ,หญิง,18-24,B05,มหาวิทยาลัย,2025-10-28,088-xxx-8250,False,False,False,True,2,225,2025-11-19,2025-11-21,สีลม,False
C01274,กมล,หญิง,45-54,B04,บางนา,2025-08-24,087-xxx-5320,False,False,False,True,4,614,2025-10-03,2026-01-04,บางนา,False
C01275,นภัส,ชาย,25-34,B05,มหาวิทยาลัย,2025-08-01,083-xxx-3068,False,False,False,True,7,620,2025-08-25,2026-03-22,มหาวิทยาลัย,False
C01276,วรรณ,ชาย,35-44,B02,สีลม,2026-07-07,085-xxx-9855,False,False,False,True,1,80,2026-09-16,2026-09-16,สยาม,False
C01277,ภูมิ,หญิง,25-34,B01,สยาม,2026-04-12,081-xxx-1561,False,False,False,True,1,155,2026-09-20,2026-09-20,สยาม,False
C01278,ภัทร,หญิง,55+,B04,บางนา,2025-11-09,084-xxx-1750,False,False,False,True,12,1775,2025-11-11,2026-06-14,บางนา,False
C01279,สมชาย,หญิง,45-54,B01,สยาม,2026-05-08,086-xxx-9022,False,False,False,True,1,60,2026-06-15,2026-06-15,สยาม,False
C01280,วีระ,ชาย,35-44,B02,สีลม,2025-10-31,088-xxx-5303,False,False,False,True,11,1927,2025-11-18,2026-06-06,สีลม,False
C01281,สมชาย,ชาย,ต่ำกว่า 18,B05,มหาวิทยาลัย,2025-08-31,081-xxx-9480,False,True,False,True,7,1480,2025-09-08,2025-11-30,มหาวิทยาลัย,False
C01282,วีระ,ชาย,25-34,B01,สยาม,2026-06-05,082-xxx-2244,False,False,False,True,3,237,2026-06-07,2026-06-24,สยาม,False
C01283,ปวีณ,ชาย,35-44,B03,อารีย์,2026-08-22,083-xxx-4967,False,False,False,False,0,0,,,,False
C01284,ภูมิ,หญิง,25-34,B01,สยาม,2025-09-07,086-xxx-4063,False,False,False,True,3,455,2025-09-11,2025-10-02,สยาม,False
C01285,เกศ,ชาย,18-24,B03,อารีย์,2026-02-20,083-xxx-2609,False,False,False,True,5,778,2026-03-20,2026-08-26,อารีย์,False
C01286,อัญชลี,หญิง,18-24,B01,สยาม,2025-12-11,088-xxx-9907,False,False,False,True,1,65,2025-12-22,2025-12-22,บางนา,False
C01287,ธนา,ชาย,35-44,B05,มหาวิทยาลัย,2026-07-25,083-xxx-2300,False,False,False,True,1,149,2026-08-05,2026-08-05,มหาวิทยาลัย,False
C01288,ธนา,หญิง,ต่ำกว่า 18,B04,บางนา,2026-08-15,087-xxx-5383,False,True,False,False,0,0,,,,False
C01289,กิตติ,ชาย,25-34,B03,อารีย์,2026-04-26,088-xxx-7305,False,False,False,True,5,420,2026-05-06,2026-07-08,อารีย์,False
C01290,เกศ,หญิง,25-34,B04,บางนา,2025-07-13,089-xxx-1786,False,False,False,True,18,1852,2025-07-16,2026-08-29,บางนา,False
C01291,ปวีณ,หญิง,18-24,B05,มหาวิทยาลัย,2025-10-23,082-xxx-9977,False,False,False,True,11,1224,2025-11-30,2026-09-07,มหาวิทยาลัย,False
C01292,ทิพย์,หญิง,35-44,B01,สยาม,2025-04-01,082-xxx-4265,False,False,False,True,2,215,2025-04-02,2025-04-09,สยาม,False
C01293,จิรา,หญิง,35-44,B03,อารีย์,2026-03-27,083-xxx-6759,False,False,False,True,2,215,2026-06-13,2026-06-14,อารีย์,False
C01294,วีระ,หญิง,45-54,B01,สยาม,2026-06-05,089-xxx-6890,False,False,False,True,2,140,2026-09-01,2026-09-06,สยาม,False
C01295,กมล,ชาย,35-44,B01,สยาม,2025-12-03,082-xxx-1801,False,False,False,True,5,995,2025-12-22,2026-02-14,สยาม,False
C01296,วรรณ,ชาย,45-54,B04,บางนา,2025-05-23,081-xxx-5322,False,False,False,True,2,344,2025-06-03,2025-06-06,บางนา,False
C01297,สมชาย,หญิง,35-44,B01,สยาม,2025-04-21,081-xxx-7601,False,False,False,True,3,765,2025-05-16,2025-05-21,สยาม,False
C01298,มานพ,ชาย,18-24,B01,สยาม,2025-07-05,089-xxx-8183,False,False,False,False,0,0,,,,False
C01299,ปวีณ,ชาย,25-34,B05,มหาวิทยาลัย,2025-06-28,089-xxx-2403,False,False,False,True,7,958,2025-07-17,2026-07-02,มหาวิทยาลัย,False
C01300,ภัทร,ชาย,35-44,B02,สีลม,2025-09-02,083-xxx-7782,False,False,False,True,13,1544,2025-09-15,2026-08-03,สีลม,False
C01301,ปิยะ,ชาย,35-44,B02,สีลม,2026-06-04,081-xxx-3763,False,False,False,True,2,370,2026-07-13,2026-07-20,สีลม,False
C01302,สมชาย,ชาย,18-24,B05,มหาวิทยาลัย,2025-05-04,085-xxx-9877,False,False,False,True,14,1643,2025-05-09,2025-12-20,มหาวิทยาลัย,False
C01303,มานพ,ชาย,35-44,B05,มหาวิทยาลัย,2026-09-11,085-xxx-9066,False,False,False,False,0,0,,,,False
C01304,กมล,ชาย,55+,B01,สยาม,2026-01-20,081-xxx-2287,False,False,False,True,2,334,2026-02-24,2026-04-06,สยาม,False
C01305,พิม,ไม่ระบุ,25-34,B04,บางนา,2026-07-12,082-xxx-7892,False,False,False,False,0,0,,,,False
C01306,ศิริ,ชาย,35-44,B03,อารีย์,2026-08-05,083-xxx-6082,False,False,False,False,0,0,,,,False
C01307,ธนา,หญิง,18-24,B05,มหาวิทยาลัย,2025-09-04,088-xxx-7647,True,False,False,True,1,225,2025-10-07,2025-10-07,มหาวิทยาลัย,False
C01308,ภัทร,หญิง,18-24,B05,มหาวิทยาลัย,2025-08-08,081-xxx-8696,False,False,False,True,8,610,2025-10-07,2026-07-02,มหาวิทยาลัย,False
C01309,ปิยะ,ชาย,35-44,B03,อารีย์,2026-05-18,081-xxx-2351,False,False,False,True,2,240,2026-05-19,2026-06-03,อารีย์,False
C01310,ภูมิ,หญิง,18-24,B05,มหาวิทยาลัย,2025-11-28,086-xxx-3177,False,False,False,True,6,898,2026-01-10,2026-09-13,มหาวิทยาลัย,False
C01311,ศิริ,ชาย,25-34,B02,สีลม,2025-07-14,082-xxx-5421,False,False,False,True,13,2097,2025-07-16,2026-09-02,สีลม,False
C01312,ธีร,ไม่ระบุ,18-24,B02,สีลม,2026-09-09,087-xxx-5613,False,False,False,True,1,70,2026-09-16,2026-09-16,สีลม,False
C01313,ชนา,ชาย,25-34,B02,สีลม,2025-04-19,081-xxx-9088,False,False,False,True,9,1384,2025-05-01,2026-05-03,สีลม,False
C01314,ธนา,หญิง,25-34,B01,สยาม,2026-09-03,088-xxx-9545,False,False,False,False,0,0,,,,False
C01315,จิรา,ชาย,25-34,B03,อารีย์,2026-01-26,081-xxx-8778,False,False,False,True,9,1460,2026-03-03,2026-09-11,อารีย์,False
C01316,ภัทร,ชาย,25-34,B04,บางนา,2025-05-26,088-xxx-4229,True,False,False,True,16,1935,2025-06-08,2026-09-13,บางนา,False
C01317,ภูมิ,หญิง,25-34,B01,สยาม,2025-11-06,089-xxx-3325,False,False,False,True,7,1115,2025-11-22,2026-09-06,สยาม,False
C01318,ศิริ,ชาย,18-24,B05,มหาวิทยาลัย,2026-04-17,083-xxx-5629,False,False,False,False,0,0,,,,False
C01319,นภัส,ชาย,45-54,B01,สยาม,2025-07-27,088-xxx-4129,False,False,False,True,2,154,2025-08-06,2025-08-15,สยาม,False
C01320,รัตนา,ชาย,25-34,B01,สยาม,2026-07-22,082-xxx-9857,False,False,False,False,0,0,,,,False
C01321,รัตนา,หญิง,18-24,B01,สยาม,2025-09-11,084-xxx-8412,False,False,False,True,6,1023,2025-09-22,2026-01-15,สยาม,False
C01322,ธนา,ชาย,25-34,B05,มหาวิทยาลัย,2026-02-19,084-xxx-1800,True,False,False,True,4,555,2026-02-27,2026-07-09,มหาวิทยาลัย,False
C01323,จิรา,หญิง,35-44,B04,บางนา,2026-01-11,087-xxx-7590,False,False,False,True,5,764,2026-01-28,2026-03-11,บางนา,False
C01324,วีระ,ชาย,25-34,B01,สยาม,2026-08-07,088-xxx-8025,False,False,False,False,0,0,,,,False
C01325,กมล,ชาย,35-44,B03,อารีย์,2026-05-06,083-xxx-7242,False,False,False,True,2,320,2026-05-10,2026-06-21,อารีย์,False
C01326,กมล,หญิง,18-24,B03,อารีย์,2026-09-08,084-xxx-4633,False,False,False,False,0,0,,,,False
C01327,วรรณ,หญิง,55+,B05,มหาวิทยาลัย,2026-07-12,082-xxx-9486,False,False,False,False,0,0,,,,False
C01328,กิตติ,ไม่ระบุ,18-24,B01,สยาม,2026-07-19,081-xxx-1006,False,False,False,True,1,245,2026-08-01,2026-08-01,สยาม,False
C01329,จิรา,ชาย,25-34,B03,อารีย์,2025-12-16,084-xxx-4808,True,False,False,True,2,170,2025-12-17,2025-12-26,อารีย์,False
C01330,พิม,หญิง,35-44,B03,อารีย์,2026-08-17,081-xxx-7511,False,False,False,False,0,0,,,,False
C01331,นภัส,ชาย,25-34,B02,สีลม,2025-10-16,088-xxx-1692,False,False,False,True,5,637,2025-10-21,2026-05-07,สีลม,False
C01332,ชนา,ชาย,25-34,B03,อารีย์,2026-06-25,086-xxx-8965,False,False,False,True,3,455,2026-08-24,2026-09-09,อารีย์,False
C01333,จิรา,ชาย,45-54,B05,มหาวิทยาลัย,2026-01-08,083-xxx-6837,False,False,False,False,0,0,,,,False
C01334,จิรา,ชาย,18-24,B04,บางนา,2025-10-21,083-xxx-2892,False,False,False,True,20,2331,2025-10-27,2026-09-03,บางนา,False
C01335,เกศ,หญิง,35-44,B03,อารีย์,2025-11-24,081-xxx-3494,False,False,False,True,2,550,2025-12-05,2025-12-07,อารีย์,False
C01336,ภูมิ,ชาย,18-24,B01,สยาม,2025-05-14,088-xxx-7674,False,False,False,True,1,65,2025-05-21,2025-05-21,สยาม,False
C01337,ชนา,หญิง,18-24,B01,สยาม,2025-07-09,085-xxx-8796,False,False,False,True,12,1520,2025-07-12,2026-06-27,สยาม,False
C01338,จิรา,หญิง,18-24,B03,อารีย์,2026-04-21,085-xxx-9717,False,False,False,True,8,1003,2026-04-28,2026-09-20,อารีย์,False
C01339,เกศ,หญิง,35-44,B03,อารีย์,2025-12-28,085-xxx-6092,False,False,False,True,5,630,2026-01-15,2026-06-29,อารีย์,False
C01340,ภัทร,หญิง,18-24,B05,มหาวิทยาลัย,2025-12-27,081-xxx-3940,False,False,False,True,1,75,2026-01-15,2026-01-15,มหาวิทยาลัย,False
C01341,ธีร,หญิง,25-34,B04,บางนา,2026-01-19,089-xxx-8576,False,False,False,True,12,1539,2026-02-14,2026-07-07,บางนา,False
C01342,มานพ,หญิง,35-44,B02,สีลม,2025-07-27,084-xxx-2109,False,False,False,True,6,658,2025-08-05,2026-08-24,สีลม,False
C01343,ภูมิ,หญิง,25-34,B05,มหาวิทยาลัย,2026-04-16,086-xxx-5671,False,False,False,True,6,1093,2026-05-07,2026-07-27,มหาวิทยาลัย,False
C01344,กิตติ,หญิง,18-24,B02,สีลม,2026-05-02,081-xxx-4472,False,False,False,True,3,444,2026-05-09,2026-06-27,สีลม,False
C01345,ปวีณ,ชาย,18-24,B02,สีลม,2025-11-12,081-xxx-8313,False,False,False,False,0,0,,,,False
C01346,กมล,หญิง,25-34,B01,สยาม,2026-08-05,089-xxx-3165,False,False,False,False,0,0,,,,False
C01347,ภัทร,หญิง,55+,B02,สีลม,2025-11-21,083-xxx-3541,False,False,False,True,16,1945,2025-12-03,2026-08-31,สีลม,False
C01348,อัญชลี,หญิง,18-24,B01,สยาม,2025-12-14,089-xxx-6378,False,False,False,True,7,1039,2025-12-17,2026-09-06,สยาม,False
C01349,ธนา,หญิง,25-34,B05,มหาวิทยาลัย,2025-10-30,083-xxx-6925,False,False,False,True,1,255,2025-11-20,2025-11-20,มหาวิทยาลัย,False
C01350,อรุณ,หญิง,18-24,B02,สีลม,2026-07-11,081-xxx-9271,False,False,False,False,0,0,,,,False
C01351,อรุณ,หญิง,18-24,B02,สีลม,2026-06-26,081-xxx-5407,False,False,False,True,3,325,2026-07-10,2026-08-01,สีลม,False
C01352,ทิพย์,หญิง,25-34,B03,อารีย์,2026-05-24,083-xxx-5080,False,False,False,True,1,90,2026-06-21,2026-06-21,มหาวิทยาลัย,False
C01353,ภูมิ,หญิง,25-34,B01,สยาม,2026-02-02,083-xxx-8292,False,False,False,False,0,0,,,,False
C01354,ทิพย์,หญิง,18-24,B03,อารีย์,2026-09-13,089-xxx-1643,False,False,False,False,0,0,,,,False
C01355,นภัส,หญิง,45-54,B05,มหาวิทยาลัย,2026-01-22,081-xxx-9499,False,False,False,False,0,0,,,,False
C01356,วรรณ,ชาย,45-54,B03,อารีย์,2026-05-12,084-xxx-8497,False,False,False,True,1,190,2026-05-24,2026-05-24,อารีย์,False
C01357,ทิพย์,หญิง,18-24,B02,สีลม,2026-08-03,089-xxx-3286,False,False,False,True,1,155,2026-08-05,2026-08-05,อารีย์,False
C01358,สมชาย,หญิง,35-44,B01,สยาม,2026-06-14,081-xxx-5348,False,False,False,True,2,160,2026-06-16,2026-08-05,สยาม,False
C01359,กิตติ,ชาย,18-24,B01,สยาม,2026-08-05,086-xxx-4365,False,False,False,True,2,205,2026-08-09,2026-09-11,สยาม,False
C01360,ปวีณ,ชาย,25-34,B01,สยาม,2025-09-29,083-xxx-8614,False,False,False,True,9,1206,2025-10-25,2026-06-09,สยาม,False
C01361,กมล,ชาย,35-44,B02,สีลม,2025-10-13,085-xxx-3663,False,False,False,True,2,540,2026-01-24,2026-03-12,สยาม,False
C01362,วรรณ,ชาย,25-34,B02,สีลม,2025-06-10,085-xxx-3900,False,False,False,True,19,2543,2025-06-21,2026-08-09,สีลม,False
C01363,นภัส,หญิง,35-44,B04,บางนา,2026-03-05,087-xxx-4632,False,False,False,True,2,146,2026-03-22,2026-06-08,บางนา,False
C01364,ศิริ,ชาย,25-34,B05,มหาวิทยาลัย,2025-10-23,084-xxx-6900,False,False,False,True,9,1109,2025-10-31,2026-09-02,มหาวิทยาลัย,False
C01365,ภัทร,ชาย,45-54,B02,สีลม,2025-07-10,085-xxx-2349,False,False,False,True,5,729,2025-07-24,2025-08-31,สีลม,False
C01366,กิตติ,ชาย,18-24,B03,อารีย์,2026-06-05,085-xxx-1703,False,False,False,True,1,89,2026-07-07,2026-07-07,อารีย์,False
C01367,รัตนา,หญิง,45-54,B01,สยาม,2025-04-21,081-xxx-6276,False,False,False,True,12,1345,2025-05-24,2026-03-19,สยาม,False
C01368,อัญชลี,หญิง,35-44,B05,มหาวิทยาลัย,2025-11-24,089-xxx-3738,False,False,False,True,3,409,2026-02-06,2026-07-29,มหาวิทยาลัย,False
C01369,นภัส,ชาย,35-44,B02,สีลม,2025-09-29,083-xxx-7608,False,False,False,True,7,685,2025-10-10,2026-05-25,สีลม,False
C01370,อรุณ,หญิง,35-44,B01,สยาม,2026-03-11,081-xxx-4947,False,False,False,True,2,320,2026-04-09,2026-04-18,สยาม,False
C01371,ภัทร,ชาย,35-44,B01,สยาม,2025-09-19,086-xxx-3109,False,False,False,True,7,1022,2025-10-02,2026-09-02,สยาม,False
C01372,อัญชลี,ชาย,ต่ำกว่า 18,B04,บางนา,2025-12-24,083-xxx-4395,False,True,False,True,16,1830,2026-01-07,2026-08-13,บางนา,False
C01373,ภูมิ,หญิง,18-24,B03,อารีย์,2026-08-11,088-xxx-3228,False,False,False,True,3,280,2026-08-22,2026-09-14,อารีย์,False
C01374,อัญชลี,ชาย,25-34,B02,สีลม,2026-09-11,084-xxx-6310,False,False,False,False,0,0,,,,False
C01375,อัญชลี,หญิง,18-24,B03,อารีย์,2026-08-20,084-xxx-7906,False,False,False,True,1,75,2026-08-25,2026-08-25,อารีย์,False
C01376,นภัส,ชาย,25-34,B01,สยาม,2025-06-17,083-xxx-5339,False,False,False,True,9,978,2025-07-06,2026-06-25,สยาม,False
C01377,ทิพย์,ชาย,18-24,B05,มหาวิทยาลัย,2025-12-27,082-xxx-8118,False,False,False,True,1,75,2026-01-07,2026-01-07,มหาวิทยาลัย,False
C01378,ชนา,ชาย,25-34,B01,สยาม,2025-06-10,089-xxx-7456,False,False,False,True,2,320,2025-06-12,2025-06-16,สยาม,False
C01379,สุดา,หญิง,25-34,B02,สีลม,2025-05-27,089-xxx-1262,False,False,False,True,12,1508,2025-06-10,2026-08-20,สีลม,False
C01380,จิรา,หญิง,35-44,B05,มหาวิทยาลัย,2025-05-13,081-xxx-1040,False,False,False,True,3,165,2025-05-19,2025-06-03,มหาวิทยาลัย,False
C01381,วรรณ,หญิง,18-24,B01,สยาม,2026-06-18,082-xxx-9328,False,False,False,True,1,85,2026-08-04,2026-08-04,สยาม,False
C01382,ปวีณ,ชาย,18-24,B05,มหาวิทยาลัย,2025-10-27,088-xxx-2607,False,False,False,True,2,205,2026-01-15,2026-03-21,มหาวิทยาลัย,False
C01383,ปิยะ,ชาย,18-24,B05,มหาวิทยาลัย,2025-04-02,089-xxx-8360,False,False,False,True,8,784,2025-04-11,2025-07-28,มหาวิทยาลัย,False
C01384,ภูมิ,หญิง,45-54,B02,สีลม,2026-04-27,089-xxx-7946,False,False,False,True,1,129,2026-05-05,2026-05-05,สีลม,False
C01385,ณัฐ,หญิง,35-44,B02,สีลม,2026-06-03,086-xxx-7479,False,False,False,True,6,888,2026-06-25,2026-09-18,สีลม,False
C01386,เกศ,ชาย,45-54,B01,สยาม,2026-05-25,085-xxx-8784,False,False,False,True,1,215,2026-06-14,2026-06-14,สยาม,False
C01387,ภัทร,หญิง,18-24,B02,สีลม,2026-07-19,084-xxx-6043,False,False,False,False,0,0,,,,False
C01388,อรุณ,ชาย,18-24,B02,สีลม,2025-12-27,084-xxx-2371,False,False,False,True,7,835,2026-01-01,2026-04-07,สีลม,False
C01389,ภูมิ,ชาย,35-44,B02,สีลม,2026-05-22,087-xxx-1706,False,False,False,False,0,0,,,,False
C01390,ปวีณ,ชาย,18-24,B01,สยาม,2025-07-07,085-xxx-7375,False,False,False,True,13,1929,2025-08-14,2026-06-01,สยาม,False
C01391,ธีร,หญิง,25-34,B05,มหาวิทยาลัย,2025-12-23,084-xxx-8513,False,False,False,True,2,375,2026-01-17,2026-01-20,สยาม,False
C01392,สมชาย,ชาย,25-34,B04,บางนา,2025-05-01,084-xxx-9101,False,False,False,True,20,2325,2025-05-03,2026-09-10,บางนา,False
C01393,วีระ,หญิง,25-34,B01,สยาม,2026-05-13,084-xxx-5080,False,False,False,True,1,65,2026-07-07,2026-07-07,สยาม,False
C01394,ศิริ,หญิง,18-24,B04,บางนา,2025-10-07,082-xxx-3093,False,False,False,True,6,955,2025-11-21,2026-03-05,บางนา,False
C01395,จิรา,ชาย,55+,B01,สยาม,2025-06-24,083-xxx-8508,False,False,False,True,27,3897,2025-07-05,2026-08-13,สยาม,False
C01396,นภัส,ชาย,25-34,B01,สยาม,2026-01-16,082-xxx-1031,False,False,False,True,9,1044,2026-01-21,2026-05-22,สยาม,False
C01397,รัตนา,หญิง,45-54,B04,บางนา,2026-03-31,083-xxx-7484,False,False,False,True,9,1143,2026-04-03,2026-09-14,บางนา,False
C01398,มานพ,ชาย,25-34,B04,บางนา,2025-07-08,086-xxx-5881,False,False,False,True,16,2045,2025-09-06,2026-08-07,บางนา,False
C01399,สมชาย,ชาย,18-24,B02,สีลม,2026-02-07,082-xxx-8222,False,False,False,True,1,80,2026-04-01,2026-04-01,สีลม,False
C01400,ณัฐ,ชาย,55+,B03,อารีย์,2026-03-19,082-xxx-7094,False,False,False,True,5,399,2026-04-06,2026-07-21,อารีย์,False
C01401,ภัทร,ชาย,35-44,B05,มหาวิทยาลัย,2026-03-07,087-xxx-9476,False,False,False,True,1,89,2026-05-20,2026-05-20,สีลม,False
C01402,ภูมิ,ชาย,45-54,B03,อารีย์,2026-03-15,085-xxx-3082,False,False,False,True,8,1070,2026-03-21,2026-09-09,อารีย์,False
C01403,เกศ,ชาย,35-44,B05,มหาวิทยาลัย,2026-07-27,086-xxx-6216,False,False,False,True,3,265,2026-08-01,2026-09-15,สยาม,False
C01404,ณัฐ,หญิง,ต่ำกว่า 18,B01,สยาม,2026-02-16,087-xxx-2185,False,True,False,True,4,430,2026-04-05,2026-08-21,สยาม,False
C01405,ภัทร,หญิง,55+,B04,บางนา,2025-05-19,086-xxx-5390,False,False,False,True,21,2984,2025-05-24,2026-07-21,บางนา,False
C01406,ปิยะ,หญิง,18-24,B02,สีลม,2026-03-20,086-xxx-7127,True,False,False,True,7,630,2026-03-21,2026-09-10,สีลม,False
C01407,กิตติ,หญิง,18-24,B02,สีลม,2025-05-01,084-xxx-6836,False,False,False,True,7,620,2025-05-30,2026-07-07,สีลม,False
C01408,อัญชลี,หญิง,25-34,B04,บางนา,2025-12-01,081-xxx-7316,False,False,False,True,12,1621,2025-12-21,2026-07-18,บางนา,False
C01409,ภูมิ,หญิง,25-34,B05,มหาวิทยาลัย,2026-07-25,086-xxx-4331,False,False,False,False,0,0,,,,False
C01410,ธีร,หญิง,25-34,B02,สีลม,2025-09-01,082-xxx-6049,False,False,False,True,14,1517,2025-09-20,2026-08-24,สีลม,False
C01411,วรรณ,หญิง,25-34,B01,สยาม,2025-11-18,086-xxx-9760,False,False,False,True,9,1184,2026-01-19,2026-09-13,สยาม,False
C01412,ทิพย์,ชาย,35-44,B05,มหาวิทยาลัย,2025-11-09,086-xxx-5478,False,False,False,True,5,529,2025-11-21,2026-06-01,มหาวิทยาลัย,False
C01413,รัตนา,หญิง,55+,B01,สยาม,2026-07-19,089-xxx-3043,False,False,False,True,2,255,2026-08-11,2026-08-22,สยาม,False
C01414,อัญชลี,หญิง,35-44,B02,สีลม,2026-01-28,088-xxx-3994,False,False,False,True,3,385,2026-02-01,2026-08-27,สีลม,False
C01415,ปิยะ,ชาย,45-54,B02,สีลม,2026-07-12,087-xxx-2067,False,False,False,False,0,0,,,,False
C01416,ภูมิ,หญิง,55+,B01,สยาม,2025-10-30,084-xxx-2500,False,False,False,False,0,0,,,,False
C01417,สมชาย,หญิง,25-34,B01,สยาม,2025-04-19,083-xxx-3977,False,False,False,True,9,1137,2025-05-07,2025-09-08,สยาม,False
C01418,ภัทร,หญิง,18-24,B01,สยาม,2026-04-03,087-xxx-6007,False,False,False,True,4,395,2026-04-12,2026-07-30,สยาม,False
C01419,ปิยะ,ชาย,18-24,B01,สยาม,2025-05-12,088-xxx-5991,False,False,False,True,15,1908,2025-05-18,2026-03-22,สยาม,False
C01420,สุดา,หญิง,18-24,B01,สยาม,2025-11-15,083-xxx-8071,False,False,False,True,5,624,2025-12-30,2026-04-22,สยาม,False
C01421,สุดา,หญิง,35-44,B04,บางนา,2025-10-29,083-xxx-3698,False,False,False,True,5,488,2025-11-11,2026-08-16,บางนา,False
C01422,นภัส,หญิง,45-54,B03,อารีย์,2026-01-15,085-xxx-1799,False,False,False,True,13,1602,2026-01-21,2026-09-10,อารีย์,False
C01423,ปิยะ,ชาย,35-44,B01,สยาม,2025-05-17,086-xxx-4456,False,False,False,True,12,1254,2025-05-17,2025-12-08,สยาม,False
C01424,วรรณ,ชาย,25-34,B05,มหาวิทยาลัย,2026-02-17,083-xxx-5127,False,False,False,False,0,0,,,,False
C01425,ธนา,หญิง,45-54,B05,มหาวิทยาลัย,2026-03-17,084-xxx-2945,False,False,False,True,1,140,2026-03-20,2026-03-20,มหาวิทยาลัย,False
C01426,ธีร,ไม่ระบุ,35-44,B05,มหาวิทยาลัย,2025-11-02,088-xxx-4135,False,False,False,True,1,200,2025-11-09,2025-11-09,มหาวิทยาลัย,False
C01427,ปิยะ,ชาย,25-34,B02,สีลม,2026-07-21,082-xxx-9720,False,False,False,True,1,324,2026-07-27,2026-07-27,สีลม,False
C01428,ธีร,ชาย,35-44,B02,สีลม,2026-08-30,087-xxx-6778,True,False,False,True,1,135,2026-09-10,2026-09-10,สีลม,False
C01429,นภัส,ชาย,35-44,B04,บางนา,2026-09-11,084-xxx-9224,False,False,False,False,0,0,,,,False
C01430,ภัทร,ชาย,45-54,B04,บางนา,2025-04-23,089-xxx-5522,False,False,False,True,15,1551,2025-05-27,2026-06-04,บางนา,False
C01431,สุดา,หญิง,35-44,B04,บางนา,2026-07-23,088-xxx-4233,False,False,False,True,1,140,2026-09-15,2026-09-15,บางนา,False
C01432,วรรณ,ชาย,25-34,B02,สีลม,2025-04-05,089-xxx-8387,False,False,False,True,23,3093,2025-04-15,2026-04-01,สีลม,False
C01433,อัญชลี,ชาย,55+,B05,มหาวิทยาลัย,2025-11-11,085-xxx-8215,False,False,False,True,4,374,2026-02-27,2026-04-28,มหาวิทยาลัย,False
C01434,วีระ,หญิง,25-34,B04,บางนา,2026-02-07,085-xxx-2249,False,False,False,True,4,575,2026-03-06,2026-06-06,บางนา,False
C01435,นภัส,หญิง,ต่ำกว่า 18,B04,บางนา,2025-09-23,087-xxx-7275,False,True,False,True,2,120,2025-10-03,2025-10-13,บางนา,False
C01436,สุดา,หญิง,35-44,B02,สีลม,2025-12-22,089-xxx-7026,False,False,False,True,3,345,2025-12-22,2026-08-24,สีลม,False
C01437,เกศ,หญิง,25-34,B01,สยาม,2026-03-10,082-xxx-2693,False,False,False,True,3,217,2026-03-24,2026-07-19,สยาม,False
C01438,ธนา,หญิง,25-34,B04,บางนา,2025-09-17,089-xxx-5633,False,False,False,True,5,619,2025-10-01,2026-09-09,บางนา,False
C01439,กมล,หญิง,35-44,B01,สยาม,2026-07-29,083-xxx-4565,False,False,False,True,1,110,2026-09-13,2026-09-13,สยาม,False
C01440,วรรณ,หญิง,25-34,B02,สีลม,2025-09-25,087-xxx-7884,False,False,False,True,9,1792,2025-10-19,2026-08-01,สีลม,False
C01441,อรุณ,หญิง,25-34,B01,สยาม,2026-01-25,083-xxx-2568,False,False,False,True,4,510,2026-01-26,2026-06-13,สยาม,False
C01442,ปวีณ,หญิง,18-24,B01,สยาม,2025-05-22,088-xxx-1104,False,False,False,True,8,1124,2025-05-25,2025-10-17,สยาม,False
C01443,มานพ,หญิง,25-34,B05,มหาวิทยาลัย,2026-04-25,084-xxx-3771,True,False,False,True,3,304,2026-05-10,2026-09-02,มหาวิทยาลัย,False
C01444,ภัทร,ชาย,25-34,B05,มหาวิทยาลัย,2025-10-31,083-xxx-2793,False,False,False,True,6,760,2025-12-20,2026-06-02,มหาวิทยาลัย,False
C01445,นภัส,ชาย,ต่ำกว่า 18,B01,สยาม,2026-07-10,088-xxx-6825,False,True,False,True,3,405,2026-08-02,2026-09-17,สยาม,False
C01446,มานพ,ชาย,25-34,B01,สยาม,2025-11-18,084-xxx-6411,False,False,False,True,9,1295,2025-12-23,2026-08-19,สยาม,False
C01447,ปวีณ,ไม่ระบุ,35-44,B02,สีลม,2025-07-24,082-xxx-5797,False,False,False,True,9,1053,2025-08-30,2026-07-14,สีลม,False
C01448,ธีร,หญิง,45-54,B01,สยาม,2026-04-02,083-xxx-5469,False,False,False,False,0,0,,,,False
C01449,ปิยะ,ชาย,35-44,B02,สีลม,2025-06-13,081-xxx-2663,False,False,False,True,15,2012,2025-06-25,2026-01-29,สีลม,False
C01450,อรุณ,ชาย,35-44,B01,สยาม,2026-09-13,088-xxx-9789,False,False,False,False,0,0,,,,False
C01451,สุดา,หญิง,25-34,B02,สีลม,2026-04-28,081-xxx-7400,False,False,False,True,8,1195,2026-05-06,2026-07-20,สีลม,False
C01452,ธนา,ชาย,18-24,B01,สยาม,2025-05-16,084-xxx-4954,False,False,False,True,2,345,2025-05-30,2025-07-06,สยาม,False
C01453,อัญชลี,หญิง,25-34,B05,มหาวิทยาลัย,2026-06-18,085-xxx-5366,False,False,False,True,2,175,2026-07-10,2026-07-19,มหาวิทยาลัย,False
C01454,พิม,หญิง,25-34,B01,สยาม,2025-09-01,088-xxx-6676,False,False,False,True,3,340,2025-09-09,2025-10-07,สยาม,False
C01455,กมล,หญิง,35-44,B02,สีลม,2026-09-14,082-xxx-4565,False,False,False,False,0,0,,,,False
C01456,กมล,ชาย,25-34,B03,อารีย์,2025-11-19,085-xxx-8443,False,False,False,True,14,2601,2025-11-19,2026-07-08,อารีย์,False
C01457,อรุณ,หญิง,35-44,B03,อารีย์,2026-05-02,085-xxx-7093,True,False,False,False,0,0,,,,False
C01458,นภัส,ชาย,35-44,B03,อารีย์,2026-03-19,087-xxx-6394,False,False,False,True,11,1394,2026-03-21,2026-09-08,อารีย์,False
C01459,กมล,หญิง,25-34,B02,สีลม,2025-08-04,083-xxx-1473,False,False,False,True,14,1368,2025-08-14,2026-09-16,สีลม,False
C01460,จิรา,หญิง,18-24,B02,สีลม,2026-09-10,086-xxx-6274,True,False,False,True,1,65,2026-09-15,2026-09-15,สีลม,False
C01461,ภัทร,หญิง,45-54,B01,สยาม,2026-08-10,085-xxx-4044,False,False,False,False,0,0,,,,False
C01462,สุดา,หญิง,45-54,B04,บางนา,2025-06-21,084-xxx-1682,False,False,False,True,14,1733,2025-07-23,2026-09-07,บางนา,False
C01463,รัตนา,ชาย,18-24,B04,บางนา,2026-06-12,082-xxx-4654,False,False,False,True,1,85,2026-08-27,2026-08-27,บางนา,False
C01464,ปิยะ,หญิง,25-34,B01,สยาม,2026-07-04,087-xxx-4268,False,False,False,False,0,0,,,,False
C01465,รัตนา,ชาย,25-34,B05,มหาวิทยาลัย,2026-07-08,086-xxx-1003,False,False,False,True,1,75,2026-08-03,2026-08-03,มหาวิทยาลัย,False
C01466,กมล,หญิง,18-24,B05,มหาวิทยาลัย,2026-01-21,084-xxx-9785,False,False,False,True,5,1069,2026-03-13,2026-08-13,สีลม,False
C01467,ธีร,หญิง,25-34,B01,สยาม,2026-05-19,084-xxx-9424,False,False,False,True,1,70,2026-05-19,2026-05-19,สยาม,False
C01468,วรรณ,หญิง,45-54,B02,สีลม,2025-06-22,086-xxx-8259,False,False,False,True,17,2658,2025-06-25,2026-08-17,สีลม,False
C01469,กิตติ,ชาย,25-34,B05,มหาวิทยาลัย,2026-02-08,085-xxx-6281,False,False,False,True,4,585,2026-02-17,2026-08-17,มหาวิทยาลัย,False
C01470,ภูมิ,หญิง,35-44,B02,สีลม,2025-10-06,088-xxx-8339,False,False,False,True,21,2200,2025-10-14,2026-09-11,สีลม,False
C01471,ธนา,ชาย,18-24,B05,มหาวิทยาลัย,2025-07-12,084-xxx-4395,False,False,False,True,4,334,2025-08-01,2025-09-30,มหาวิทยาลัย,False
C01472,กมล,หญิง,55+,B01,สยาม,2025-06-06,086-xxx-1180,False,False,False,True,14,1675,2025-06-18,2026-06-02,สยาม,False
C01473,พิม,หญิง,45-54,B02,สีลม,2026-08-30,088-xxx-8531,False,False,False,False,0,0,,,,False
C01474,กิตติ,หญิง,25-34,B04,บางนา,2025-12-26,089-xxx-4901,False,False,False,True,10,1273,2025-12-26,2026-08-29,บางนา,False
C01475,สมชาย,ชาย,45-54,B02,สีลม,2026-09-01,088-xxx-6389,False,False,False,False,0,0,,,,False
C01476,ศิริ,หญิง,45-54,B02,สีลม,2025-10-19,087-xxx-9714,False,False,False,True,15,2110,2025-11-04,2026-08-12,สีลม,False
C01477,จิรา,ชาย,25-34,B01,สยาม,2026-01-15,089-xxx-2894,True,False,False,True,3,624,2026-01-28,2026-08-02,สยาม,False
C01478,รัตนา,ชาย,35-44,B01,สยาม,2026-07-15,081-xxx-5032,False,False,False,True,1,265,2026-08-20,2026-08-20,สยาม,False
C01479,ธีร,ชาย,45-54,B04,บางนา,2025-10-22,084-xxx-5425,False,False,False,True,9,984,2025-11-28,2026-08-25,บางนา,False
C01480,กมล,หญิง,35-44,B03,อารีย์,2026-04-24,081-xxx-4380,False,False,False,True,2,185,2026-06-04,2026-06-12,อารีย์,False
C01481,รัตนา,หญิง,35-44,B01,สยาม,2026-08-10,082-xxx-3985,False,False,False,False,0,0,,,,False
C01482,กมล,หญิง,25-34,B05,มหาวิทยาลัย,2025-09-20,083-xxx-5083,True,False,False,True,11,1281,2025-10-17,2026-08-31,มหาวิทยาลัย,False
C01483,อรุณ,ชาย,25-34,B01,สยาม,2026-03-05,083-xxx-9544,False,False,False,True,5,808,2026-07-02,2026-08-12,สยาม,False
C01484,อัญชลี,หญิง,25-34,B04,บางนา,2025-06-15,081-xxx-8579,False,False,False,True,12,1483,2025-07-30,2026-08-28,บางนา,False
C01485,มานพ,หญิง,25-34,B02,สีลม,2026-02-01,081-xxx-5299,False,False,False,True,4,295,2026-02-03,2026-07-17,สีลม,False
C01486,กิตติ,หญิง,25-34,B05,มหาวิทยาลัย,2025-06-11,083-xxx-6977,False,False,False,True,12,1264,2025-06-26,2026-08-29,มหาวิทยาลัย,False
C01487,ภัทร,หญิง,18-24,B05,มหาวิทยาลัย,2025-05-05,083-xxx-2054,False,False,False,True,1,135,2025-05-25,2025-05-25,มหาวิทยาลัย,False
C01488,ปวีณ,ชาย,ต่ำกว่า 18,B01,สยาม,2025-11-06,082-xxx-8467,False,True,False,True,1,130,2025-11-30,2025-11-30,สยาม,False
C01489,กมล,ชาย,25-34,B05,มหาวิทยาลัย,2025-05-20,087-xxx-7831,False,False,False,True,23,3186,2025-06-02,2026-06-13,มหาวิทยาลัย,False
C01490,พิม,หญิง,25-34,B02,สีลม,2025-09-12,088-xxx-4456,False,False,False,True,6,810,2025-11-17,2026-03-18,สีลม,False
C01491,สุดา,ชาย,35-44,B01,สยาม,2026-04-09,084-xxx-3378,False,False,False,True,2,130,2026-04-27,2026-07-04,สยาม,False
C01492,วรรณ,หญิง,35-44,B01,สยาม,2026-05-23,085-xxx-3209,False,False,False,True,9,936,2026-05-27,2026-08-23,สยาม,False
C01493,ศิริ,ชาย,25-34,B02,สีลม,2026-07-16,081-xxx-3152,False,False,False,True,1,215,2026-07-29,2026-07-29,สีลม,False
C01494,จิรา,ชาย,25-34,B04,บางนา,2026-06-03,088-xxx-9683,False,False,False,True,3,325,2026-06-03,2026-08-29,บางนา,False
C01495,จิรา,หญิง,18-24,B02,สีลม,2025-04-06,089-xxx-6276,False,False,False,True,16,2092,2025-04-24,2026-09-18,สีลม,False
C01496,กมล,หญิง,18-24,B03,อารีย์,2026-01-18,082-xxx-6619,False,False,False,True,14,2024,2026-01-18,2026-09-13,อารีย์,False
C01497,อัญชลี,หญิง,25-34,B01,สยาม,2026-07-09,081-xxx-7031,False,False,False,False,0,0,,,,False
C01498,ธีร,หญิง,45-54,B05,มหาวิทยาลัย,2026-06-21,084-xxx-6164,False,False,False,True,1,65,2026-07-07,2026-07-07,มหาวิทยาลัย,False
C01499,ศิริ,หญิง,25-34,B02,สีลม,2025-06-27,083-xxx-8602,False,False,False,True,17,2349,2025-07-02,2026-07-16,สีลม,False
C01500,พิม,ชาย,ต่ำกว่า 18,B02,สีลม,2025-04-26,081-xxx-3398,False,True,False,True,19,1968,2025-05-14,2026-06-04,สีลม,False
C01501,ธนา,หญิง,45-54,B04,บางนา,2026-05-12,081-xxx-3146,False,False,False,True,1,185,2026-08-08,2026-08-08,บางนา,False
C01502,สมชาย,ชาย,25-34,B03,อารีย์,2025-12-04,083-xxx-2128,False,False,False,True,7,684,2025-12-10,2026-05-31,อารีย์,False
C01503,จิรา,หญิง,18-24,B02,สีลม,2026-05-26,088-xxx-6664,False,False,False,True,3,660,2026-06-01,2026-06-29,สีลม,False
C01504,ธีร,ชาย,35-44,B01,สยาม,2025-10-10,088-xxx-4866,False,False,False,True,9,969,2025-11-11,2026-01-29,สยาม,False
C01505,พิม,ชาย,35-44,B03,อารีย์,2026-07-09,087-xxx-6527,False,False,False,False,0,0,,,,False
C01506,จิรา,หญิง,18-24,B03,อารีย์,2025-12-02,082-xxx-3407,False,False,False,True,10,894,2025-12-03,2026-02-10,อารีย์,False
C01507,มานพ,ชาย,25-34,B05,มหาวิทยาลัย,2026-05-31,088-xxx-6096,False,False,False,False,0,0,,,,False
C01508,ณัฐ,หญิง,35-44,B01,สยาม,2026-05-09,083-xxx-1290,False,False,False,True,1,280,2026-08-29,2026-08-29,สยาม,False
C01509,จิรา,ชาย,45-54,B02,สีลม,2025-11-29,087-xxx-3237,False,False,False,True,7,970,2025-12-17,2026-04-28,สีลม,False
C01510,มานพ,หญิง,25-34,B03,อารีย์,2026-07-15,082-xxx-4112,False,False,False,True,1,354,2026-08-23,2026-08-23,อารีย์,False
C01511,สุดา,หญิง,25-34,B03,อารีย์,2026-02-25,084-xxx-5577,False,False,False,True,5,490,2026-03-28,2026-08-12,อารีย์,False
C01512,เกศ,ชาย,25-34,B02,สีลม,2026-09-03,081-xxx-3125,False,False,False,True,1,55,2026-09-14,2026-09-14,อารีย์,False
C01513,กมล,ชาย,25-34,B05,มหาวิทยาลัย,2025-10-06,083-xxx-8246,False,False,False,True,3,1034,2025-11-01,2026-08-08,สยาม,False
C01514,ณัฐ,หญิง,18-24,B01,สยาม,2026-04-01,087-xxx-6263,False,False,False,False,0,0,,,,False
C01515,ธีร,หญิง,18-24,B02,สีลม,2025-04-15,089-xxx-7149,False,False,False,True,10,1303,2025-04-21,2025-09-29,สีลม,False
C01516,ปวีณ,หญิง,18-24,B04,บางนา,2025-06-20,086-xxx-1464,False,False,False,True,5,665,2025-07-05,2026-02-21,บางนา,False
C01517,ธีร,หญิง,35-44,B01,สยาม,2026-03-12,081-xxx-7779,False,False,False,True,6,953,2026-03-21,2026-09-05,สยาม,False
C01518,รัตนา,หญิง,45-54,B05,มหาวิทยาลัย,2026-08-06,087-xxx-4191,False,False,False,True,1,89,2026-08-31,2026-08-31,มหาวิทยาลัย,False
C01519,พิม,หญิง,45-54,B02,สีลม,2026-02-16,084-xxx-7615,False,False,False,True,3,510,2026-03-20,2026-06-22,สีลม,False
C01520,ชนา,หญิง,25-34,B01,สยาม,2026-04-15,087-xxx-2207,False,False,False,True,2,180,2026-04-26,2026-08-07,สยาม,False
C01521,ทิพย์,หญิง,25-34,B01,สยาม,2025-05-26,081-xxx-3814,False,False,False,False,0,0,,,,False
C01522,อัญชลี,หญิง,18-24,B04,บางนา,2026-03-28,081-xxx-3514,False,False,False,True,2,400,2026-05-26,2026-08-11,บางนา,False
C01523,ปิยะ,ชาย,55+,B05,มหาวิทยาลัย,2025-07-18,083-xxx-4524,False,False,False,False,0,0,,,,False
C01524,วรรณ,ชาย,35-44,B05,มหาวิทยาลัย,2025-09-06,088-xxx-2976,False,False,False,True,2,195,2025-09-17,2025-09-26,มหาวิทยาลัย,False
C01525,ธีร,ชาย,45-54,B05,มหาวิทยาลัย,2025-09-29,085-xxx-2582,False,False,False,True,8,950,2025-10-24,2026-07-04,มหาวิทยาลัย,False
C01526,กมล,ชาย,45-54,B03,อารีย์,2026-02-05,086-xxx-4100,False,False,False,True,4,608,2026-03-09,2026-08-04,อารีย์,False
C01527,สุดา,หญิง,25-34,B02,สีลม,2025-09-22,084-xxx-9155,False,False,False,True,9,1121,2025-10-10,2026-08-21,สีลม,False
C01528,ปวีณ,ชาย,25-34,B01,สยาม,2026-02-12,088-xxx-7550,False,False,False,True,3,305,2026-04-05,2026-05-04,สยาม,False
C01529,ธนา,ชาย,25-34,B02,สีลม,2026-07-18,085-xxx-8851,False,False,False,True,1,234,2026-09-16,2026-09-16,สีลม,False
C01530,ศิริ,ชาย,45-54,B03,อารีย์,2026-07-17,088-xxx-9674,False,False,False,True,3,333,2026-07-27,2026-09-09,อารีย์,False
C01531,ภัทร,หญิง,35-44,B01,สยาม,2025-07-12,085-xxx-7220,False,False,False,True,6,710,2025-07-14,2025-12-03,สยาม,False
C01532,ภัทร,ชาย,18-24,B01,สยาม,2025-11-30,085-xxx-7054,False,False,False,True,2,160,2025-12-04,2026-02-11,สยาม,False
C01533,ภูมิ,ชาย,25-34,B05,มหาวิทยาลัย,2026-04-29,081-xxx-3311,False,False,False,True,4,390,2026-06-29,2026-08-05,มหาวิทยาลัย,False
C01534,ชนา,หญิง,18-24,B02,สีลม,2025-08-15,084-xxx-5785,False,False,False,True,10,1049,2025-09-16,2026-09-01,สีลม,False
C01535,ธีร,ชาย,18-24,B01,สยาม,2025-10-24,086-xxx-4050,False,False,False,True,14,2038,2026-01-29,2026-06-06,สยาม,False
C01536,กมล,หญิง,45-54,B01,สยาม,2025-10-05,087-xxx-7685,True,False,False,True,2,240,2025-12-11,2025-12-11,สยาม,False
C01537,ทิพย์,หญิง,35-44,B04,บางนา,2025-12-20,088-xxx-7415,False,False,False,True,10,1175,2026-02-14,2026-09-15,บางนา,False
C01538,วรรณ,หญิง,45-54,B01,สยาม,2025-08-14,082-xxx-1297,False,False,False,True,27,3168,2025-08-17,2026-08-31,สยาม,False
C01539,สุดา,ชาย,18-24,B03,อารีย์,2025-12-25,089-xxx-6164,False,False,False,True,12,1230,2026-01-22,2026-08-17,อารีย์,False
C01540,พิม,หญิง,45-54,B05,มหาวิทยาลัย,2026-07-08,088-xxx-2622,False,False,False,True,3,385,2026-07-27,2026-08-21,มหาวิทยาลัย,False
C01541,ธีร,หญิง,25-34,B05,มหาวิทยาลัย,2026-03-03,082-xxx-1222,False,False,False,True,1,65,2026-07-08,2026-07-08,มหาวิทยาลัย,False
C01542,รัตนา,หญิง,18-24,B04,บางนา,2026-08-28,089-xxx-5523,False,False,False,True,1,170,2026-09-17,2026-09-17,บางนา,False
C01543,พิม,หญิง,55+,B05,มหาวิทยาลัย,2025-11-17,082-xxx-4879,False,False,False,True,13,1625,2025-12-12,2026-09-17,มหาวิทยาลัย,False
C01544,วีระ,ชาย,18-24,B01,สยาม,2025-12-01,086-xxx-7367,False,False,False,True,4,425,2025-12-25,2026-03-31,สยาม,False
C01545,ภัทร,หญิง,ต่ำกว่า 18,B02,สีลม,2026-04-27,089-xxx-6535,False,True,False,True,3,250,2026-05-02,2026-07-15,สีลม,False
C01546,ชนา,ชาย,18-24,B04,บางนา,2026-01-11,084-xxx-1266,True,False,False,True,4,363,2026-02-21,2026-09-13,บางนา,False
C01547,กิตติ,ชาย,35-44,B05,มหาวิทยาลัย,2025-10-15,083-xxx-2010,False,False,False,False,0,0,,,,False
C01548,ธีร,ชาย,35-44,B03,อารีย์,2026-01-08,081-xxx-3904,False,False,False,True,12,1484,2026-01-09,2026-09-12,อารีย์,False
C01549,ภัทร,หญิง,45-54,B02,สีลม,2025-09-14,081-xxx-5316,False,False,False,True,10,1144,2025-09-22,2026-03-15,สีลม,False
C01550,วีระ,หญิง,35-44,B02,สีลม,2026-01-27,086-xxx-9612,False,False,False,True,1,65,2026-02-17,2026-02-17,สีลม,False
C01551,ภูมิ,หญิง,55+,B04,บางนา,2025-09-27,087-xxx-1485,False,False,False,True,2,240,2026-01-13,2026-06-05,อารีย์,False
C01552,วรรณ,หญิง,45-54,B05,มหาวิทยาลัย,2026-01-24,087-xxx-1116,False,False,False,True,1,95,2026-02-17,2026-02-17,สยาม,False
C01553,เกศ,หญิง,25-34,B01,สยาม,2026-03-30,089-xxx-7685,False,False,False,True,1,178,2026-04-27,2026-04-27,สยาม,False
C01554,ภัทร,ชาย,35-44,B05,มหาวิทยาลัย,2025-05-26,089-xxx-9636,False,False,False,True,3,623,2025-07-25,2025-12-09,มหาวิทยาลัย,False
C01555,ปิยะ,หญิง,35-44,B01,สยาม,2025-12-22,084-xxx-2355,False,False,False,True,4,904,2026-01-23,2026-05-16,สยาม,False
C01556,ปวีณ,หญิง,18-24,B01,สยาม,2026-07-31,087-xxx-3245,False,False,False,True,2,200,2026-08-03,2026-09-19,สยาม,False
C01557,ปิยะ,หญิง,35-44,B02,สีลม,2025-06-26,086-xxx-2889,False,False,False,False,0,0,,,,False
C01558,ธีร,หญิง,25-34,B01,สยาม,2025-05-24,087-xxx-4644,False,False,False,True,5,808,2025-07-06,2025-08-28,สยาม,False
C01559,ชนา,ชาย,18-24,B03,อารีย์,2026-08-11,086-xxx-3140,False,False,False,True,1,75,2026-09-16,2026-09-16,อารีย์,False
C01560,ณัฐ,หญิง,25-34,B02,สีลม,2025-10-28,081-xxx-9063,False,False,False,False,0,0,,,,False
C01561,อัญชลี,หญิง,ต่ำกว่า 18,B02,สีลม,2026-02-02,084-xxx-3970,False,True,False,True,3,255,2026-02-19,2026-06-10,สีลม,False
C01562,ภัทร,ชาย,25-34,B05,มหาวิทยาลัย,2025-05-02,081-xxx-7536,False,False,False,True,5,480,2025-06-14,2025-11-04,มหาวิทยาลัย,False
C01563,ชนา,หญิง,ต่ำกว่า 18,B02,สีลม,2025-09-17,089-xxx-7733,False,True,False,True,7,1035,2025-11-21,2026-03-18,สีลม,False
C01564,ปิยะ,ชาย,35-44,B05,มหาวิทยาลัย,2025-06-15,087-xxx-9297,False,False,False,True,9,1032,2025-11-11,2026-09-09,มหาวิทยาลัย,False
C01565,จิรา,หญิง,18-24,B02,สีลม,2026-09-05,087-xxx-2727,False,False,False,False,0,0,,,,False
C01566,ภูมิ,ชาย,18-24,B04,บางนา,2025-12-14,085-xxx-2798,False,False,False,True,8,655,2025-12-14,2026-06-10,บางนา,False
C01567,ธีร,หญิง,45-54,B01,สยาม,2026-06-12,086-xxx-3053,False,False,False,True,3,284,2026-06-16,2026-07-29,สยาม,False
C01568,เกศ,หญิง,25-34,B04,บางนา,2025-04-17,081-xxx-4615,False,False,False,True,7,919,2025-04-17,2025-08-22,บางนา,False
C01569,ชนา,ชาย,18-24,B04,บางนา,2026-08-28,084-xxx-6987,False,False,False,False,0,0,,,,False
C01570,อรุณ,หญิง,18-24,B02,สีลม,2026-08-23,089-xxx-8611,False,False,False,False,0,0,,,,False
C01571,ทิพย์,ชาย,25-34,B05,มหาวิทยาลัย,2026-05-13,082-xxx-4182,False,False,False,True,2,224,2026-06-22,2026-08-13,มหาวิทยาลัย,False
C01572,เกศ,ชาย,35-44,B04,บางนา,2026-04-26,088-xxx-6719,False,False,False,True,4,370,2026-04-26,2026-07-12,บางนา,False
C01573,วีระ,หญิง,ต่ำกว่า 18,B02,สีลม,2026-06-03,085-xxx-1669,False,True,False,True,4,270,2026-06-16,2026-08-28,สีลม,False
C01574,จิรา,หญิง,45-54,B05,มหาวิทยาลัย,2025-04-15,089-xxx-1754,False,False,False,True,13,1289,2025-04-28,2026-09-10,มหาวิทยาลัย,False
C01575,ปวีณ,ชาย,18-24,B02,สีลม,2026-09-11,081-xxx-6387,False,False,False,True,2,205,2026-09-13,2026-09-18,สีลม,False
C01576,สุดา,หญิง,25-34,B02,สีลม,2026-05-11,081-xxx-4667,False,False,False,True,9,819,2026-05-22,2026-09-12,สีลม,False
C01577,ปิยะ,ชาย,18-24,B02,สีลม,2026-08-10,083-xxx-6474,False,False,False,False,0,0,,,,False
C01578,ภูมิ,หญิง,35-44,B05,มหาวิทยาลัย,2026-07-05,088-xxx-6157,False,False,False,False,0,0,,,,False
C01579,ชนา,หญิง,45-54,B04,บางนา,2026-05-14,083-xxx-7777,False,False,False,True,1,129,2026-09-20,2026-09-20,บางนา,False
C01580,ภูมิ,หญิง,18-24,B03,อารีย์,2025-12-07,083-xxx-8342,False,False,False,True,8,692,2026-01-26,2026-09-12,อารีย์,False
C01581,กมล,ชาย,35-44,B05,มหาวิทยาลัย,2025-04-06,082-xxx-4538,False,False,False,True,9,893,2025-04-08,2025-06-24,มหาวิทยาลัย,False
C01582,ภัทร,ชาย,35-44,B04,บางนา,2026-04-27,084-xxx-6302,False,False,False,True,3,260,2026-05-05,2026-08-25,บางนา,False
C01583,วรรณ,ชาย,55+,B02,สีลม,2026-08-16,081-xxx-9135,False,False,False,True,2,230,2026-08-30,2026-09-01,สีลม,False
C01584,ธนา,ชาย,25-34,B05,มหาวิทยาลัย,2026-01-20,081-xxx-4184,False,False,False,True,4,545,2026-03-23,2026-07-28,มหาวิทยาลัย,False
C01585,อรุณ,ชาย,25-34,B04,บางนา,2026-04-16,085-xxx-3169,False,False,False,True,7,1238,2026-06-11,2026-08-07,บางนา,False
C01586,ภัทร,หญิง,18-24,B05,มหาวิทยาลัย,2026-05-01,086-xxx-1846,False,False,False,True,1,125,2026-08-17,2026-08-17,มหาวิทยาลัย,False
C01587,ภัทร,ชาย,18-24,B04,บางนา,2026-06-23,089-xxx-4837,False,False,False,True,1,145,2026-08-22,2026-08-22,บางนา,False
C01588,กิตติ,หญิง,18-24,B05,มหาวิทยาลัย,2025-10-02,087-xxx-9549,False,False,False,True,2,165,2026-03-23,2026-04-17,มหาวิทยาลัย,False
C01589,ทิพย์,หญิง,ต่ำกว่า 18,B05,มหาวิทยาลัย,2026-02-03,084-xxx-7481,False,True,False,True,1,65,2026-08-15,2026-08-15,สยาม,False
C01590,กิตติ,ชาย,25-34,B05,มหาวิทยาลัย,2026-05-06,089-xxx-1810,False,False,False,True,4,420,2026-05-14,2026-08-09,มหาวิทยาลัย,False
C01591,เกศ,หญิง,45-54,B05,มหาวิทยาลัย,2025-12-05,082-xxx-5944,False,False,False,False,0,0,,,,False
C01592,รัตนา,หญิง,45-54,B05,มหาวิทยาลัย,2025-09-10,087-xxx-4856,False,False,False,True,2,324,2025-10-09,2025-11-09,สีลม,False
C01593,กมล,หญิง,18-24,B02,สีลม,2026-09-01,085-xxx-8533,False,False,False,True,1,255,2026-09-06,2026-09-06,สยาม,False
C01594,สมชาย,ชาย,25-34,B05,มหาวิทยาลัย,2026-04-18,086-xxx-9858,False,False,False,True,1,260,2026-06-05,2026-06-05,มหาวิทยาลัย,False
C01595,กิตติ,ชาย,45-54,B05,มหาวิทยาลัย,2026-08-16,081-xxx-1339,False,False,False,False,0,0,,,,False
C01596,นภัส,ชาย,18-24,B02,สีลม,2026-03-13,084-xxx-2534,False,False,False,True,3,239,2026-03-17,2026-06-17,สีลม,False
C01597,รัตนา,ชาย,25-34,B01,สยาม,2025-11-22,084-xxx-8049,False,False,False,True,3,299,2025-11-30,2026-06-25,สยาม,False
C01598,ธีร,หญิง,25-34,B01,สยาม,2025-11-07,084-xxx-3969,False,False,False,True,2,140,2025-12-17,2026-01-17,อารีย์,False
C01599,ภัทร,หญิง,45-54,B02,สีลม,2026-03-15,086-xxx-4738,False,False,False,True,3,395,2026-05-19,2026-09-04,มหาวิทยาลัย,False
C01600,จิรา,หญิง,35-44,B01,สยาม,2025-09-28,083-xxx-7110,False,False,False,True,18,2000,2025-09-30,2026-08-25,สยาม,False
C01601,ภัทร,ชาย,35-44,B04,บางนา,2026-03-30,088-xxx-9635,False,False,False,True,1,75,2026-07-11,2026-07-11,บางนา,False
C01602,นภัส,หญิง,45-54,B01,สยาม,2026-01-21,084-xxx-9320,False,False,False,True,1,120,2026-07-11,2026-07-11,สยาม,False
C01603,สมชาย,หญิง,18-24,B01,สยาม,2026-06-01,087-xxx-1751,False,False,False,True,7,940,2026-06-06,2026-09-16,สยาม,False
C01604,กมล,ชาย,18-24,B02,สีลม,2026-09-13,083-xxx-1816,False,False,False,False,0,0,,,,False
C01605,สุดา,หญิง,45-54,B02,สีลม,2026-03-20,088-xxx-7594,False,False,False,True,8,1173,2026-03-27,2026-09-15,สีลม,False
C01606,ธีร,ชาย,25-34,B01,สยาม,2025-06-23,081-xxx-7687,False,False,False,True,15,2063,2025-07-16,2026-08-17,สยาม,False
C01607,สมชาย,หญิง,35-44,B02,สีลม,2026-06-23,087-xxx-8068,False,False,False,False,0,0,,,,False
C01608,จิรา,ชาย,25-34,B01,สยาม,2025-09-05,081-xxx-9450,False,False,False,True,10,2034,2025-09-28,2026-09-19,สยาม,False
C01609,วีระ,หญิง,45-54,B01,สยาม,2025-11-10,089-xxx-9508,False,False,False,True,2,109,2026-01-06,2026-01-11,สยาม,False
C01610,กิตติ,ชาย,45-54,B01,สยาม,2025-07-02,087-xxx-2779,False,False,False,True,2,382,2025-07-13,2025-07-31,สยาม,False
C01611,วีระ,ชาย,35-44,B04,บางนา,2025-12-05,089-xxx-8564,False,False,False,True,7,829,2025-12-14,2026-09-13,บางนา,False
C01612,นภัส,ชาย,25-34,B05,มหาวิทยาลัย,2025-12-13,087-xxx-7186,False,False,False,True,1,110,2026-03-17,2026-03-17,มหาวิทยาลัย,False
C01613,สุดา,หญิง,18-24,B01,สยาม,2026-05-02,085-xxx-9212,False,False,False,False,0,0,,,,False
C01614,ธนา,ไม่ระบุ,45-54,B04,บางนา,2025-07-20,088-xxx-4837,False,False,False,True,16,2417,2025-08-09,2026-07-26,บางนา,False
C01615,สุดา,ชาย,18-24,B04,บางนา,2026-04-30,085-xxx-1911,False,False,False,True,1,60,2026-05-16,2026-05-16,บางนา,False
C01616,นภัส,ชาย,25-34,B03,อารีย์,2026-01-07,087-xxx-7795,False,False,False,True,9,685,2026-02-24,2026-06-22,อารีย์,False
C01617,เกศ,หญิง,25-34,B03,อารีย์,2026-04-18,088-xxx-1515,False,False,False,True,5,593,2026-04-28,2026-09-19,อารีย์,False
C01618,สุดา,ชาย,ต่ำกว่า 18,B04,บางนา,2026-09-08,088-xxx-7640,False,True,False,False,0,0,,,,False
C01619,ชนา,ชาย,18-24,B01,สยาม,2025-10-28,082-xxx-3694,False,False,False,True,11,1077,2025-11-02,2026-07-15,สยาม,False
C01620,มานพ,ชาย,35-44,B02,สีลม,2025-05-14,081-xxx-7144,False,False,False,True,20,2607,2025-05-30,2026-08-21,สีลม,False
C01621,ธนา,หญิง,35-44,B03,อารีย์,2026-05-31,088-xxx-9405,False,False,False,True,2,425,2026-06-11,2026-08-28,อารีย์,False
C01622,สุดา,ไม่ระบุ,25-34,B04,บางนา,2026-03-18,083-xxx-3291,False,False,False,True,1,190,2026-05-30,2026-05-30,บางนา,False
C01623,ธีร,หญิง,35-44,B01,สยาม,2026-04-02,085-xxx-8928,True,False,False,True,12,1379,2026-04-12,2026-08-29,สยาม,False
C01624,จิรา,หญิง,18-24,B01,สยาม,2025-12-11,084-xxx-7205,False,False,False,True,3,494,2026-02-09,2026-02-14,สยาม,False
C01625,ณัฐ,ไม่ระบุ,ต่ำกว่า 18,B03,อารีย์,2026-02-16,081-xxx-1272,False,True,False,True,6,929,2026-02-16,2026-03-17,อารีย์,False
C01626,ภัทร,ชาย,18-24,B02,สีลม,2026-08-16,082-xxx-2824,False,False,False,True,1,85,2026-08-29,2026-08-29,สยาม,False
C01627,ธนา,หญิง,18-24,B05,มหาวิทยาลัย,2026-02-13,085-xxx-4429,False,False,False,True,2,150,2026-03-06,2026-07-24,มหาวิทยาลัย,False
C01628,ทิพย์,ชาย,25-34,B03,อารีย์,2026-07-06,082-xxx-1770,False,False,False,False,0,0,,,,False
C01629,ภูมิ,ไม่ระบุ,18-24,B04,บางนา,2026-02-15,082-xxx-7791,False,False,False,False,0,0,,,,False
C01630,อัญชลี,ชาย,55+,B01,สยาม,2025-07-27,085-xxx-7448,False,False,False,True,7,1007,2025-08-16,2026-08-10,สยาม,False
C01631,อัญชลี,หญิง,18-24,B02,สีลม,2025-06-15,085-xxx-2102,False,False,False,True,3,260,2025-06-17,2025-09-02,สีลม,False
C01632,ณัฐ,หญิง,ต่ำกว่า 18,B05,มหาวิทยาลัย,2026-08-26,089-xxx-3952,False,True,False,False,0,0,,,,False
C01633,กมล,หญิง,45-54,B05,มหาวิทยาลัย,2025-08-05,081-xxx-9642,False,False,False,True,22,2488,2025-08-21,2026-09-14,มหาวิทยาลัย,False
C01634,กิตติ,หญิง,18-24,B05,มหาวิทยาลัย,2025-09-26,087-xxx-7518,False,False,False,True,5,733,2025-11-18,2026-09-15,มหาวิทยาลัย,False
C01635,ธีร,หญิง,18-24,B01,สยาม,2026-04-28,081-xxx-8023,True,False,False,False,0,0,,,,False
C01636,ชนา,หญิง,ต่ำกว่า 18,B05,มหาวิทยาลัย,2025-04-09,089-xxx-8972,False,True,False,True,9,771,2025-06-06,2026-01-19,มหาวิทยาลัย,False
C01637,นภัส,ชาย,35-44,B02,สีลม,2026-08-11,081-xxx-7786,False,False,False,False,0,0,,,,False
C01638,ภูมิ,หญิง,25-34,B01,สยาม,2026-03-11,085-xxx-4243,False,False,False,True,9,1074,2026-03-14,2026-06-06,สยาม,False
C01639,ทิพย์,หญิง,18-24,B02,สีลม,2026-02-04,087-xxx-2429,False,False,False,True,3,270,2026-02-17,2026-03-23,สีลม,False
C01640,ชนา,ชาย,35-44,B04,บางนา,2026-06-29,087-xxx-8811,False,False,False,True,1,280,2026-07-07,2026-07-07,บางนา,False
C01641,ธนา,หญิง,35-44,B02,สีลม,2025-08-07,083-xxx-5803,False,False,False,True,6,1099,2025-09-29,2026-08-10,สีลม,False
C01642,อรุณ,หญิง,25-34,B03,อารีย์,2026-09-13,082-xxx-6059,False,False,False,False,0,0,,,,False
C01643,อรุณ,ชาย,18-24,B05,มหาวิทยาลัย,2026-08-11,083-xxx-9131,False,False,False,True,1,220,2026-09-02,2026-09-02,มหาวิทยาลัย,False
C01644,ณัฐ,หญิง,25-34,B01,สยาม,2025-04-22,084-xxx-1203,False,False,False,True,14,1723,2025-05-28,2025-08-18,สยาม,False
C01645,พิม,หญิง,35-44,B03,อารีย์,2026-01-26,089-xxx-6442,False,False,False,True,1,45,2026-01-28,2026-01-28,อารีย์,False
C01646,วรรณ,ชาย,35-44,B01,สยาม,2026-07-27,084-xxx-4145,False,False,False,False,0,0,,,,False
C01647,ปวีณ,หญิง,25-34,B04,บางนา,2025-08-20,086-xxx-9481,False,False,False,True,1,90,2025-09-07,2025-09-07,บางนา,False
C01648,ณัฐ,ชาย,18-24,B02,สีลม,2025-07-07,083-xxx-4687,False,False,False,False,0,0,,,,False
C01649,ทิพย์,หญิง,25-34,B05,มหาวิทยาลัย,2025-12-30,089-xxx-7387,False,False,False,True,2,225,2026-02-14,2026-03-13,สีลม,False
C01650,สุดา,ไม่ระบุ,35-44,B03,อารีย์,2026-07-05,082-xxx-8763,False,False,False,True,1,65,2026-08-10,2026-08-10,อารีย์,False
C01651,ภัทร,หญิง,35-44,B03,อารีย์,2025-12-27,082-xxx-2536,False,False,False,True,10,1188,2025-12-28,2026-09-08,อารีย์,False
C01652,อัญชลี,ไม่ระบุ,45-54,B05,มหาวิทยาลัย,2026-02-14,085-xxx-2390,False,False,False,True,6,1183,2026-03-17,2026-09-17,มหาวิทยาลัย,False
C01653,จิรา,ชาย,25-34,B04,บางนา,2025-10-21,082-xxx-8408,False,False,False,True,1,50,2025-10-27,2025-10-27,บางนา,False
C01654,กมล,ไม่ระบุ,45-54,B01,สยาม,2025-12-23,089-xxx-3909,False,False,False,True,5,420,2026-01-31,2026-07-21,สยาม,False
C01655,สมชาย,หญิง,45-54,B05,มหาวิทยาลัย,2026-07-20,083-xxx-2786,False,False,False,True,1,300,2026-07-26,2026-07-26,มหาวิทยาลัย,False
C01656,ภัทร,หญิง,55+,B02,สีลม,2025-06-20,088-xxx-5136,False,False,False,True,28,4362,2025-07-10,2026-09-14,สีลม,False
C01657,อัญชลี,หญิง,18-24,B03,อารีย์,2026-08-01,081-xxx-1630,False,False,False,True,2,140,2026-08-22,2026-09-19,อารีย์,False
C01658,ปิยะ,ไม่ระบุ,25-34,B01,สยาม,2025-09-15,085-xxx-5988,False,False,False,True,3,284,2025-09-19,2025-10-14,สยาม,False
C01659,รัตนา,หญิง,35-44,B02,สีลม,2026-01-21,081-xxx-4963,False,False,False,True,12,1649,2026-03-10,2026-09-14,สีลม,False
C01660,ภัทร,หญิง,35-44,B01,สยาม,2025-06-14,084-xxx-3170,False,False,False,False,0,0,,,,False
C01661,ณัฐ,หญิง,25-34,B04,บางนา,2026-07-21,087-xxx-3481,False,False,False,False,0,0,,,,False
C01662,ภูมิ,ชาย,18-24,B05,มหาวิทยาลัย,2026-09-02,082-xxx-3844,False,False,False,False,0,0,,,,False
C01663,ศิริ,หญิง,45-54,B05,มหาวิทยาลัย,2025-12-30,085-xxx-7006,False,False,False,True,1,170,2026-02-20,2026-02-20,มหาวิทยาลัย,False
C01664,กมล,หญิง,25-34,B01,สยาม,2025-06-16,089-xxx-5470,False,False,False,True,24,3842,2025-06-28,2026-03-29,สยาม,False
C01665,ธีร,หญิง,18-24,B03,อารีย์,2025-12-02,088-xxx-3192,False,False,False,True,7,1260,2025-12-10,2026-04-19,อารีย์,False
C01666,วรรณ,ชาย,18-24,B03,อารีย์,2026-03-18,087-xxx-2665,False,False,False,True,7,649,2026-03-28,2026-07-16,อารีย์,False
C01667,กมล,หญิง,25-34,B01,สยาม,2025-04-05,082-xxx-9417,False,False,False,True,15,2200,2025-04-10,2026-01-21,สยาม,False
C01668,ทิพย์,หญิง,18-24,B04,บางนา,2025-04-21,088-xxx-3038,False,False,False,True,14,2393,2025-04-24,2026-01-29,บางนา,False
C01669,พิม,หญิง,35-44,B05,มหาวิทยาลัย,2025-04-10,087-xxx-8915,False,False,False,True,19,3178,2025-04-12,2026-08-13,มหาวิทยาลัย,False
C01670,กมล,หญิง,18-24,B01,สยาม,2026-02-07,081-xxx-1016,False,False,False,True,4,320,2026-05-10,2026-07-29,สยาม,False
C01671,พิม,หญิง,18-24,B04,บางนา,2025-06-16,088-xxx-3107,False,False,False,True,19,2309,2025-07-07,2026-09-13,บางนา,False
C01672,วีระ,ชาย,25-34,B02,สีลม,2026-07-04,083-xxx-7925,False,False,False,False,0,0,,,,False
C01673,เกศ,ชาย,25-34,B02,สีลม,2025-07-21,082-xxx-5671,False,False,False,True,2,350,2025-08-14,2026-01-28,สีลม,False
C01674,เกศ,หญิง,25-34,B05,มหาวิทยาลัย,2026-04-26,085-xxx-2095,False,False,False,True,3,300,2026-05-24,2026-09-05,มหาวิทยาลัย,False
C01675,นภัส,ชาย,25-34,B02,สีลม,2025-07-16,081-xxx-6017,False,False,False,True,2,165,2025-08-10,2025-08-15,สีลม,False
C01676,ณัฐ,หญิง,35-44,B03,อารีย์,2025-12-11,084-xxx-4159,False,False,False,True,1,95,2026-01-24,2026-01-24,อารีย์,False
C01677,ศิริ,หญิง,18-24,B04,บางนา,2026-02-20,081-xxx-1453,False,False,False,True,8,1089,2026-02-24,2026-08-18,บางนา,False
C01678,จิรา,ชาย,18-24,B05,มหาวิทยาลัย,2025-08-24,089-xxx-8633,False,False,False,False,0,0,,,,False
C01679,อัญชลี,หญิง,55+,B02,สีลม,2026-04-28,085-xxx-7147,False,False,False,True,1,75,2026-05-02,2026-05-02,สีลม,False
C01680,เกศ,หญิง,35-44,B05,มหาวิทยาลัย,2026-06-14,081-xxx-1126,False,False,False,True,1,180,2026-06-28,2026-06-28,มหาวิทยาลัย,False
C01681,ธนา,ชาย,18-24,B01,สยาม,2026-02-15,081-xxx-2255,False,False,False,True,4,505,2026-03-02,2026-07-13,สยาม,False
C01682,ภูมิ,หญิง,25-34,B05,มหาวิทยาลัย,2026-07-13,088-xxx-9918,False,False,False,True,2,385,2026-07-16,2026-09-13,มหาวิทยาลัย,False
C01683,ธีร,ไม่ระบุ,25-34,B03,อารีย์,2025-12-21,087-xxx-9868,False,False,False,True,3,230,2026-02-25,2026-09-06,อารีย์,False
C01684,สุดา,หญิง,35-44,B01,สยาม,2026-01-13,088-xxx-2262,False,False,False,True,5,630,2026-03-02,2026-07-20,สยาม,False
C01685,อัญชลี,หญิง,ต่ำกว่า 18,B05,มหาวิทยาลัย,2026-01-31,086-xxx-6312,False,True,False,False,0,0,,,,False
C01686,สมชาย,หญิง,45-54,B05,มหาวิทยาลัย,2025-04-08,086-xxx-5070,False,False,False,True,6,874,2025-06-05,2025-12-17,มหาวิทยาลัย,False
C01687,จิรา,ชาย,18-24,B04,บางนา,2025-05-04,082-xxx-4554,False,False,False,True,11,1380,2025-05-08,2026-02-14,บางนา,False
C01688,อรุณ,ชาย,18-24,B04,บางนา,2026-05-08,089-xxx-2371,False,False,False,True,8,820,2026-05-17,2026-07-25,บางนา,False
C01689,ณัฐ,หญิง,25-34,B04,บางนา,2026-05-12,088-xxx-4079,False,False,False,True,3,365,2026-05-18,2026-09-10,บางนา,False
C01690,ธีร,หญิง,35-44,B01,สยาม,2025-04-18,086-xxx-7152,False,False,False,True,4,539,2025-05-22,2025-08-15,สยาม,False
C01691,ภูมิ,หญิง,25-34,B05,มหาวิทยาลัย,2025-04-17,087-xxx-1215,False,False,False,False,0,0,,,,False
C01692,ศิริ,หญิง,25-34,B01,สยาม,2025-05-09,086-xxx-5669,False,False,False,False,0,0,,,,False
C01693,ชนา,หญิง,35-44,B01,สยาม,2026-02-22,081-xxx-1879,False,False,False,False,0,0,,,,False
C01694,รัตนา,หญิง,35-44,B01,สยาม,2026-04-05,087-xxx-9809,False,False,False,True,5,705,2026-04-11,2026-08-29,สยาม,False
C01695,อัญชลี,ชาย,25-34,B05,มหาวิทยาลัย,2026-02-28,088-xxx-4993,False,False,False,True,2,140,2026-03-03,2026-03-18,มหาวิทยาลัย,False
C01696,ปวีณ,หญิง,35-44,B01,สยาม,2026-01-18,082-xxx-4401,False,False,False,True,2,190,2026-01-20,2026-05-24,สยาม,False
C01697,ภัทร,ชาย,35-44,B02,สีลม,2025-12-06,088-xxx-4768,False,False,False,True,3,978,2026-03-10,2026-09-04,สีลม,False
C01698,นภัส,หญิง,35-44,B02,สีลม,2025-07-20,089-xxx-1264,False,False,False,True,1,80,2025-07-26,2025-07-26,สีลม,False
C01699,ทิพย์,หญิง,18-24,B03,อารีย์,2026-06-18,083-xxx-8403,False,False,False,True,1,65,2026-06-21,2026-06-21,อารีย์,False
C01700,ณัฐ,ชาย,45-54,B05,มหาวิทยาลัย,2025-09-25,083-xxx-4446,False,False,False,True,8,774,2025-09-30,2026-08-01,มหาวิทยาลัย,False
C01701,พิม,หญิง,35-44,B04,บางนา,2026-09-05,082-xxx-5138,False,False,False,False,0,0,,,,False
C01702,จิรา,หญิง,ต่ำกว่า 18,B05,มหาวิทยาลัย,2026-04-01,081-xxx-3870,False,True,False,True,3,215,2026-04-01,2026-08-30,มหาวิทยาลัย,False
C01703,วีระ,หญิง,35-44,B05,มหาวิทยาลัย,2026-08-27,084-xxx-8727,False,False,False,True,1,65,2026-09-16,2026-09-16,มหาวิทยาลัย,False
C01704,ธีร,หญิง,35-44,B01,สยาม,2026-07-18,088-xxx-8247,False,False,False,True,2,210,2026-08-01,2026-08-08,สยาม,False
C01705,มานพ,ชาย,35-44,B05,มหาวิทยาลัย,2026-03-09,088-xxx-5206,False,False,False,True,1,45,2026-03-25,2026-03-25,มหาวิทยาลัย,False
C01706,จิรา,หญิง,18-24,B02,สีลม,2026-02-09,085-xxx-7812,False,False,False,True,4,470,2026-03-14,2026-05-15,สีลม,False
C01707,รัตนา,ชาย,18-24,B03,อารีย์,2026-09-07,088-xxx-9840,True,False,False,False,0,0,,,,False
C01708,รัตนา,หญิง,35-44,B01,สยาม,2025-09-05,084-xxx-3486,False,False,False,True,9,1790,2025-10-12,2026-09-17,สยาม,False
C01709,ศิริ,ชาย,25-34,B02,สีลม,2025-04-25,081-xxx-4252,False,False,False,True,8,880,2025-04-29,2025-12-23,สีลม,False
C01710,ธนา,ชาย,25-34,B05,มหาวิทยาลัย,2025-12-16,084-xxx-6906,False,False,False,True,3,245,2026-03-09,2026-09-16,มหาวิทยาลัย,False
C01711,ภูมิ,หญิง,55+,B02,สีลม,2025-08-15,089-xxx-4572,False,False,False,True,10,1165,2025-10-14,2026-09-10,สีลม,False
C01712,กมล,หญิง,25-34,B03,อารีย์,2026-08-21,089-xxx-9112,False,False,False,False,0,0,,,,False
C01713,ศิริ,หญิง,18-24,B05,มหาวิทยาลัย,2026-01-04,082-xxx-5590,False,False,False,True,5,910,2026-01-10,2026-07-30,มหาวิทยาลัย,False
C01714,ธีร,หญิง,18-24,B05,มหาวิทยาลัย,2026-09-05,082-xxx-1515,False,False,False,True,2,140,2026-09-11,2026-09-17,มหาวิทยาลัย,False
C01715,อรุณ,ชาย,55+,B01,สยาม,2025-05-27,087-xxx-9429,False,False,False,True,1,205,2025-06-07,2025-06-07,สยาม,False
C01716,ชนา,ไม่ระบุ,ต่ำกว่า 18,B02,สีลม,2026-04-18,082-xxx-3039,False,True,False,False,0,0,,,,False
C01717,เกศ,ชาย,45-54,B01,สยาม,2026-09-07,081-xxx-1981,False,False,False,True,1,65,2026-09-17,2026-09-17,มหาวิทยาลัย,False
C01718,จิรา,หญิง,18-24,B01,สยาม,2026-06-09,084-xxx-6742,False,False,False,True,1,150,2026-07-16,2026-07-16,สยาม,False
C01719,ปิยะ,หญิง,35-44,B01,สยาม,2025-10-16,083-xxx-9378,False,False,False,False,0,0,,,,False
C01720,ภัทร,หญิง,25-34,B05,มหาวิทยาลัย,2025-10-31,085-xxx-2047,False,False,False,True,5,450,2025-11-05,2026-01-15,มหาวิทยาลัย,False
C01721,ศิริ,ชาย,25-34,B04,บางนา,2026-01-24,081-xxx-7952,False,False,False,True,5,1005,2026-01-30,2026-04-10,บางนา,False
C01722,อรุณ,ชาย,18-24,B02,สีลม,2025-11-10,082-xxx-2372,False,False,False,True,5,535,2025-11-14,2026-04-21,สีลม,False
C01723,กิตติ,ชาย,25-34,B01,สยาม,2026-01-11,083-xxx-5546,False,False,False,True,9,994,2026-03-05,2026-09-17,สยาม,False
C01724,ปวีณ,หญิง,35-44,B02,สีลม,2026-06-07,081-xxx-2516,False,False,False,False,0,0,,,,False
C01725,ทิพย์,หญิง,25-34,B02,สีลม,2025-11-12,089-xxx-6211,False,False,False,True,7,639,2025-12-19,2026-09-10,สีลม,False
C01726,ภูมิ,ชาย,18-24,B02,สีลม,2025-08-17,086-xxx-9763,False,False,False,True,4,760,2025-08-20,2025-10-08,สีลม,False
C01727,ธนา,หญิง,35-44,B01,สยาม,2025-12-28,082-xxx-5056,False,False,False,True,4,590,2026-01-06,2026-02-25,สยาม,False
C01728,กมล,หญิง,18-24,B05,มหาวิทยาลัย,2025-10-04,083-xxx-2017,False,False,False,True,2,97,2025-11-13,2025-12-19,มหาวิทยาลัย,False
C01729,อรุณ,หญิง,35-44,B01,สยาม,2026-05-27,083-xxx-8491,False,False,False,True,5,620,2026-05-31,2026-08-21,สยาม,False
C01730,จิรา,ชาย,25-34,B01,สยาม,2026-01-03,083-xxx-2247,False,False,False,True,2,370,2026-03-02,2026-06-18,สยาม,False
C01731,นภัส,หญิง,25-34,B04,บางนา,2025-04-10,086-xxx-1133,False,False,False,True,12,1380,2025-04-21,2025-12-13,บางนา,False
C01732,พิม,หญิง,ต่ำกว่า 18,B01,สยาม,2025-10-21,082-xxx-5432,False,True,False,True,27,3741,2025-10-28,2026-08-13,สยาม,False
C01733,สุดา,หญิง,25-34,B01,สยาม,2026-05-25,082-xxx-2003,False,False,False,False,0,0,,,,False
C01734,นภัส,ชาย,18-24,B01,สยาม,2026-07-24,085-xxx-7873,False,False,False,False,0,0,,,,False
C01735,พิม,หญิง,ต่ำกว่า 18,B03,อารีย์,2026-08-06,089-xxx-5860,False,True,False,True,2,405,2026-08-18,2026-08-19,อารีย์,False
C01736,ธนา,ชาย,25-34,B01,สยาม,2026-08-19,084-xxx-2325,False,False,False,False,0,0,,,,False
C01737,สุดา,หญิง,ต่ำกว่า 18,B03,อารีย์,2026-07-11,087-xxx-9772,False,True,False,False,0,0,,,,False
C01738,วีระ,หญิง,18-24,B03,อารีย์,2026-06-05,082-xxx-8697,False,False,False,True,4,1205,2026-06-06,2026-09-12,อารีย์,False
C01739,สมชาย,หญิง,18-24,B02,สีลม,2026-01-21,088-xxx-3111,False,False,False,True,8,1142,2026-02-10,2026-09-04,สีลม,False
C01740,พิม,หญิง,35-44,B01,สยาม,2026-08-30,081-xxx-9879,False,False,False,True,1,90,2026-09-06,2026-09-06,สยาม,False
C01741,ชนา,ไม่ระบุ,18-24,B02,สีลม,2026-05-21,083-xxx-2065,True,False,False,True,2,130,2026-06-11,2026-07-17,สีลม,False
C01742,อัญชลี,ชาย,35-44,B04,บางนา,2025-12-17,086-xxx-2291,False,False,False,False,0,0,,,,False
C01743,วรรณ,ชาย,25-34,B05,มหาวิทยาลัย,2025-04-29,081-xxx-2249,False,False,False,True,18,2197,2025-05-13,2026-09-20,มหาวิทยาลัย,False
C01744,อรุณ,ชาย,25-34,B01,สยาม,2026-04-05,084-xxx-7651,False,False,False,False,0,0,,,,False
C01745,กิตติ,หญิง,35-44,B04,บางนา,2026-08-17,088-xxx-1693,False,False,False,True,1,75,2026-09-19,2026-09-19,บางนา,False
C01746,ชนา,ชาย,18-24,B04,บางนา,2026-06-26,083-xxx-7165,False,False,False,False,0,0,,,,False
C01747,พิม,ชาย,25-34,B05,มหาวิทยาลัย,2025-12-12,085-xxx-6837,False,False,False,True,1,89,2026-02-01,2026-02-01,มหาวิทยาลัย,False
C01748,ภูมิ,ชาย,18-24,B04,บางนา,2026-08-29,082-xxx-9072,False,False,False,False,0,0,,,,False
C01749,อัญชลี,ชาย,25-34,B03,อารีย์,2025-12-06,088-xxx-6511,False,False,False,True,17,1814,2025-12-20,2026-09-05,อารีย์,False
C01750,อัญชลี,หญิง,45-54,B02,สีลม,2026-06-20,081-xxx-8326,False,False,False,False,0,0,,,,False
C01751,กมล,หญิง,35-44,B02,สีลม,2026-02-24,081-xxx-2126,False,False,False,True,8,975,2026-03-09,2026-09-14,สีลม,False
C01752,อัญชลี,ชาย,18-24,B05,มหาวิทยาลัย,2026-02-20,082-xxx-2689,False,False,False,True,2,199,2026-03-20,2026-04-26,มหาวิทยาลัย,False
C01753,พิม,หญิง,25-34,B01,สยาม,2025-10-20,087-xxx-7592,False,False,False,True,1,65,2025-10-20,2025-10-20,สยาม,False
C01754,ทิพย์,ชาย,35-44,B05,มหาวิทยาลัย,2026-08-18,088-xxx-1058,False,False,False,False,0,0,,,,False
C01755,วรรณ,หญิง,25-34,B03,อารีย์,2026-03-02,081-xxx-9209,False,False,False,True,1,95,2026-04-05,2026-04-05,อารีย์,False
C01756,จิรา,หญิง,35-44,B02,สีลม,2026-08-29,087-xxx-8563,False,False,False,False,0,0,,,,False
C01757,อัญชลี,ชาย,18-24,B05,มหาวิทยาลัย,2026-08-17,084-xxx-8385,False,False,False,True,2,345,2026-08-26,2026-09-13,มหาวิทยาลัย,False
C01758,สุดา,หญิง,25-34,B05,มหาวิทยาลัย,2026-01-08,086-xxx-7127,True,False,False,False,0,0,,,,False
C01759,ศิริ,หญิง,18-24,B01,สยาม,2025-09-27,088-xxx-6767,False,False,False,True,13,2126,2025-09-29,2026-09-17,สยาม,False
C01760,ปวีณ,หญิง,25-34,B03,อารีย์,2026-02-08,087-xxx-2029,False,False,False,True,4,574,2026-03-19,2026-05-26,อารีย์,False
C01761,ศิริ,หญิง,18-24,B01,สยาม,2026-06-07,089-xxx-1139,False,False,False,False,0,0,,,,False
C01762,อรุณ,ชาย,25-34,B05,มหาวิทยาลัย,2026-03-21,082-xxx-4420,False,False,False,True,2,285,2026-04-08,2026-07-09,มหาวิทยาลัย,False
C01763,อัญชลี,ชาย,25-34,B02,สีลม,2026-02-13,081-xxx-2887,False,False,False,True,2,310,2026-03-05,2026-04-07,บางนา,False
C01764,ชนา,หญิง,55+,B05,มหาวิทยาลัย,2025-09-22,082-xxx-2047,False,False,False,True,3,384,2025-11-06,2026-01-15,มหาวิทยาลัย,False
C01765,สมชาย,หญิง,45-54,B03,อารีย์,2026-06-20,086-xxx-6395,False,False,False,True,3,500,2026-06-25,2026-08-29,อารีย์,False
C01766,กมล,ชาย,25-34,B03,อารีย์,2025-12-30,084-xxx-8035,False,False,False,True,2,460,2026-01-08,2026-02-03,อารีย์,False
C01767,นภัส,หญิง,18-24,B04,บางนา,2026-07-16,083-xxx-3833,False,False,False,False,0,0,,,,False
C01768,ชนา,หญิง,25-34,B01,สยาม,2026-04-04,082-xxx-7231,False,False,False,True,2,154,2026-05-30,2026-06-03,สยาม,False
C01769,วีระ,หญิง,35-44,B05,มหาวิทยาลัย,2025-10-22,083-xxx-8520,False,False,False,True,1,60,2025-11-03,2025-11-03,มหาวิทยาลัย,False
C01770,รัตนา,ชาย,35-44,B02,สีลม,2025-11-11,082-xxx-8593,False,False,False,True,2,220,2025-11-14,2025-12-16,สีลม,False
C01771,มานพ,หญิง,25-34,B02,สีลม,2026-02-24,082-xxx-1957,False,False,False,True,3,420,2026-04-01,2026-05-28,สีลม,False
C01772,สุดา,หญิง,25-34,B05,มหาวิทยาลัย,2026-07-29,086-xxx-7441,False,False,False,False,0,0,,,,False
C01773,อรุณ,หญิง,55+,B02,สีลม,2026-01-29,082-xxx-9132,False,False,False,True,3,320,2026-02-11,2026-03-18,สีลม,False
C01774,อรุณ,หญิง,18-24,B04,บางนา,2026-09-06,084-xxx-1951,False,False,False,False,0,0,,,,False
C01775,ปวีณ,ชาย,35-44,B05,มหาวิทยาลัย,2025-12-18,081-xxx-1975,False,False,False,True,5,425,2026-02-17,2026-08-21,มหาวิทยาลัย,False
C01776,สุดา,หญิง,18-24,B03,อารีย์,2026-01-04,087-xxx-5842,False,False,False,True,12,1596,2026-01-04,2026-06-29,อารีย์,False
C01777,มานพ,ชาย,25-34,B01,สยาม,2025-12-29,089-xxx-8005,False,False,False,True,16,2505,2026-01-01,2026-09-07,สยาม,False
C01778,พิม,ไม่ระบุ,45-54,B02,สีลม,2025-09-22,081-xxx-9410,False,False,False,True,11,975,2025-09-24,2026-09-20,สีลม,False
C01779,รัตนา,ชาย,45-54,B04,บางนา,2025-08-09,087-xxx-9420,False,False,False,True,14,2039,2025-09-15,2026-07-08,บางนา,False
C01780,ภัทร,หญิง,18-24,B04,บางนา,2025-10-11,082-xxx-1558,False,False,False,True,13,1155,2025-10-31,2026-09-03,บางนา,False
C01781,ศิริ,หญิง,45-54,B01,สยาม,2025-04-27,083-xxx-1869,False,False,False,True,25,3602,2025-05-08,2026-09-17,สยาม,False
C01782,ภัทร,หญิง,25-34,B02,สีลม,2025-10-18,081-xxx-9799,False,False,False,True,14,1963,2025-11-09,2026-08-30,สีลม,False
C01783,ภูมิ,หญิง,18-24,B02,สีลม,2026-02-18,089-xxx-7040,False,False,False,True,3,605,2026-03-18,2026-04-30,สีลม,False
C01784,อัญชลี,หญิง,18-24,B02,สีลม,2026-01-11,082-xxx-2023,False,False,False,True,2,205,2026-01-14,2026-03-03,สีลม,False
C01785,ณัฐ,หญิง,25-34,B02,สีลม,2026-04-10,088-xxx-1445,False,False,False,True,2,100,2026-05-13,2026-06-30,สีลม,False
C01786,อัญชลี,ชาย,18-24,B05,มหาวิทยาลัย,2026-09-06,081-xxx-9139,False,False,False,False,0,0,,,,False
C01787,สุดา,ชาย,18-24,B02,สีลม,2026-04-05,084-xxx-5263,False,False,False,True,4,379,2026-04-08,2026-08-22,สีลม,False
C01788,วรรณ,ชาย,45-54,B02,สีลม,2025-11-12,081-xxx-3166,False,False,False,True,2,440,2025-12-19,2026-01-21,สีลม,False
C01789,เกศ,หญิง,18-24,B01,สยาม,2025-11-11,085-xxx-4727,False,False,False,True,12,1054,2026-02-14,2026-09-04,สยาม,False
C01790,ชนา,หญิง,45-54,B03,อารีย์,2026-01-08,082-xxx-8047,False,False,False,True,11,1788,2026-01-16,2026-05-04,อารีย์,False
C01791,มานพ,ชาย,25-34,B05,มหาวิทยาลัย,2026-02-22,087-xxx-5087,False,False,False,True,2,260,2026-03-24,2026-07-01,มหาวิทยาลัย,False
C01792,รัตนา,หญิง,18-24,B02,สีลม,2025-08-07,083-xxx-6646,False,False,False,False,0,0,,,,False
C01793,ณัฐ,หญิง,45-54,B01,สยาม,2025-05-18,087-xxx-3972,False,False,False,True,8,1409,2025-06-11,2026-08-22,สยาม,False
C01794,ภูมิ,ชาย,18-24,B04,บางนา,2026-04-10,085-xxx-6127,False,False,False,True,1,120,2026-07-14,2026-07-14,บางนา,False
C01795,ศิริ,ไม่ระบุ,18-24,B01,สยาม,2025-06-05,082-xxx-6128,False,False,False,True,7,947,2025-06-09,2025-08-16,สยาม,False
C01796,ชนา,ชาย,55+,B02,สีลม,2025-05-05,082-xxx-9604,False,False,False,True,20,2543,2025-05-12,2026-07-06,สีลม,False
C01797,จิรา,ชาย,25-34,B01,สยาม,2025-12-11,088-xxx-1045,False,False,False,True,5,420,2025-12-28,2026-09-04,สยาม,False
C01798,นภัส,ชาย,35-44,B02,สีลม,2026-06-03,087-xxx-1544,False,False,False,False,0,0,,,,False
C01799,ทิพย์,หญิง,35-44,B01,สยาม,2025-11-07,081-xxx-5915,False,False,False,True,9,827,2025-11-13,2026-03-23,สยาม,False
C01800,กมล,ชาย,35-44,B05,มหาวิทยาลัย,2026-04-23,088-xxx-7596,False,False,False,True,1,65,2026-09-10,2026-09-10,มหาวิทยาลัย,False
C01801,อรุณ,ชาย,25-34,B02,สีลม,2026-02-16,085-xxx-9047,False,False,False,True,2,310,2026-03-04,2026-03-04,สีลม,False
C01802,ภูมิ,หญิง,18-24,B04,บางนา,2025-07-14,083-xxx-8910,False,False,False,True,11,1625,2025-07-22,2026-05-01,บางนา,False
C01803,กมล,ไม่ระบุ,25-34,B02,สีลม,2025-12-12,089-xxx-7445,False,False,False,True,2,395,2026-03-20,2026-04-11,สีลม,False
C01804,ชนา,ชาย,25-34,B02,สีลม,2025-10-10,088-xxx-5123,False,False,False,True,4,495,2025-10-21,2025-12-16,สีลม,False
C01805,สมชาย,หญิง,35-44,B04,บางนา,2025-12-06,086-xxx-3828,False,False,False,True,19,3093,2026-01-11,2026-09-19,บางนา,False
C01806,ธีร,หญิง,25-34,B03,อารีย์,2026-01-21,089-xxx-4235,False,False,False,True,16,2227,2026-01-24,2026-08-04,อารีย์,False
C01807,พิม,หญิง,25-34,B01,สยาม,2026-07-15,087-xxx-4213,False,False,False,True,1,270,2026-08-12,2026-08-12,สยาม,False
C01808,มานพ,หญิง,55+,B04,บางนา,2026-05-18,084-xxx-3890,False,False,False,True,4,660,2026-05-26,2026-09-07,บางนา,False
C01809,กิตติ,หญิง,25-34,B01,สยาม,2025-10-24,082-xxx-1984,False,False,False,True,3,395,2026-01-12,2026-02-14,สยาม,False
C01810,ภูมิ,หญิง,18-24,B02,สีลม,2026-01-21,086-xxx-5717,False,False,False,True,4,415,2026-02-24,2026-06-13,สีลม,False
C01811,ภูมิ,ชาย,55+,B05,มหาวิทยาลัย,2026-01-20,089-xxx-2281,False,False,False,True,1,85,2026-03-11,2026-03-11,มหาวิทยาลัย,False
C01812,ศิริ,ชาย,35-44,B02,สีลม,2026-08-26,084-xxx-1234,False,False,False,False,0,0,,,,False
C01813,ทิพย์,ไม่ระบุ,35-44,B05,มหาวิทยาลัย,2026-04-02,081-xxx-1621,False,False,False,True,4,620,2026-04-26,2026-09-07,มหาวิทยาลัย,False
C01814,ณัฐ,ชาย,18-24,B01,สยาม,2026-03-01,085-xxx-9288,False,False,False,True,4,550,2026-03-14,2026-09-16,สยาม,False
C01815,พิม,หญิง,35-44,B04,บางนา,2026-06-27,088-xxx-8637,False,False,False,False,0,0,,,,False
C01816,ภูมิ,ชาย,25-34,B02,สีลม,2025-06-12,081-xxx-9010,False,False,False,True,5,549,2025-07-08,2026-08-21,สีลม,False
C01817,ธีร,หญิง,25-34,B05,มหาวิทยาลัย,2025-06-04,087-xxx-5284,False,False,False,True,13,1340,2025-06-12,2026-08-18,มหาวิทยาลัย,False
C01818,พิม,ไม่ระบุ,25-34,B05,มหาวิทยาลัย,2025-07-20,084-xxx-1186,False,False,False,True,7,1003,2025-09-25,2026-09-08,มหาวิทยาลัย,False
C01819,อรุณ,หญิง,18-24,B01,สยาม,2025-04-24,088-xxx-2883,False,False,False,False,0,0,,,,False
C01820,รัตนา,หญิง,25-34,B01,สยาม,2025-09-12,083-xxx-6391,False,False,False,True,19,1971,2025-09-27,2026-08-10,สยาม,False
C01821,อรุณ,ชาย,25-34,B03,อารีย์,2025-12-31,087-xxx-6227,False,False,False,True,2,184,2026-05-01,2026-05-04,อารีย์,False
C01822,อัญชลี,หญิง,18-24,B02,สีลม,2026-01-29,085-xxx-2325,False,False,False,True,2,338,2026-02-11,2026-03-11,สีลม,False
C01823,ธนา,หญิง,45-54,B02,สีลม,2026-02-16,085-xxx-2555,False,False,False,True,10,1449,2026-03-04,2026-09-12,สีลม,False
C01824,ธนา,หญิง,35-44,B03,อารีย์,2026-08-14,084-xxx-2473,False,False,False,False,0,0,,,,False
C01825,กิตติ,หญิง,ต่ำกว่า 18,B03,อารีย์,2026-03-08,089-xxx-7376,False,True,False,True,5,963,2026-03-09,2026-08-10,อารีย์,False
C01826,อรุณ,ชาย,18-24,B02,สีลม,2026-03-17,089-xxx-4016,False,False,False,True,1,65,2026-04-01,2026-04-01,สยาม,False
C01827,ธนา,ชาย,55+,B02,สีลม,2026-01-30,085-xxx-2257,False,False,False,True,12,1674,2026-01-31,2026-08-26,สีลม,False
C01828,รัตนา,หญิง,18-24,B02,สีลม,2026-07-31,081-xxx-8586,False,False,False,True,2,229,2026-08-19,2026-08-28,สีลม,False
C01829,กิตติ,หญิง,35-44,B05,มหาวิทยาลัย,2026-06-02,087-xxx-5119,False,False,False,True,3,405,2026-06-11,2026-09-07,มหาวิทยาลัย,False
C01830,กมล,หญิง,25-34,B05,มหาวิทยาลัย,2025-07-13,086-xxx-2042,False,False,False,True,1,75,2025-07-23,2025-07-23,บางนา,False
C01831,ชนา,หญิง,45-54,B02,สีลม,2025-11-14,086-xxx-9991,False,False,False,True,2,154,2025-12-14,2026-04-19,สีลม,False
C01832,มานพ,ชาย,25-34,B04,บางนา,2025-08-30,082-xxx-8849,False,False,False,True,2,145,2025-08-31,2025-10-01,บางนา,False
C01833,ปิยะ,หญิง,18-24,B03,อารีย์,2026-02-26,089-xxx-9990,False,False,False,True,1,75,2026-08-18,2026-08-18,อารีย์,False
C01834,ธีร,หญิง,25-34,B03,อารีย์,2026-05-11,083-xxx-2884,False,False,False,True,8,1113,2026-05-21,2026-09-12,อารีย์,False
C01835,สมชาย,หญิง,35-44,B03,อารีย์,2025-11-08,086-xxx-7696,False,False,False,True,12,1654,2025-11-17,2026-08-22,อารีย์,False
C01836,กิตติ,หญิง,18-24,B02,สีลม,2025-06-08,089-xxx-9653,False,False,False,True,8,795,2025-06-25,2026-08-14,สีลม,False
C01837,อัญชลี,หญิง,18-24,B02,สีลม,2026-07-28,084-xxx-7032,False,False,False,True,2,250,2026-08-01,2026-09-17,สีลม,False
C01838,เกศ,หญิง,18-24,B03,อารีย์,2026-05-24,085-xxx-1017,False,False,False,True,2,194,2026-07-04,2026-09-03,อารีย์,False
C01839,ภัทร,ชาย,45-54,B01,สยาม,2026-04-02,083-xxx-1675,False,False,False,False,0,0,,,,False
C01840,วรรณ,หญิง,25-34,B02,สีลม,2026-07-17,086-xxx-4206,False,False,False,True,4,579,2026-07-23,2026-09-18,สีลม,False
C01841,ณัฐ,หญิง,ต่ำกว่า 18,B02,สีลม,2026-05-01,087-xxx-8263,False,True,False,True,2,150,2026-05-25,2026-08-25,สีลม,False
C01842,สุดา,หญิง,45-54,B03,อารีย์,2026-07-22,081-xxx-2702,False,False,False,True,1,50,2026-09-09,2026-09-09,อารีย์,False
C01843,สมชาย,ชาย,55+,B04,บางนา,2025-05-13,086-xxx-2404,False,False,False,True,13,1403,2025-06-07,2026-09-12,บางนา,False
C01844,วีระ,หญิง,35-44,B03,อารีย์,2026-06-08,089-xxx-6285,False,False,False,True,4,560,2026-07-22,2026-09-04,อารีย์,False
C01845,ทิพย์,ชาย,18-24,B05,มหาวิทยาลัย,2026-07-30,082-xxx-8261,False,False,False,True,1,310,2026-08-13,2026-08-13,มหาวิทยาลัย,False
C01846,มานพ,ชาย,25-34,B02,สีลม,2026-04-10,086-xxx-8480,False,False,False,True,6,767,2026-04-21,2026-09-15,สีลม,False
C01847,สมชาย,หญิง,45-54,B04,บางนา,2025-10-20,084-xxx-9678,False,False,False,True,12,1767,2026-01-01,2026-07-17,บางนา,False
C01848,มานพ,หญิง,35-44,B01,สยาม,2025-12-01,088-xxx-2114,False,False,False,True,4,350,2025-12-09,2026-04-26,สยาม,False
C01849,ทิพย์,ชาย,45-54,B05,มหาวิทยาลัย,2026-07-03,088-xxx-1891,False,False,False,False,0,0,,,,False
C01850,ธีร,ชาย,25-34,B05,มหาวิทยาลัย,2025-04-21,082-xxx-1777,False,False,False,True,13,1469,2025-07-20,2026-08-12,มหาวิทยาลัย,False
C01851,ณัฐ,ชาย,55+,B01,สยาม,2025-08-27,088-xxx-1525,False,False,False,True,6,955,2025-10-01,2026-03-31,สยาม,False
C01852,รัตนา,หญิง,18-24,B05,มหาวิทยาลัย,2026-06-05,087-xxx-9599,False,False,False,False,0,0,,,,False
C01853,รัตนา,ชาย,25-34,B05,มหาวิทยาลัย,2026-08-29,085-xxx-3192,False,False,False,False,0,0,,,,False
C01854,กิตติ,หญิง,45-54,B05,มหาวิทยาลัย,2025-11-25,082-xxx-5840,False,False,False,True,6,725,2025-12-09,2026-04-02,มหาวิทยาลัย,False
C01855,สุดา,หญิง,35-44,B02,สีลม,2025-07-25,081-xxx-6719,False,False,False,True,2,160,2025-10-14,2025-10-26,สีลม,False
C01856,อรุณ,ชาย,25-34,B01,สยาม,2025-12-10,081-xxx-9080,False,False,False,True,2,175,2026-01-07,2026-01-07,สีลม,False
C01857,อัญชลี,หญิง,25-34,B02,สีลม,2025-09-20,089-xxx-1673,False,False,False,True,15,2073,2025-09-24,2026-08-19,สีลม,False
C01858,ชนา,ชาย,25-34,B03,อารีย์,2026-03-21,087-xxx-8298,False,False,False,True,11,1410,2026-03-28,2026-09-11,อารีย์,False
C01859,อัญชลี,หญิง,25-34,B01,สยาม,2026-05-31,083-xxx-3006,False,False,False,True,2,230,2026-06-01,2026-06-20,สยาม,False
C01860,รัตนา,หญิง,18-24,B02,สีลม,2025-12-27,084-xxx-7196,False,False,False,True,8,839,2026-01-31,2026-08-06,สีลม,False
C01861,ปิยะ,หญิง,25-34,B01,สยาม,2025-10-07,086-xxx-8371,False,False,False,True,3,240,2025-10-17,2025-12-26,สยาม,False
C01862,สุดา,หญิง,35-44,B02,สีลม,2026-03-11,088-xxx-6424,False,False,False,True,7,744,2026-03-27,2026-07-27,สีลม,False
C01863,นภัส,หญิง,35-44,B02,สีลม,2026-04-16,088-xxx-8060,False,False,False,True,3,230,2026-04-21,2026-05-20,สีลม,False
C01864,อัญชลี,หญิง,18-24,B01,สยาม,2025-12-18,082-xxx-3513,False,False,False,True,4,500,2025-12-29,2026-09-14,สยาม,False
C01865,พิม,ชาย,25-34,B01,สยาม,2026-03-01,083-xxx-7237,False,False,False,True,2,349,2026-03-03,2026-08-01,สยาม,False
C01866,รัตนา,ชาย,25-34,B02,สีลม,2025-11-21,087-xxx-8126,False,False,False,True,3,215,2025-12-15,2026-01-18,สีลม,False
C01867,รัตนา,ชาย,35-44,B01,สยาม,2026-09-14,081-xxx-6850,False,False,False,False,0,0,,,,False
C01868,ธนา,หญิง,25-34,B05,มหาวิทยาลัย,2026-01-08,087-xxx-1353,False,False,False,True,1,240,2026-04-02,2026-04-02,มหาวิทยาลัย,False
C01869,ธีร,หญิง,45-54,B05,มหาวิทยาลัย,2026-02-06,085-xxx-3525,False,False,False,False,0,0,,,,False
C01870,จิรา,ชาย,25-34,B04,บางนา,2025-10-20,087-xxx-6412,False,False,False,True,5,564,2025-11-16,2026-06-21,อารีย์,False
C01871,สมชาย,ไม่ระบุ,25-34,B02,สีลม,2026-02-28,085-xxx-1984,False,False,False,True,2,190,2026-04-27,2026-06-08,สีลม,False
C01872,ณัฐ,ชาย,ต่ำกว่า 18,B04,บางนา,2026-05-27,083-xxx-5711,False,True,False,False,0,0,,,,False
C01873,รัตนา,หญิง,35-44,B04,บางนา,2026-09-14,087-xxx-1922,False,False,False,False,0,0,,,,False
C01874,ภัทร,ชาย,25-34,B04,บางนา,2026-06-13,088-xxx-1807,False,False,False,True,3,240,2026-07-27,2026-08-30,บางนา,False
C01875,ณัฐ,หญิง,18-24,B04,บางนา,2026-09-11,088-xxx-6121,False,False,False,True,2,125,2026-09-15,2026-09-20,บางนา,False
C01876,มานพ,หญิง,18-24,B02,สีลม,2025-05-26,086-xxx-6146,False,False,False,True,19,2407,2025-08-08,2026-09-03,สีลม,False
C01877,ศิริ,หญิง,35-44,B04,บางนา,2026-08-14,084-xxx-6996,False,False,False,False,0,0,,,,False
C01878,สมชาย,ชาย,25-34,B03,อารีย์,2026-05-15,085-xxx-7143,True,False,False,True,8,471,2026-05-21,2026-08-31,อารีย์,False
C01879,มานพ,หญิง,45-54,B02,สีลม,2025-06-25,087-xxx-7397,False,False,False,True,4,600,2025-07-02,2025-08-02,สีลม,False
C01880,นภัส,ชาย,18-24,B04,บางนา,2025-07-05,087-xxx-5971,False,False,False,True,12,1459,2025-07-06,2026-09-13,บางนา,False
C01881,กมล,หญิง,45-54,B01,สยาม,2026-07-01,085-xxx-2859,False,False,False,True,2,140,2026-07-05,2026-09-13,สยาม,False
C01882,ทิพย์,หญิง,18-24,B05,มหาวิทยาลัย,2025-06-24,088-xxx-6171,False,False,False,True,1,65,2025-07-02,2025-07-02,มหาวิทยาลัย,False
C01883,รัตนา,ชาย,35-44,B04,บางนา,2025-08-01,089-xxx-5548,True,False,False,True,3,360,2025-09-13,2026-01-25,บางนา,False
C01884,สุดา,หญิง,18-24,B03,อารีย์,2026-02-04,089-xxx-4844,False,False,False,True,5,555,2026-03-01,2026-09-20,อารีย์,False
C01885,กมล,หญิง,35-44,B02,สีลม,2026-05-06,086-xxx-2978,False,False,False,True,4,508,2026-05-06,2026-07-09,สีลม,False
C01886,ชนา,ชาย,25-34,B01,สยาม,2025-11-01,081-xxx-3049,False,False,False,True,4,335,2025-12-16,2026-05-04,สยาม,False
C01887,กมล,ชาย,18-24,B05,มหาวิทยาลัย,2025-07-31,084-xxx-4849,False,False,False,True,12,1455,2025-08-10,2026-05-23,มหาวิทยาลัย,False
C01888,วรรณ,หญิง,45-54,B02,สีลม,2025-04-15,082-xxx-8178,False,False,False,True,8,824,2025-04-21,2026-01-26,สีลม,False
C01889,ธีร,หญิง,25-34,B02,สีลม,2025-07-18,082-xxx-4303,False,False,False,True,10,1100,2025-08-08,2026-07-01,สีลม,False
C01890,วรรณ,ชาย,55+,B03,อารีย์,2026-01-15,085-xxx-6757,False,False,False,True,16,2168,2026-01-20,2026-09-20,อารีย์,False
C01891,รัตนา,ชาย,18-24,B03,อารีย์,2026-07-01,089-xxx-1905,False,False,False,True,2,210,2026-07-10,2026-07-18,อารีย์,False
C01892,อรุณ,หญิง,18-24,B01,สยาม,2025-05-15,082-xxx-9690,False,False,False,True,7,980,2025-05-26,2025-09-16,สยาม,False
C01893,ชนา,ชาย,35-44,B02,สีลม,2026-07-20,082-xxx-1687,True,False,False,False,0,0,,,,False
C01894,อรุณ,หญิง,25-34,B05,มหาวิทยาลัย,2025-06-20,089-xxx-8510,False,False,False,True,34,4522,2025-06-21,2026-09-16,มหาวิทยาลัย,False
C01895,จิรา,ชาย,25-34,B04,บางนา,2025-10-11,089-xxx-1023,False,False,False,True,9,614,2025-11-23,2026-06-29,บางนา,False
C01896,สมชาย,ชาย,18-24,B05,มหาวิทยาลัย,2025-09-26,089-xxx-6888,False,False,False,True,5,735,2025-10-04,2025-11-27,มหาวิทยาลัย,False
C01897,ธนา,หญิง,35-44,B03,อารีย์,2026-07-26,085-xxx-2908,False,False,False,False,0,0,,,,False
C01898,กมล,หญิง,25-34,B03,อารีย์,2026-04-21,088-xxx-3648,False,False,False,True,5,1020,2026-04-24,2026-09-09,อารีย์,False
C01899,ณัฐ,ชาย,25-34,B02,สีลม,2025-12-23,088-xxx-7057,False,False,False,False,0,0,,,,False
C01900,เกศ,ชาย,35-44,B05,มหาวิทยาลัย,2026-07-13,085-xxx-7374,False,False,False,True,2,330,2026-07-14,2026-08-13,มหาวิทยาลัย,False
C01901,ปิยะ,ชาย,55+,B02,สีลม,2025-10-15,082-xxx-3574,False,False,False,True,6,695,2025-10-30,2026-07-09,สีลม,False
C01902,มานพ,ชาย,18-24,B05,มหาวิทยาลัย,2026-07-08,085-xxx-1150,False,False,False,True,1,65,2026-07-10,2026-07-10,มหาวิทยาลัย,False
C01903,สุดา,ชาย,18-24,B04,บางนา,2025-08-24,087-xxx-2942,False,False,False,True,2,294,2025-09-11,2025-10-06,สยาม,False
C01904,ปวีณ,หญิง,45-54,B02,สีลม,2026-09-05,083-xxx-4911,False,False,False,False,0,0,,,,False
C01905,นภัส,ชาย,25-34,B01,สยาม,2026-03-25,081-xxx-4977,False,False,False,True,3,710,2026-03-30,2026-06-18,สยาม,False
C01906,รัตนา,ชาย,35-44,B02,สีลม,2026-06-18,086-xxx-4552,False,False,False,True,6,825,2026-06-19,2026-09-08,สีลม,False
C01907,ศิริ,หญิง,25-34,B03,อารีย์,2026-03-31,081-xxx-6451,True,False,False,True,3,525,2026-05-06,2026-06-12,อารีย์,False
C01908,อรุณ,ชาย,25-34,B04,บางนา,2025-04-19,087-xxx-7729,False,False,False,True,21,2360,2025-04-28,2026-09-20,บางนา,False
C01909,ทิพย์,หญิง,35-44,B01,สยาม,2025-11-22,083-xxx-6607,False,False,False,True,2,245,2026-02-19,2026-02-27,สยาม,False
C01910,ภัทร,หญิง,35-44,B05,มหาวิทยาลัย,2026-08-09,085-xxx-6304,False,False,False,False,0,0,,,,False
C01911,ภูมิ,หญิง,35-44,B02,สีลม,2025-05-26,081-xxx-2720,False,False,False,True,8,885,2025-05-29,2026-05-23,สีลม,False
C01912,ปวีณ,หญิง,25-34,B04,บางนา,2025-10-31,081-xxx-2643,False,False,False,True,1,89,2025-11-30,2025-11-30,บางนา,False
C01913,ภูมิ,ชาย,18-24,B01,สยาม,2026-08-23,085-xxx-5568,False,False,False,False,0,0,,,,False
C01914,ธีร,ชาย,25-34,B01,สยาม,2026-07-13,089-xxx-1834,False,False,False,False,0,0,,,,False
C01915,ภูมิ,หญิง,35-44,B02,สีลม,2025-08-11,087-xxx-7525,False,False,False,True,5,540,2025-08-21,2026-05-22,สีลม,False
C01916,ธีร,ชาย,45-54,B01,สยาม,2026-07-13,083-xxx-4862,False,False,False,True,1,130,2026-07-29,2026-07-29,สยาม,False
C01917,ธีร,หญิง,18-24,B05,มหาวิทยาลัย,2025-09-11,089-xxx-7490,False,False,False,True,5,700,2025-09-12,2026-09-04,มหาวิทยาลัย,False
C01918,อัญชลี,หญิง,35-44,B03,อารีย์,2025-11-06,087-xxx-4095,False,False,False,True,13,1284,2025-11-14,2026-05-19,อารีย์,False
C01919,ธีร,หญิง,18-24,B05,มหาวิทยาลัย,2025-06-02,082-xxx-9472,False,False,False,True,13,1299,2025-06-25,2026-06-25,มหาวิทยาลัย,False
C01920,อรุณ,หญิง,25-34,B04,บางนา,2025-12-26,083-xxx-9996,False,False,False,True,2,350,2026-01-14,2026-02-18,บางนา,False
C01921,พิม,ชาย,25-34,B02,สีลม,2026-01-02,086-xxx-4069,False,False,False,True,1,130,2026-01-28,2026-01-28,สีลม,False
C01922,นภัส,ชาย,45-54,B02,สีลม,2026-07-22,083-xxx-8568,False,False,False,True,1,140,2026-09-08,2026-09-08,สีลม,False
C01923,นภัส,หญิง,18-24,B03,อารีย์,2026-07-05,088-xxx-3734,False,False,False,True,1,245,2026-07-20,2026-07-20,อารีย์,False
C01924,สุดา,หญิง,18-24,B05,มหาวิทยาลัย,2026-03-25,082-xxx-7962,False,False,False,True,6,785,2026-03-25,2026-07-07,มหาวิทยาลัย,False
C01925,อรุณ,ชาย,25-34,B04,บางนา,2026-07-22,085-xxx-7316,False,False,False,True,1,65,2026-08-23,2026-08-23,บางนา,False
C01926,ภัทร,หญิง,18-24,B05,มหาวิทยาลัย,2025-12-23,085-xxx-2428,False,False,False,True,9,999,2026-01-13,2026-08-01,มหาวิทยาลัย,False
C01927,อัญชลี,ชาย,35-44,B02,สีลม,2025-08-12,085-xxx-7483,False,False,False,True,7,1040,2025-09-08,2026-02-17,สีลม,False
C01928,เกศ,หญิง,45-54,B04,บางนา,2025-05-01,087-xxx-7516,False,False,False,True,13,1377,2025-05-04,2026-07-14,บางนา,False
C01929,ภัทร,ชาย,35-44,B01,สยาม,2026-03-10,081-xxx-4845,False,False,False,True,5,535,2026-04-26,2026-07-16,สยาม,False
C01930,วีระ,หญิง,45-54,B02,สีลม,2026-04-22,087-xxx-7520,True,False,False,True,2,235,2026-05-15,2026-05-26,สีลม,False
C01931,ทิพย์,หญิง,18-24,B01,สยาม,2025-08-14,085-xxx-9873,False,False,False,True,10,1440,2025-09-29,2026-08-03,สยาม,False
C01932,มานพ,หญิง,25-34,B02,สีลม,2025-08-06,081-xxx-1467,False,False,False,True,17,2445,2025-10-29,2026-09-09,สีลม,False
C01933,ชนา,ชาย,18-24,B02,สีลม,2026-01-25,083-xxx-7182,False,False,False,True,5,800,2026-02-20,2026-05-06,สีลม,False
C01934,กิตติ,ชาย,35-44,B02,สีลม,2026-07-24,088-xxx-2171,False,False,False,True,1,145,2026-07-27,2026-07-27,สีลม,False
C01935,ทิพย์,หญิง,18-24,B01,สยาม,2025-05-13,082-xxx-2398,False,False,False,True,19,2191,2025-05-21,2026-05-18,สยาม,False
C01936,วรรณ,หญิง,18-24,B03,อารีย์,2026-03-19,084-xxx-6835,False,False,False,True,3,420,2026-03-21,2026-05-22,อารีย์,False
C01937,เกศ,หญิง,25-34,B03,อารีย์,2026-09-03,089-xxx-1299,False,False,False,True,2,399,2026-09-14,2026-09-15,อารีย์,False
C01938,เกศ,หญิง,35-44,B05,มหาวิทยาลัย,2025-08-22,081-xxx-3031,False,False,False,True,8,1355,2025-09-10,2026-05-27,มหาวิทยาลัย,False
C01939,กิตติ,ชาย,18-24,B03,อารีย์,2026-04-28,086-xxx-1923,False,False,False,True,3,295,2026-05-17,2026-08-12,อารีย์,False
C01940,อัญชลี,ชาย,25-34,B04,บางนา,2026-08-26,087-xxx-1790,False,False,False,False,0,0,,,,False
C01941,พิม,หญิง,25-34,B05,มหาวิทยาลัย,2025-11-04,083-xxx-1931,False,False,False,False,0,0,,,,False
C01942,อรุณ,หญิง,18-24,B01,สยาม,2026-04-03,088-xxx-4551,False,False,False,False,0,0,,,,False
C01943,เกศ,หญิง,18-24,B04,บางนา,2026-02-04,085-xxx-1219,False,False,False,True,3,434,2026-02-15,2026-03-04,บางนา,False
C01944,ชนา,ชาย,25-34,B03,อารีย์,2025-12-18,084-xxx-8652,False,False,False,True,10,1093,2026-01-20,2026-08-31,อารีย์,False
C01945,ปวีณ,หญิง,55+,B04,บางนา,2026-07-01,085-xxx-3243,False,False,False,False,0,0,,,,False
C01946,พิม,ชาย,35-44,B02,สีลม,2025-08-28,086-xxx-4764,False,False,False,True,10,969,2025-08-29,2026-08-24,สีลม,False
C01947,จิรา,หญิง,25-34,B01,สยาม,2026-07-05,088-xxx-1866,False,False,False,True,3,250,2026-07-12,2026-07-28,สยาม,False
C01948,ปวีณ,หญิง,45-54,B02,สีลม,2025-09-02,084-xxx-3042,True,False,False,True,1,95,2025-10-02,2025-10-02,สีลม,False
C01949,วรรณ,ชาย,25-34,B02,สีลม,2026-01-25,084-xxx-4873,False,False,False,True,9,1115,2026-02-20,2026-08-07,สีลม,False
C01950,เกศ,ชาย,25-34,B02,สีลม,2025-05-20,086-xxx-5034,False,False,False,True,11,1850,2025-05-30,2025-12-01,สีลม,False
C01951,วรรณ,หญิง,45-54,B01,สยาม,2026-05-04,087-xxx-5753,False,False,False,True,4,495,2026-05-13,2026-08-25,สยาม,False
C01952,ภูมิ,ชาย,45-54,B01,สยาม,2025-10-17,088-xxx-1981,False,False,False,True,10,1049,2025-11-18,2026-01-27,สยาม,False
C01953,ภัทร,ชาย,25-34,B05,มหาวิทยาลัย,2026-02-21,085-xxx-5507,False,False,False,True,2,185,2026-04-18,2026-04-30,สยาม,False
C01954,ธีร,หญิง,18-24,B01,สยาม,2025-07-13,088-xxx-5687,False,False,False,True,12,1409,2025-08-10,2026-08-18,สยาม,False
C01955,จิรา,หญิง,25-34,B02,สีลม,2026-07-13,085-xxx-1910,False,False,False,True,1,65,2026-07-23,2026-07-23,สีลม,False
C01956,จิรา,หญิง,18-24,B02,สีลม,2026-05-14,081-xxx-1069,False,False,False,True,4,770,2026-07-07,2026-09-05,สีลม,False
C01957,ณัฐ,หญิง,55+,B03,อารีย์,2026-06-20,083-xxx-8734,False,False,False,False,0,0,,,,False
C01958,ชนา,ชาย,25-34,B03,อารีย์,2026-01-16,081-xxx-6533,False,False,False,True,20,2554,2026-01-17,2026-09-13,อารีย์,False
C01959,เกศ,หญิง,35-44,B02,สีลม,2026-01-11,082-xxx-8630,False,False,False,True,5,505,2026-01-15,2026-09-02,สีลม,False
C01960,ภูมิ,ชาย,18-24,B02,สีลม,2026-09-08,088-xxx-2520,False,False,False,False,0,0,,,,False
C01961,ทิพย์,ไม่ระบุ,25-34,B01,สยาม,2026-03-03,089-xxx-3385,False,False,False,True,3,320,2026-04-12,2026-08-24,สยาม,False
C01962,พิม,ชาย,55+,B04,บางนา,2025-11-09,088-xxx-5478,False,False,False,True,3,320,2025-11-21,2026-02-19,บางนา,False
C01963,รัตนา,หญิง,45-54,B02,สีลม,2025-06-03,083-xxx-6469,False,False,False,True,4,539,2025-06-11,2025-07-10,สีลม,False
C01964,ณัฐ,หญิง,25-34,B04,บางนา,2025-09-19,083-xxx-3207,False,False,False,True,5,534,2025-10-31,2026-07-29,บางนา,False
C01965,ชนา,หญิง,55+,B01,สยาม,2025-07-16,087-xxx-6737,False,False,False,True,4,235,2025-07-18,2025-09-06,สยาม,False
C01966,จิรา,ชาย,25-34,B02,สีลม,2026-08-15,081-xxx-6859,False,False,False,True,1,75,2026-08-27,2026-08-27,สีลม,False
C01967,กิตติ,หญิง,35-44,B02,สีลม,2025-12-15,084-xxx-7247,False,False,False,True,14,2097,2025-12-19,2026-09-17,สีลม,False
C01968,ทิพย์,หญิง,25-34,B05,มหาวิทยาลัย,2026-06-17,088-xxx-7747,False,False,False,False,0,0,,,,False
C01969,พิม,หญิง,25-34,B05,มหาวิทยาลัย,2025-05-13,082-xxx-8400,False,False,False,True,11,1320,2025-06-09,2026-08-14,มหาวิทยาลัย,False
C01970,นภัส,ชาย,18-24,B01,สยาม,2025-12-29,081-xxx-1979,False,False,False,True,3,235,2026-01-18,2026-06-21,สยาม,False
C01971,ปิยะ,ชาย,ต่ำกว่า 18,B04,บางนา,2025-10-03,085-xxx-9150,False,True,False,True,5,355,2025-11-02,2026-07-28,บางนา,False
C01972,ปิยะ,หญิง,18-24,B01,สยาม,2025-09-18,085-xxx-6149,False,False,False,True,13,1590,2025-10-19,2026-07-25,สยาม,False
C01973,ธีร,หญิง,25-34,B02,สีลม,2026-02-28,085-xxx-7994,False,False,False,True,3,645,2026-03-03,2026-03-15,สีลม,False
C01974,เกศ,ชาย,18-24,B01,สยาม,2026-08-21,085-xxx-6216,False,False,False,False,0,0,,,,False
C01975,กิตติ,ชาย,35-44,B02,สีลม,2026-03-02,086-xxx-8672,False,False,False,True,6,660,2026-03-26,2026-08-31,สีลม,False
C01976,ธีร,ชาย,45-54,B01,สยาม,2025-11-21,082-xxx-2868,False,False,False,True,8,1129,2025-12-19,2026-08-12,สยาม,False
C01977,พิม,ไม่ระบุ,25-34,B01,สยาม,2025-08-03,089-xxx-3884,False,False,False,True,5,654,2025-11-29,2026-08-10,สยาม,False
C01978,กมล,ชาย,35-44,B03,อารีย์,2026-05-20,089-xxx-2605,False,False,False,True,7,948,2026-05-25,2026-09-18,อารีย์,False
C01979,ทิพย์,ชาย,45-54,B02,สีลม,2026-05-06,082-xxx-4959,False,False,False,True,2,220,2026-07-20,2026-09-18,บางนา,False
C01980,สมชาย,หญิง,25-34,B03,อารีย์,2025-12-27,087-xxx-8339,False,False,False,True,10,1360,2025-12-31,2026-04-09,อารีย์,False
C01981,ชนา,ไม่ระบุ,45-54,B05,มหาวิทยาลัย,2025-12-23,087-xxx-6550,False,False,False,True,1,75,2025-12-24,2025-12-24,มหาวิทยาลัย,False
C01982,กมล,หญิง,45-54,B02,สีลม,2026-06-23,081-xxx-6853,False,False,False,True,2,335,2026-07-02,2026-07-17,สีลม,False
C01983,ทิพย์,หญิง,18-24,B01,สยาม,2025-05-01,086-xxx-3241,False,False,False,True,8,1287,2025-05-19,2026-02-04,สยาม,False
C01984,ณัฐ,ชาย,25-34,B02,สีลม,2025-10-16,083-xxx-2298,False,False,False,True,10,1617,2025-10-27,2026-09-14,สีลม,False
C01985,ปิยะ,ไม่ระบุ,45-54,B02,สีลม,2026-05-15,084-xxx-1316,False,False,False,True,8,1094,2026-05-17,2026-08-19,สีลม,False
C01986,ศิริ,หญิง,35-44,B02,สีลม,2026-06-18,084-xxx-7373,False,False,False,False,0,0,,,,False
C01987,วรรณ,ชาย,18-24,B01,สยาม,2026-03-17,082-xxx-3480,False,False,False,True,2,195,2026-07-10,2026-08-21,สยาม,False
C01988,กิตติ,หญิง,25-34,B04,บางนา,2025-08-07,083-xxx-4890,False,False,False,True,12,1948,2025-08-27,2026-09-02,บางนา,False
C01989,วีระ,หญิง,25-34,B01,สยาม,2025-04-24,085-xxx-3198,False,False,False,True,9,1264,2025-06-28,2026-09-20,สยาม,False
C01990,กิตติ,หญิง,18-24,B02,สีลม,2025-06-22,084-xxx-3313,False,False,False,True,6,658,2025-07-30,2026-01-14,สีลม,False
C01991,วรรณ,ชาย,35-44,B01,สยาม,2026-01-25,084-xxx-3293,False,False,False,True,1,145,2026-06-05,2026-06-05,สยาม,False
C01992,ชนา,หญิง,18-24,B04,บางนา,2025-07-30,081-xxx-3135,False,False,False,True,31,4113,2025-08-29,2026-09-10,บางนา,False
C01993,ภัทร,หญิง,35-44,B05,มหาวิทยาลัย,2026-06-16,086-xxx-5332,False,False,False,False,0,0,,,,False
C01994,สมชาย,หญิง,25-34,B04,บางนา,2026-08-02,084-xxx-8767,False,False,False,True,3,450,2026-08-08,2026-09-14,บางนา,False
C01995,ชนา,หญิง,25-34,B01,สยาม,2026-04-29,085-xxx-5057,False,False,False,True,1,65,2026-04-30,2026-04-30,สยาม,False
C01996,ธนา,ชาย,18-24,B01,สยาม,2026-02-14,086-xxx-7412,False,False,False,True,4,570,2026-02-18,2026-09-09,สยาม,False
C01997,สมชาย,ชาย,25-34,B01,สยาม,2025-08-11,084-xxx-2504,False,False,False,True,9,1029,2025-08-19,2026-05-01,สยาม,False
C01998,ภูมิ,หญิง,55+,B01,สยาม,2026-01-12,083-xxx-9849,False,False,False,True,1,65,2026-03-24,2026-03-24,สยาม,False
C01999,ปวีณ,หญิง,35-44,B01,สยาม,2026-05-23,081-xxx-3211,False,False,False,True,1,65,2026-07-03,2026-07-03,สยาม,False
C02000,วีระ,ชาย,45-54,B05,มหาวิทยาลัย,2025-07-14,087-xxx-3738,False,False,False,True,11,989,2025-07-29,2026-02-28,มหาวิทยาลัย,False
C02001,ชนา,ชาย,45-54,B02,สีลม,2026-06-21,086-xxx-5740,False,False,False,True,5,730,2026-07-20,2026-08-23,สีลม,False
C02002,มานพ,ไม่ระบุ,35-44,B01,สยาม,2026-08-04,085-xxx-6421,False,False,False,False,0,0,,,,False
C02003,ชนา,หญิง,18-24,B01,สยาม,2025-08-27,088-xxx-3289,False,False,False,True,3,334,2025-08-28,2025-10-21,สยาม,False
C02004,จิรา,ไม่ระบุ,35-44,B03,อารีย์,2026-07-14,086-xxx-3563,False,False,False,True,1,89,2026-08-14,2026-08-14,อารีย์,False
C02005,ปิยะ,ชาย,25-34,B05,มหาวิทยาลัย,2026-07-03,084-xxx-6426,False,False,False,True,1,235,2026-07-28,2026-07-28,สยาม,False
C02006,ทิพย์,ชาย,35-44,B05,มหาวิทยาลัย,2025-12-31,081-xxx-4965,False,False,False,True,16,1648,2026-02-20,2026-09-20,มหาวิทยาลัย,False
C02007,เกศ,หญิง,25-34,B01,สยาม,2026-03-10,089-xxx-5861,False,False,False,True,1,160,2026-05-08,2026-05-08,สยาม,False
C02008,พิม,ชาย,18-24,B04,บางนา,2026-04-08,086-xxx-7358,False,False,False,True,2,130,2026-06-13,2026-08-22,บางนา,False
C02009,อัญชลี,หญิง,25-34,B05,มหาวิทยาลัย,2025-08-07,083-xxx-5157,False,False,False,True,12,2192,2025-08-21,2026-08-14,มหาวิทยาลัย,False
C02010,ศิริ,ชาย,18-24,B04,บางนา,2025-05-30,089-xxx-7123,True,False,False,True,12,1489,2025-06-13,2025-12-16,บางนา,False
C02011,ชนา,หญิง,35-44,B02,สีลม,2026-03-12,085-xxx-7213,False,False,False,True,1,75,2026-03-19,2026-03-19,สีลม,False
C02012,ชนา,ชาย,25-34,B05,มหาวิทยาลัย,2026-06-06,083-xxx-6338,False,False,False,True,1,95,2026-06-25,2026-06-25,มหาวิทยาลัย,False
C02013,นภัส,หญิง,45-54,B02,สีลม,2025-12-23,086-xxx-1822,False,False,False,True,3,445,2025-12-31,2026-01-12,สีลม,False
C02014,ธนา,หญิง,18-24,B05,มหาวิทยาลัย,2026-04-12,089-xxx-9105,False,False,False,True,1,130,2026-05-04,2026-05-04,มหาวิทยาลัย,False
C02015,ปวีณ,หญิง,25-34,B02,สีลม,2025-11-17,084-xxx-6604,False,False,False,False,0,0,,,,False
C02016,นภัส,หญิง,18-24,B02,สีลม,2025-06-07,085-xxx-8845,False,False,False,True,13,1953,2025-08-01,2026-08-07,สีลม,False
C02017,พิม,หญิง,18-24,B04,บางนา,2026-01-28,085-xxx-8168,False,False,False,True,8,755,2026-05-13,2026-09-17,บางนา,False
C02018,ภัทร,ชาย,18-24,B04,บางนา,2025-12-10,082-xxx-6366,False,False,False,True,6,795,2026-01-06,2026-08-02,บางนา,False
C02019,สุดา,ชาย,ต่ำกว่า 18,B05,มหาวิทยาลัย,2025-10-23,086-xxx-7073,False,True,False,True,11,1145,2025-10-28,2026-09-10,มหาวิทยาลัย,False
C02020,นภัส,ชาย,18-24,B05,มหาวิทยาลัย,2026-08-24,083-xxx-8972,False,False,False,False,0,0,,,,False
C02021,อัญชลี,ชาย,25-34,B02,สีลม,2025-06-25,086-xxx-9251,False,False,False,True,2,385,2025-08-01,2025-08-13,มหาวิทยาลัย,False
C02022,ทิพย์,หญิง,25-34,B02,สีลม,2025-11-18,081-xxx-7210,False,False,False,True,5,683,2026-01-28,2026-08-07,สีลม,False
C02023,ธนา,ชาย,ต่ำกว่า 18,B05,มหาวิทยาลัย,2025-10-03,082-xxx-3670,False,True,False,True,5,440,2025-11-07,2026-03-22,มหาวิทยาลัย,False
C02024,เกศ,หญิง,18-24,B01,สยาม,2026-07-24,086-xxx-7165,False,False,False,True,1,75,2026-08-17,2026-08-17,สยาม,False
C02025,อัญชลี,ชาย,ต่ำกว่า 18,B02,สีลม,2025-11-05,083-xxx-3987,False,True,False,True,5,710,2025-11-17,2026-07-03,สีลม,False
C02026,ธนา,หญิง,35-44,B05,มหาวิทยาลัย,2026-04-26,083-xxx-8017,False,False,False,True,1,240,2026-07-06,2026-07-06,มหาวิทยาลัย,False
C02027,พิม,หญิง,18-24,B05,มหาวิทยาลัย,2026-03-04,084-xxx-3954,False,False,False,False,0,0,,,,False
C02028,ณัฐ,ชาย,45-54,B01,สยาม,2026-05-21,082-xxx-9858,False,False,False,True,3,598,2026-07-12,2026-09-16,สยาม,False
C02029,ธนา,ชาย,25-34,B05,มหาวิทยาลัย,2026-05-19,084-xxx-8150,False,False,False,False,0,0,,,,False
C02030,ทิพย์,หญิง,35-44,B03,อารีย์,2026-09-08,082-xxx-9188,False,False,False,True,1,160,2026-09-18,2026-09-18,อารีย์,False
C02031,ณัฐ,ชาย,35-44,B05,มหาวิทยาลัย,2026-06-15,086-xxx-5653,False,False,False,True,1,65,2026-07-07,2026-07-07,มหาวิทยาลัย,False
C02032,รัตนา,หญิง,35-44,B01,สยาม,2026-06-15,088-xxx-6930,False,False,False,True,2,340,2026-07-02,2026-09-01,สยาม,False
C02033,กิตติ,หญิง,25-34,B01,สยาม,2026-05-31,083-xxx-7405,False,False,False,True,1,55,2026-07-17,2026-07-17,สยาม,False
C02034,รัตนา,ชาย,25-34,B05,มหาวิทยาลัย,2026-05-20,082-xxx-5167,False,False,False,True,1,299,2026-06-22,2026-06-22,มหาวิทยาลัย,False
C02035,ศิริ,หญิง,18-24,B02,สีลม,2026-08-17,087-xxx-8186,False,False,False,True,1,120,2026-09-19,2026-09-19,สีลม,False
C02036,ธนา,หญิง,18-24,B01,สยาม,2026-02-14,087-xxx-6354,False,False,False,True,5,350,2026-02-23,2026-08-23,สยาม,False
C02037,ธนา,หญิง,25-34,B05,มหาวิทยาลัย,2025-05-21,086-xxx-8728,False,False,False,True,8,1165,2025-06-06,2026-08-05,มหาวิทยาลัย,False
C02038,มานพ,ชาย,45-54,B05,มหาวิทยาลัย,2026-07-20,087-xxx-7912,False,False,False,False,0,0,,,,False
C02039,ณัฐ,หญิง,18-24,B04,บางนา,2025-04-12,085-xxx-4536,False,False,False,True,8,1140,2025-04-24,2025-11-07,บางนา,False
C02040,ธนา,ชาย,45-54,B01,สยาม,2025-04-02,085-xxx-3451,False,False,False,True,22,3253,2025-04-07,2026-08-12,สยาม,False
C02041,วีระ,ชาย,25-34,B03,อารีย์,2026-01-18,084-xxx-2272,False,False,False,True,8,830,2026-01-26,2026-06-02,อารีย์,False
C02042,กมล,หญิง,55+,B04,บางนา,2025-09-01,087-xxx-7454,False,False,False,True,8,1040,2025-09-27,2026-07-01,บางนา,False
C02043,จิรา,หญิง,45-54,B01,สยาม,2025-12-06,084-xxx-1074,False,False,False,True,13,1891,2026-01-06,2026-07-17,สยาม,False
C02044,ณัฐ,หญิง,18-24,B05,มหาวิทยาลัย,2025-08-10,089-xxx-1272,False,False,False,True,5,868,2025-08-21,2026-04-01,มหาวิทยาลัย,False
C02045,อรุณ,หญิง,35-44,B01,สยาม,2025-06-14,083-xxx-9915,False,False,False,True,3,505,2026-04-18,2026-07-05,สยาม,False
C02046,ภัทร,หญิง,45-54,B04,บางนา,2026-06-02,087-xxx-7666,False,False,False,True,1,165,2026-06-19,2026-06-19,บางนา,False
C02047,ศิริ,ชาย,25-34,B02,สีลม,2026-05-28,086-xxx-9146,False,False,False,True,2,465,2026-06-22,2026-06-29,สีลม,False
C02048,มานพ,หญิง,25-34,B05,มหาวิทยาลัย,2025-04-07,081-xxx-8826,False,False,False,True,30,4582,2025-04-12,2026-09-17,มหาวิทยาลัย,False
C02049,อรุณ,ชาย,35-44,B03,อารีย์,2026-02-13,085-xxx-4250,False,False,False,True,9,820,2026-02-13,2026-06-16,อารีย์,False
C02050,วรรณ,ชาย,25-34,B05,มหาวิทยาลัย,2026-08-31,089-xxx-9001,False,False,False,True,1,90,2026-09-05,2026-09-05,สยาม,False
C02051,ณัฐ,หญิง,35-44,B01,สยาม,2025-11-13,085-xxx-7815,False,False,False,True,14,2254,2025-11-16,2026-06-19,สยาม,False
C02052,สุดา,ชาย,18-24,B03,อารีย์,2026-01-08,084-xxx-2529,False,False,False,True,3,365,2026-01-25,2026-03-30,อารีย์,False
C02053,จิรา,ชาย,45-54,B02,สีลม,2026-05-19,086-xxx-3392,False,False,False,True,3,425,2026-08-04,2026-09-14,สีลม,False
C02054,ณัฐ,หญิง,18-24,B04,บางนา,2026-01-06,085-xxx-3973,False,False,False,True,11,1390,2026-02-02,2026-06-06,บางนา,False
C02055,อรุณ,หญิง,25-34,B02,สีลม,2025-12-28,087-xxx-5464,False,False,False,True,1,144,2026-01-31,2026-01-31,สีลม,False
C02056,ณัฐ,หญิง,35-44,B02,สีลม,2025-05-14,089-xxx-2821,False,False,False,True,7,735,2025-05-15,2025-10-09,สีลม,False
C02057,ภูมิ,ชาย,25-34,B02,สีลม,2025-04-15,086-xxx-2207,False,False,False,True,13,1779,2025-04-18,2026-04-08,สีลม,False
C02058,ปิยะ,หญิง,45-54,B03,อารีย์,2025-12-15,089-xxx-9171,False,False,False,True,4,380,2025-12-20,2026-01-15,อารีย์,False
C02059,ปิยะ,หญิง,25-34,B04,บางนา,2026-09-11,083-xxx-7455,False,False,False,False,0,0,,,,False
C02060,มานพ,ไม่ระบุ,18-24,B04,บางนา,2025-08-27,085-xxx-9766,True,False,False,True,6,735,2025-11-04,2026-07-29,บางนา,False
C02061,จิรา,ชาย,35-44,B01,สยาม,2025-06-08,084-xxx-3225,False,False,False,True,11,1578,2025-07-09,2026-06-14,สยาม,False
C02062,ทิพย์,หญิง,35-44,B05,มหาวิทยาลัย,2026-04-07,087-xxx-8200,False,False,False,False,0,0,,,,False
C02063,ปิยะ,ชาย,18-24,B05,มหาวิทยาลัย,2025-09-20,089-xxx-4567,False,False,False,True,10,1205,2025-10-05,2026-09-06,มหาวิทยาลัย,False
C02064,ทิพย์,ชาย,18-24,B04,บางนา,2025-04-19,083-xxx-6226,False,False,False,True,22,2386,2025-06-08,2026-09-07,บางนา,False
C02065,กมล,ชาย,25-34,B05,มหาวิทยาลัย,2025-06-03,089-xxx-8080,False,False,False,False,0,0,,,,False
C02066,ธีร,หญิง,25-34,B01,สยาม,2026-05-18,082-xxx-9374,False,False,False,True,1,170,2026-07-04,2026-07-04,บางนา,False
C02067,ทิพย์,ชาย,45-54,B05,มหาวิทยาลัย,2025-10-11,081-xxx-6637,False,False,False,True,6,695,2025-10-15,2026-07-23,มหาวิทยาลัย,False
C02068,นภัส,ชาย,45-54,B02,สีลม,2025-11-17,089-xxx-1256,False,False,False,True,19,2534,2025-12-15,2026-09-16,สีลม,False
C02069,พิม,หญิง,25-34,B01,สยาม,2025-04-15,088-xxx-9131,False,False,False,True,6,833,2025-05-05,2025-06-16,สยาม,False
C02070,กมล,หญิง,55+,B02,สีลม,2025-11-19,083-xxx-7994,False,False,False,True,5,455,2025-12-19,2026-06-12,สีลม,False
C02071,ภูมิ,หญิง,25-34,B05,มหาวิทยาลัย,2026-06-05,089-xxx-5088,False,False,False,True,4,439,2026-07-11,2026-09-08,มหาวิทยาลัย,False
C02072,นภัส,หญิง,25-34,B03,อารีย์,2026-03-11,084-xxx-5213,False,False,False,True,5,530,2026-03-19,2026-05-16,อารีย์,False
C02073,วรรณ,หญิง,18-24,B05,มหาวิทยาลัย,2025-11-22,086-xxx-2887,False,False,False,True,7,725,2026-02-02,2026-06-23,มหาวิทยาลัย,False
C02074,สุดา,หญิง,18-24,B03,อารีย์,2025-11-12,087-xxx-3216,False,False,False,True,8,1150,2025-12-22,2026-09-16,อารีย์,False
C02075,พิม,ชาย,18-24,B04,บางนา,2026-02-16,082-xxx-7907,False,False,False,True,8,940,2026-02-20,2026-09-06,บางนา,False
C02076,พิม,ชาย,ต่ำกว่า 18,B05,มหาวิทยาลัย,2025-12-03,089-xxx-4319,False,True,False,True,1,225,2025-12-15,2025-12-15,มหาวิทยาลัย,False
C02077,ธนา,หญิง,18-24,B04,บางนา,2025-12-06,088-xxx-4575,False,False,False,True,8,919,2025-12-07,2026-05-30,บางนา,False
C02078,ปวีณ,หญิง,55+,B02,สีลม,2026-08-07,086-xxx-3783,False,False,False,False,0,0,,,,False
C02079,ธนา,ชาย,18-24,B03,อารีย์,2026-06-06,084-xxx-2091,False,False,False,True,3,385,2026-06-15,2026-08-05,อารีย์,False
C02080,วรรณ,หญิง,45-54,B05,มหาวิทยาลัย,2026-03-15,084-xxx-4029,False,False,False,True,1,65,2026-03-30,2026-03-30,มหาวิทยาลัย,False
C02081,ปิยะ,หญิง,45-54,B02,สีลม,2026-08-01,084-xxx-2701,True,False,False,True,1,65,2026-08-13,2026-08-13,สีลม,False
C02082,วรรณ,หญิง,25-34,B02,สีลม,2026-01-24,085-xxx-5702,False,False,False,True,3,360,2026-01-28,2026-05-10,สีลม,False
C02083,ณัฐ,หญิง,25-34,B01,สยาม,2026-08-09,087-xxx-5669,False,False,False,False,0,0,,,,False
C02084,ณัฐ,หญิง,35-44,B01,สยาม,2026-02-15,089-xxx-9344,False,False,False,True,1,70,2026-04-18,2026-04-18,สยาม,False
C02085,ภูมิ,หญิง,18-24,B01,สยาม,2025-06-02,083-xxx-3286,False,False,False,True,2,444,2025-06-18,2025-06-24,สยาม,False
C02086,ธนา,ชาย,18-24,B01,สยาม,2025-10-15,088-xxx-3037,False,False,False,False,0,0,,,,False
C02087,รัตนา,หญิง,ต่ำกว่า 18,B03,อารีย์,2026-07-20,085-xxx-2711,False,True,False,True,1,194,2026-08-12,2026-08-12,อารีย์,False
C02088,อรุณ,ชาย,18-24,B04,บางนา,2025-05-31,084-xxx-5534,False,False,False,True,13,1495,2025-06-07,2026-08-25,บางนา,False
C02089,ธนา,หญิง,25-34,B02,สีลม,2025-04-11,084-xxx-5507,False,False,False,True,15,1802,2025-04-11,2026-06-18,สีลม,False
C02090,ธนา,ชาย,18-24,B04,บางนา,2026-03-18,088-xxx-1096,False,False,False,True,1,65,2026-03-30,2026-03-30,อารีย์,False
C02091,ภูมิ,ชาย,45-54,B05,มหาวิทยาลัย,2025-12-01,083-xxx-7429,False,False,False,True,4,400,2025-12-16,2026-08-15,มหาวิทยาลัย,False
C02092,ปวีณ,ชาย,35-44,B01,สยาม,2025-06-27,086-xxx-5030,False,False,False,True,2,534,2025-07-17,2025-07-28,สยาม,False
C02093,นภัส,ชาย,25-34,B04,บางนา,2025-04-26,089-xxx-1952,False,False,False,True,19,2685,2025-04-26,2026-02-23,บางนา,False
C02094,อรุณ,หญิง,35-44,B01,สยาม,2026-07-16,088-xxx-5887,False,False,False,False,0,0,,,,False
C02095,จิรา,หญิง,35-44,B02,สีลม,2026-06-14,088-xxx-8884,False,False,False,False,0,0,,,,False
C02096,พิม,ไม่ระบุ,35-44,B05,มหาวิทยาลัย,2026-07-07,085-xxx-4922,False,False,False,False,0,0,,,,False
C02097,ธีร,หญิง,55+,B02,สีลม,2026-06-09,085-xxx-9736,False,False,False,False,0,0,,,,False
C02098,มานพ,หญิง,18-24,B02,สีลม,2025-05-15,087-xxx-1627,False,False,False,True,13,1884,2025-05-16,2025-11-29,สีลม,False
C02099,กมล,ชาย,25-34,B02,สีลม,2026-03-06,086-xxx-8056,False,False,False,True,2,420,2026-03-24,2026-06-30,สีลม,False
C02100,กิตติ,หญิง,25-34,B05,มหาวิทยาลัย,2025-06-15,086-xxx-5790,False,False,False,True,9,1897,2025-06-29,2026-04-07,มหาวิทยาลัย,False
C02101,สุดา,หญิง,ต่ำกว่า 18,B04,บางนา,2025-06-15,087-xxx-6650,False,True,False,True,7,824,2025-06-29,2025-09-10,บางนา,False
C02102,ปวีณ,หญิง,35-44,B04,บางนา,2026-05-10,087-xxx-7035,False,False,False,False,0,0,,,,False
C02103,วีระ,หญิง,18-24,B05,มหาวิทยาลัย,2025-06-22,083-xxx-1681,False,False,False,True,1,60,2025-06-23,2025-06-23,มหาวิทยาลัย,False
C02104,วรรณ,ชาย,18-24,B04,บางนา,2026-06-07,089-xxx-3653,False,False,False,True,1,85,2026-08-03,2026-08-03,บางนา,False
C02105,ณัฐ,หญิง,35-44,B04,บางนา,2026-08-16,088-xxx-1282,False,False,False,True,1,75,2026-08-27,2026-08-27,บางนา,False
C02106,พิม,ชาย,45-54,B04,บางนา,2026-08-25,087-xxx-8473,False,False,False,False,0,0,,,,False
C02107,ศิริ,ชาย,35-44,B01,สยาม,2026-06-03,084-xxx-6295,False,False,False,True,2,270,2026-07-08,2026-09-16,สยาม,False
C02108,ธีร,หญิง,45-54,B05,มหาวิทยาลัย,2026-05-05,088-xxx-6242,False,False,False,True,5,370,2026-05-10,2026-08-18,มหาวิทยาลัย,False
C02109,จิรา,ชาย,25-34,B01,สยาม,2026-08-27,081-xxx-5910,False,False,False,True,1,80,2026-09-12,2026-09-12,สยาม,False
C02110,ณัฐ,ชาย,25-34,B05,มหาวิทยาลัย,2025-12-04,087-xxx-1145,False,False,False,True,17,2476,2026-01-09,2026-09-10,มหาวิทยาลัย,False
C02111,ปิยะ,ชาย,18-24,B01,สยาม,2025-08-11,088-xxx-3526,False,False,False,True,11,1633,2025-08-12,2026-09-04,สยาม,False
C02112,ทิพย์,ชาย,18-24,B02,สีลม,2025-09-20,087-xxx-5395,False,False,False,True,1,65,2025-09-20,2025-09-20,สีลม,False
C02113,พิม,ชาย,18-24,B01,สยาม,2025-08-11,081-xxx-2374,False,False,False,True,11,1878,2025-08-20,2026-05-26,สยาม,False
C02114,ศิริ,หญิง,18-24,B04,บางนา,2025-06-16,081-xxx-3926,False,False,False,False,0,0,,,,False
C02115,ภัทร,ชาย,45-54,B04,บางนา,2025-09-09,089-xxx-7088,False,False,False,True,18,2283,2025-09-22,2026-09-13,บางนา,False
C02116,จิรา,หญิง,ต่ำกว่า 18,B05,มหาวิทยาลัย,2025-08-20,088-xxx-2967,False,True,False,True,18,2353,2025-08-28,2026-09-03,มหาวิทยาลัย,False
C02117,มานพ,หญิง,25-34,B02,สีลม,2026-05-01,083-xxx-6824,False,False,False,True,1,165,2026-05-15,2026-05-15,อารีย์,False
C02118,ธนา,หญิง,55+,B03,อารีย์,2026-07-14,089-xxx-1783,False,False,False,True,3,440,2026-07-30,2026-07-31,อารีย์,False
C02119,กิตติ,หญิง,45-54,B01,สยาม,2026-04-04,089-xxx-2894,True,False,False,True,4,470,2026-04-26,2026-08-14,สยาม,False
C02120,มานพ,ไม่ระบุ,18-24,B02,สีลม,2026-08-25,084-xxx-2443,False,False,False,True,1,65,2026-08-29,2026-08-29,สีลม,False
C02121,ภัทร,หญิง,35-44,B03,อารีย์,2025-11-26,082-xxx-1749,False,False,False,True,5,559,2025-11-26,2025-12-21,อารีย์,False
C02122,เกศ,หญิง,45-54,B05,มหาวิทยาลัย,2026-02-04,083-xxx-2731,False,False,False,True,1,75,2026-03-21,2026-03-21,มหาวิทยาลัย,False
C02123,ปวีณ,ชาย,18-24,B01,สยาม,2026-07-16,084-xxx-3030,False,False,False,True,1,65,2026-09-09,2026-09-09,สยาม,False
C02124,วีระ,ชาย,18-24,B02,สีลม,2025-09-29,086-xxx-7498,False,False,False,True,3,703,2025-10-07,2025-10-29,สีลม,False
C02125,ทิพย์,หญิง,35-44,B01,สยาม,2026-04-18,084-xxx-6176,False,False,False,True,1,80,2026-07-31,2026-07-31,สยาม,False
C02126,ภัทร,ชาย,35-44,B02,สีลม,2025-05-18,087-xxx-4262,False,False,False,True,12,2008,2025-05-18,2026-07-06,สีลม,False
C02127,ปวีณ,หญิง,45-54,B01,สยาม,2026-06-15,086-xxx-4821,False,False,False,True,1,110,2026-08-24,2026-08-24,สยาม,False
C02128,อรุณ,ชาย,25-34,B01,สยาม,2026-05-16,089-xxx-9779,False,False,False,True,2,235,2026-07-03,2026-07-12,สยาม,False
C02129,ภัทร,หญิง,18-24,B05,มหาวิทยาลัย,2026-03-08,087-xxx-3222,False,False,False,False,0,0,,,,False
C02130,ปิยะ,หญิง,55+,B01,สยาม,2025-05-17,085-xxx-5140,False,False,False,True,14,1884,2025-05-25,2026-07-13,สยาม,False
C02131,พิม,ไม่ระบุ,18-24,B01,สยาม,2025-04-13,086-xxx-6022,False,False,False,True,19,2901,2025-05-13,2026-09-03,สยาม,False
C02132,เกศ,ไม่ระบุ,35-44,B03,อารีย์,2026-01-30,089-xxx-2197,False,False,False,True,6,803,2026-02-01,2026-04-22,อารีย์,False
C02133,อรุณ,ชาย,45-54,B05,มหาวิทยาลัย,2025-08-13,081-xxx-5016,False,False,False,False,0,0,,,,False
C02134,อรุณ,หญิง,25-34,B02,สีลม,2025-08-12,086-xxx-2227,False,False,False,True,7,805,2025-08-17,2026-07-27,สีลม,False
C02135,มานพ,ชาย,25-34,B05,มหาวิทยาลัย,2026-08-07,086-xxx-2540,False,False,False,False,0,0,,,,False
C02136,ณัฐ,หญิง,18-24,B03,อารีย์,2026-04-15,089-xxx-4458,False,False,False,True,3,201,2026-04-29,2026-06-07,อารีย์,False
C02137,ศิริ,หญิง,18-24,B02,สีลม,2026-08-17,082-xxx-1725,False,False,False,False,0,0,,,,False
C02138,มานพ,หญิง,18-24,B05,มหาวิทยาลัย,2025-05-15,086-xxx-2400,False,False,False,True,11,1400,2025-06-14,2026-09-12,มหาวิทยาลัย,False
C02139,สมชาย,หญิง,35-44,B02,สีลม,2026-04-24,084-xxx-5267,False,False,False,False,0,0,,,,False
C02140,กมล,หญิง,18-24,B01,สยาม,2025-08-07,087-xxx-6870,False,False,False,True,4,675,2025-09-02,2025-12-01,สยาม,False
C02141,ปิยะ,หญิง,25-34,B02,สีลม,2025-07-19,082-xxx-2202,False,False,False,False,0,0,,,,False
C02142,ธีร,หญิง,25-34,B01,สยาม,2026-08-14,088-xxx-6564,False,False,False,False,0,0,,,,False
C02143,กมล,ชาย,45-54,B01,สยาม,2026-05-16,089-xxx-2612,False,False,False,True,1,65,2026-07-05,2026-07-05,สยาม,False
C02144,สุดา,ชาย,25-34,B01,สยาม,2026-06-14,087-xxx-9960,False,False,False,False,0,0,,,,False
C02145,อัญชลี,ชาย,25-34,B01,สยาม,2026-05-17,089-xxx-7202,False,False,False,True,1,75,2026-05-31,2026-05-31,สยาม,False
C02146,กมล,ชาย,35-44,B02,สีลม,2025-08-02,082-xxx-4443,False,False,False,True,23,3226,2025-08-07,2026-09-17,สีลม,False
C02147,ศิริ,หญิง,18-24,B03,อารีย์,2026-08-08,084-xxx-7342,False,False,False,True,1,285,2026-09-20,2026-09-20,อารีย์,False
C02148,วีระ,ไม่ระบุ,35-44,B04,บางนา,2026-07-05,082-xxx-4553,False,False,False,True,3,380,2026-07-26,2026-08-29,บางนา,False
C02149,ภัทร,ชาย,18-24,B05,มหาวิทยาลัย,2026-06-03,088-xxx-3154,False,False,False,True,3,370,2026-07-13,2026-08-18,มหาวิทยาลัย,False
C02150,ภัทร,หญิง,18-24,B01,สยาม,2025-04-21,082-xxx-9358,False,False,False,True,15,1778,2025-05-01,2026-05-28,สยาม,False
C02151,กมล,ชาย,55+,B01,สยาม,2026-09-13,088-xxx-7989,False,False,False,True,1,65,2026-09-19,2026-09-19,สยาม,False
C02152,ภูมิ,หญิง,25-34,B02,สีลม,2026-07-27,084-xxx-5468,False,False,False,False,0,0,,,,False
C02153,มานพ,หญิง,25-34,B05,มหาวิทยาลัย,2026-04-12,086-xxx-8001,False,False,False,True,6,753,2026-04-22,2026-09-13,มหาวิทยาลัย,False
C02154,ธนา,หญิง,18-24,B02,สีลม,2026-04-08,089-xxx-8541,False,False,False,True,9,1679,2026-05-07,2026-09-02,สีลม,False
C02155,สมชาย,หญิง,18-24,B03,อารีย์,2026-04-13,084-xxx-2003,False,False,False,False,0,0,,,,False
C02156,นภัส,หญิง,45-54,B01,สยาม,2025-08-30,086-xxx-3913,False,False,False,True,12,1674,2025-09-06,2026-09-05,สยาม,False
C02157,มานพ,ไม่ระบุ,45-54,B05,มหาวิทยาลัย,2026-05-27,082-xxx-4704,False,False,False,False,0,0,,,,False
C02158,กิตติ,ชาย,25-34,B04,บางนา,2025-07-15,086-xxx-4247,False,False,False,True,15,1830,2025-07-15,2026-07-27,บางนา,False
C02159,กิตติ,หญิง,18-24,B03,อารีย์,2026-02-24,089-xxx-3665,False,False,False,True,7,605,2026-03-13,2026-07-25,อารีย์,False
C02160,ชนา,ชาย,55+,B02,สีลม,2025-11-09,089-xxx-8328,False,False,False,True,10,1313,2025-11-18,2026-09-08,สีลม,False
C02161,อัญชลี,หญิง,35-44,B05,มหาวิทยาลัย,2026-03-03,083-xxx-8468,False,False,False,False,0,0,,,,False
C02162,กิตติ,หญิง,18-24,B05,มหาวิทยาลัย,2025-09-14,087-xxx-9773,False,False,False,True,18,2122,2025-10-04,2026-07-19,มหาวิทยาลัย,False
C02163,ณัฐ,หญิง,35-44,B04,บางนา,2025-10-28,083-xxx-1414,False,False,False,True,13,1812,2025-11-05,2026-09-06,บางนา,False
C02164,ธีร,หญิง,25-34,B03,อารีย์,2026-08-22,082-xxx-3817,False,False,False,False,0,0,,,,False
C02165,นภัส,ชาย,ต่ำกว่า 18,B05,มหาวิทยาลัย,2026-09-06,084-xxx-3852,False,True,False,False,0,0,,,,False
C02166,วรรณ,ชาย,18-24,B05,มหาวิทยาลัย,2025-12-21,083-xxx-5871,False,False,False,True,6,650,2026-01-08,2026-07-18,มหาวิทยาลัย,False
C02167,กิตติ,หญิง,25-34,B01,สยาม,2026-04-01,085-xxx-1069,False,False,False,False,0,0,,,,False
C02168,กมล,หญิง,25-34,B05,มหาวิทยาลัย,2025-10-27,083-xxx-7695,False,False,False,True,19,2004,2025-11-20,2026-09-18,มหาวิทยาลัย,False
C02169,นภัส,หญิง,55+,B04,บางนา,2026-05-31,088-xxx-8085,False,False,False,True,1,95,2026-06-24,2026-06-24,บางนา,False
C02170,มานพ,หญิง,25-34,B05,มหาวิทยาลัย,2026-04-23,081-xxx-1176,False,False,False,True,2,165,2026-05-15,2026-07-01,สยาม,False
C02171,ธีร,หญิง,25-34,B03,อารีย์,2025-11-13,088-xxx-8496,False,False,False,True,8,1187,2025-11-14,2026-05-17,อารีย์,False
C02172,ปิยะ,ชาย,45-54,B05,มหาวิทยาลัย,2025-09-17,088-xxx-7144,False,False,False,True,12,1629,2025-09-21,2026-08-08,มหาวิทยาลัย,False
C02173,ศิริ,หญิง,25-34,B04,บางนา,2025-12-10,087-xxx-4087,False,False,False,True,4,415,2025-12-15,2026-09-08,บางนา,False
C02174,กิตติ,ชาย,25-34,B03,อารีย์,2026-04-10,082-xxx-1388,False,False,False,True,6,1120,2026-04-12,2026-08-29,อารีย์,False
C02175,วีระ,หญิง,18-24,B05,มหาวิทยาลัย,2025-06-23,087-xxx-5775,False,False,False,False,0,0,,,,False
C02176,จิรา,หญิง,35-44,B01,สยาม,2026-05-02,081-xxx-4157,False,False,False,True,2,244,2026-05-06,2026-08-02,สยาม,False
C02177,อรุณ,ชาย,35-44,B02,สีลม,2025-06-25,081-xxx-7130,False,False,False,True,4,320,2025-08-24,2025-11-01,สีลม,False
C02178,ชนา,ชาย,25-34,B04,บางนา,2025-09-22,087-xxx-3196,False,False,False,True,8,853,2025-12-06,2026-09-05,บางนา,False
C02179,อัญชลี,หญิง,25-34,B01,สยาม,2025-06-24,081-xxx-5843,True,False,False,True,13,1978,2025-07-21,2026-08-31,สยาม,False
C02180,เกศ,หญิง,25-34,B02,สีลม,2025-09-10,082-xxx-7339,False,False,False,True,2,135,2025-10-17,2025-11-10,สีลม,False
C02181,พิม,ชาย,35-44,B03,อารีย์,2026-05-13,085-xxx-5665,False,False,False,True,1,130,2026-05-22,2026-05-22,อารีย์,False
C02182,ศิริ,หญิง,35-44,B05,มหาวิทยาลัย,2026-03-31,082-xxx-8524,False,False,False,True,2,349,2026-04-20,2026-06-17,บางนา,False
C02183,ชนา,หญิง,45-54,B04,บางนา,2026-05-27,088-xxx-9312,False,False,False,True,4,720,2026-06-09,2026-08-16,บางนา,False
C02184,กมล,หญิง,25-34,B05,มหาวิทยาลัย,2025-12-22,089-xxx-5062,False,False,False,True,6,739,2026-02-26,2026-07-31,มหาวิทยาลัย,False
C02185,จิรา,หญิง,35-44,B05,มหาวิทยาลัย,2025-07-08,088-xxx-6227,False,False,False,True,21,2794,2025-07-17,2026-07-17,มหาวิทยาลัย,False
C02186,สมชาย,ชาย,25-34,B04,บางนา,2025-09-23,088-xxx-1516,False,False,False,True,13,1682,2025-09-26,2026-09-17,บางนา,False
C02187,สมชาย,ชาย,35-44,B04,บางนา,2026-09-07,083-xxx-6770,False,False,False,False,0,0,,,,False
C02188,ทิพย์,ชาย,25-34,B02,สีลม,2026-05-12,082-xxx-5657,False,False,False,True,5,805,2026-05-14,2026-09-16,สีลม,False
C02189,ปวีณ,หญิง,25-34,B05,มหาวิทยาลัย,2025-07-28,084-xxx-2943,False,False,False,True,1,258,2025-08-04,2025-08-04,มหาวิทยาลัย,False
C02190,นภัส,ชาย,25-34,B01,สยาม,2025-06-17,087-xxx-8333,False,False,False,True,8,920,2025-06-28,2025-10-18,สยาม,False
C02191,ชนา,ชาย,25-34,B04,บางนา,2026-04-01,083-xxx-1052,False,False,False,True,4,635,2026-04-29,2026-08-22,บางนา,False
C02192,วรรณ,ชาย,18-24,B01,สยาม,2025-07-16,084-xxx-4524,True,False,False,False,0,0,,,,False
C02193,เกศ,ไม่ระบุ,45-54,B03,อารีย์,2026-06-06,089-xxx-1611,False,False,False,True,2,150,2026-07-05,2026-07-12,อารีย์,False
C02194,ธีร,หญิง,25-34,B05,มหาวิทยาลัย,2025-10-02,084-xxx-7771,False,False,False,True,9,1160,2025-10-15,2026-05-09,มหาวิทยาลัย,False
C02195,นภัส,หญิง,45-54,B05,มหาวิทยาลัย,2025-05-21,085-xxx-7150,False,False,False,True,4,530,2025-06-12,2026-03-24,มหาวิทยาลัย,False
C02196,ศิริ,ชาย,35-44,B02,สีลม,2026-04-08,081-xxx-3497,False,False,False,True,5,639,2026-05-21,2026-08-10,สีลม,False
C02197,ปิยะ,หญิง,35-44,B04,บางนา,2026-03-25,083-xxx-3402,False,False,False,True,10,1054,2026-03-25,2026-09-08,บางนา,False
C02198,ปวีณ,ชาย,25-34,B01,สยาม,2025-06-04,083-xxx-2396,False,False,False,True,4,614,2025-07-12,2025-10-05,สยาม,False
C02199,วีระ,ชาย,35-44,B05,มหาวิทยาลัย,2026-05-21,084-xxx-5831,False,False,False,True,7,995,2026-06-24,2026-09-19,มหาวิทยาลัย,False
C02200,ธนา,ชาย,35-44,B05,มหาวิทยาลัย,2025-08-27,086-xxx-5349,False,False,False,True,8,1079,2025-09-22,2025-11-17,มหาวิทยาลัย,False
C02201,สมชาย,หญิง,25-34,B05,มหาวิทยาลัย,2025-12-17,083-xxx-7845,False,False,False,True,15,1704,2025-12-29,2026-09-11,มหาวิทยาลัย,False
C02202,ภัทร,ชาย,ต่ำกว่า 18,B04,บางนา,2026-01-20,084-xxx-1565,False,True,False,True,8,1039,2026-01-25,2026-06-30,บางนา,False
C02203,ปวีณ,หญิง,25-34,B03,อารีย์,2025-11-13,081-xxx-3260,False,False,False,True,11,1274,2025-11-23,2026-05-20,อารีย์,False
C02204,ธนา,หญิง,25-34,B02,สีลม,2025-04-01,085-xxx-3373,False,False,False,True,19,2971,2025-04-21,2026-07-20,สีลม,False
C02205,ปิยะ,ชาย,55+,B02,สีลม,2025-09-27,084-xxx-9156,False,False,False,True,17,1590,2025-10-01,2026-08-04,สีลม,False
C02206,เกศ,หญิง,25-34,B01,สยาม,2026-03-07,085-xxx-2155,False,False,False,False,0,0,,,,False
C02207,ทิพย์,ชาย,35-44,B02,สีลม,2025-04-14,081-xxx-4308,True,False,False,True,13,1475,2025-05-29,2026-02-11,สีลม,False
C02208,ศิริ,หญิง,18-24,B03,อารีย์,2026-03-16,088-xxx-1259,False,False,False,True,11,1785,2026-03-29,2026-07-16,อารีย์,False
C02209,ทิพย์,หญิง,55+,B04,บางนา,2025-06-11,089-xxx-8534,False,False,False,True,5,555,2025-06-15,2025-09-22,บางนา,False
C02210,เกศ,ชาย,55+,B04,บางนา,2026-04-26,087-xxx-9071,False,False,False,True,4,464,2026-04-30,2026-08-19,บางนา,False
C02211,ภูมิ,ชาย,25-34,B05,มหาวิทยาลัย,2026-03-17,083-xxx-2411,False,False,False,True,4,535,2026-03-25,2026-08-25,มหาวิทยาลัย,False
C02212,ศิริ,หญิง,55+,B04,บางนา,2026-06-04,081-xxx-7638,False,False,False,True,2,148,2026-06-07,2026-06-25,บางนา,False
C02213,รัตนา,หญิง,25-34,B04,บางนา,2026-06-28,085-xxx-6259,False,False,False,True,1,130,2026-08-31,2026-08-31,บางนา,False
C02214,ศิริ,หญิง,ต่ำกว่า 18,B03,อารีย์,2026-07-29,087-xxx-3597,False,True,False,True,2,385,2026-08-01,2026-09-14,อารีย์,False
C02215,ธนา,หญิง,45-54,B02,สีลม,2025-05-16,087-xxx-6322,False,False,False,True,10,1209,2025-05-24,2025-09-11,สีลม,False
C02216,เกศ,หญิง,18-24,B04,บางนา,2026-03-26,085-xxx-7239,False,False,False,True,3,334,2026-07-02,2026-08-02,บางนา,False
C02217,ภูมิ,ชาย,25-34,B05,มหาวิทยาลัย,2025-07-07,081-xxx-3264,False,False,False,True,19,2486,2025-07-14,2026-06-09,มหาวิทยาลัย,False
C02218,ศิริ,ชาย,45-54,B05,มหาวิทยาลัย,2025-10-02,087-xxx-3835,False,False,False,True,7,895,2025-10-02,2026-09-06,มหาวิทยาลัย,False
C02219,นภัส,หญิง,18-24,B02,สีลม,2026-09-08,087-xxx-2577,False,False,False,False,0,0,,,,False
C02220,ปวีณ,หญิง,25-34,B04,บางนา,2025-11-17,084-xxx-1286,False,False,False,True,9,1330,2025-11-23,2026-07-21,บางนา,False
C02221,ปิยะ,หญิง,25-34,B01,สยาม,2026-04-07,086-xxx-1789,False,False,False,True,3,350,2026-04-10,2026-05-05,สยาม,False
C02222,วรรณ,หญิง,25-34,B02,สีลม,2026-08-25,087-xxx-9979,False,False,False,True,1,60,2026-09-04,2026-09-04,บางนา,False
C02223,จิรา,ชาย,25-34,B03,อารีย์,2026-08-05,086-xxx-8553,False,False,False,True,2,230,2026-08-10,2026-09-08,อารีย์,False
C02224,ทิพย์,หญิง,25-34,B05,มหาวิทยาลัย,2025-12-14,087-xxx-4221,False,False,False,True,2,225,2025-12-15,2025-12-15,มหาวิทยาลัย,False
C02225,ธนา,หญิง,25-34,B05,มหาวิทยาลัย,2025-07-23,088-xxx-6044,False,False,False,True,2,150,2025-08-15,2026-03-20,มหาวิทยาลัย,False
C02226,สมชาย,ชาย,35-44,B01,สยาม,2026-05-25,089-xxx-3064,False,False,False,True,1,280,2026-05-31,2026-05-31,สยาม,False
C02227,ภัทร,ชาย,55+,B05,มหาวิทยาลัย,2025-11-23,084-xxx-3260,False,False,False,True,4,404,2025-12-19,2026-09-10,มหาวิทยาลัย,False
C02228,รัตนา,หญิง,45-54,B05,มหาวิทยาลัย,2026-01-08,084-xxx-5853,False,False,False,True,1,150,2026-04-23,2026-04-23,มหาวิทยาลัย,False
C02229,ทิพย์,หญิง,25-34,B05,มหาวิทยาลัย,2026-06-14,086-xxx-7038,False,False,False,True,2,155,2026-06-23,2026-08-10,มหาวิทยาลัย,False
C02230,สุดา,หญิง,18-24,B02,สีลม,2026-03-16,085-xxx-4984,False,False,False,False,0,0,,,,False
C02231,ณัฐ,ชาย,25-34,B04,บางนา,2026-07-08,082-xxx-6980,False,False,False,True,1,85,2026-08-09,2026-08-09,บางนา,False
C02232,นภัส,หญิง,35-44,B04,บางนา,2026-03-10,084-xxx-5885,False,False,False,True,2,300,2026-03-10,2026-03-28,บางนา,False
C02233,ณัฐ,หญิง,35-44,B03,อารีย์,2026-03-23,089-xxx-9703,False,False,False,True,4,848,2026-03-25,2026-05-10,อารีย์,False
C02234,รัตนา,ชาย,18-24,B01,สยาม,2025-10-28,085-xxx-1874,False,False,False,True,6,1045,2025-12-16,2026-08-16,สยาม,False
C02235,กมล,หญิง,55+,B02,สีลม,2025-08-15,087-xxx-2333,False,False,False,True,10,1654,2025-08-17,2026-09-15,สีลม,False
C02236,อัญชลี,หญิง,25-34,B05,มหาวิทยาลัย,2025-10-06,082-xxx-4498,False,False,False,True,9,1533,2025-10-31,2026-08-10,มหาวิทยาลัย,False
C02237,ปิยะ,หญิง,18-24,B02,สีลม,2025-07-27,086-xxx-4358,False,False,False,True,11,1988,2025-09-10,2026-07-24,สีลม,False
C02238,วีระ,หญิง,25-34,B01,สยาม,2026-04-18,088-xxx-7260,False,False,False,True,7,770,2026-04-21,2026-09-13,สยาม,False
C02239,สมชาย,หญิง,25-34,B01,สยาม,2025-12-31,088-xxx-7151,False,False,False,True,4,470,2026-03-01,2026-09-08,สยาม,False
C02240,อัญชลี,ชาย,35-44,B04,บางนา,2025-06-02,084-xxx-7249,False,False,False,True,15,1744,2025-06-14,2025-12-21,บางนา,False
C02241,จิรา,ชาย,35-44,B05,มหาวิทยาลัย,2026-01-03,081-xxx-5544,False,False,False,False,0,0,,,,False
C02242,ธนา,ไม่ระบุ,45-54,B01,สยาม,2026-07-05,088-xxx-1194,False,False,False,True,1,75,2026-07-17,2026-07-17,สยาม,False
C02243,ภูมิ,หญิง,35-44,B02,สีลม,2025-07-28,081-xxx-8912,False,False,False,True,3,424,2025-08-02,2025-11-24,สีลม,False
C02244,กมล,ไม่ระบุ,55+,B02,สีลม,2025-05-04,086-xxx-9965,False,False,False,True,14,1829,2025-06-06,2026-09-16,สีลม,False
C02245,กิตติ,ชาย,18-24,B02,สีลม,2026-09-03,085-xxx-1660,False,False,False,False,0,0,,,,False
C02246,กมล,หญิง,25-34,B01,สยาม,2026-01-12,083-xxx-9260,False,False,False,True,5,609,2026-01-12,2026-04-15,สยาม,False
C02247,จิรา,ชาย,25-34,B05,มหาวิทยาลัย,2026-03-16,083-xxx-4319,False,False,False,True,9,1189,2026-03-24,2026-08-24,มหาวิทยาลัย,False
C02248,อัญชลี,ชาย,35-44,B02,สีลม,2026-03-15,081-xxx-4308,True,False,False,True,3,730,2026-04-09,2026-08-15,สีลม,False
C02249,ณัฐ,หญิง,35-44,B04,บางนา,2025-05-29,082-xxx-5093,False,False,False,True,2,214,2025-06-10,2025-06-12,บางนา,False
C02250,กมล,ชาย,25-34,B05,มหาวิทยาลัย,2025-08-24,086-xxx-6113,False,False,False,True,3,219,2025-09-16,2025-10-07,มหาวิทยาลัย,False
C02251,วรรณ,ชาย,35-44,B02,สีลม,2026-01-31,081-xxx-9881,False,False,False,True,1,95,2026-06-07,2026-06-07,สีลม,False
C02252,วรรณ,หญิง,25-34,B01,สยาม,2025-09-17,086-xxx-1526,False,False,False,True,16,2404,2025-10-17,2026-07-11,สยาม,False
C02253,เกศ,ชาย,45-54,B05,มหาวิทยาลัย,2026-01-28,089-xxx-2773,False,False,False,True,3,464,2026-03-28,2026-04-30,มหาวิทยาลัย,False
C02254,รัตนา,หญิง,25-34,B05,มหาวิทยาลัย,2026-01-23,089-xxx-7522,False,False,False,False,0,0,,,,False
C02255,ศิริ,หญิง,25-34,B01,สยาม,2025-08-20,083-xxx-7272,False,False,False,True,7,1119,2025-09-02,2026-01-25,สยาม,False
C02256,กิตติ,หญิง,25-34,B02,สีลม,2025-09-29,082-xxx-5978,False,False,False,True,17,2831,2025-10-13,2026-08-15,สีลม,False
C02257,ปวีณ,หญิง,25-34,B05,มหาวิทยาลัย,2026-01-04,084-xxx-6300,False,False,False,True,9,1139,2026-01-14,2026-08-24,มหาวิทยาลัย,False
C02258,นภัส,หญิง,25-34,B01,สยาม,2026-01-03,083-xxx-6295,False,False,False,True,9,1328,2026-01-11,2026-07-25,สยาม,False
C02259,วีระ,หญิง,35-44,B03,อารีย์,2025-11-29,086-xxx-9768,False,False,False,True,4,640,2025-12-11,2026-02-22,อารีย์,False
C02260,สุดา,หญิง,25-34,B03,อารีย์,2025-12-29,089-xxx-3340,False,False,False,True,11,1416,2026-01-15,2026-08-30,อารีย์,False
C02261,เกศ,หญิง,25-34,B02,สีลม,2025-04-10,082-xxx-1753,False,False,False,True,10,1698,2025-07-26,2026-07-23,สีลม,False
C02262,ธีร,หญิง,18-24,B05,มหาวิทยาลัย,2025-04-26,087-xxx-7520,True,False,False,True,15,1918,2025-04-29,2026-06-28,มหาวิทยาลัย,False
C02263,เกศ,ชาย,35-44,B03,อารีย์,2026-06-30,081-xxx-9821,False,False,False,True,3,410,2026-07-03,2026-08-30,อารีย์,False
C02264,อรุณ,ชาย,55+,B05,มหาวิทยาลัย,2025-11-17,087-xxx-1832,False,False,False,True,2,180,2026-01-07,2026-08-14,มหาวิทยาลัย,False
C02265,รัตนา,หญิง,35-44,B04,บางนา,2026-04-13,083-xxx-3066,False,False,False,True,2,485,2026-06-01,2026-09-20,สยาม,False
C02266,มานพ,หญิง,45-54,B02,สีลม,2026-08-22,087-xxx-2695,False,False,False,True,2,145,2026-08-24,2026-09-12,สยาม,False
C02267,ปิยะ,ชาย,25-34,B01,สยาม,2025-05-04,082-xxx-5499,False,False,False,True,26,3089,2025-06-15,2026-09-01,สยาม,False
C02268,ศิริ,หญิง,45-54,B04,บางนา,2025-09-21,088-xxx-4182,False,False,False,True,11,1500,2025-09-27,2026-05-31,บางนา,False
C02269,จิรา,ชาย,18-24,B02,สีลม,2026-03-28,086-xxx-2639,False,False,False,True,3,310,2026-05-20,2026-06-16,สีลม,False
C02270,นภัส,ชาย,55+,B03,อารีย์,2026-01-13,086-xxx-4680,False,False,False,True,14,1299,2026-01-18,2026-08-20,อารีย์,False
C02271,ทิพย์,ชาย,45-54,B01,สยาม,2025-09-07,083-xxx-2390,False,False,False,True,8,1284,2025-09-19,2025-12-21,สยาม,False
C02272,ณัฐ,ไม่ระบุ,55+,B05,มหาวิทยาลัย,2025-07-15,089-xxx-8833,False,False,False,True,9,1186,2025-07-30,2026-09-09,มหาวิทยาลัย,False
C02273,รัตนา,หญิง,25-34,B05,มหาวิทยาลัย,2025-08-07,087-xxx-9970,False,False,False,True,5,540,2025-09-05,2026-05-08,มหาวิทยาลัย,False
C02274,ปิยะ,หญิง,ต่ำกว่า 18,B05,มหาวิทยาลัย,2025-07-27,081-xxx-1816,False,True,False,True,8,1303,2025-08-22,2026-02-12,มหาวิทยาลัย,False
C02275,ศิริ,ไม่ระบุ,35-44,B04,บางนา,2026-01-26,086-xxx-7092,False,False,False,True,8,1060,2026-02-08,2026-09-02,บางนา,False
C02276,กมล,ชาย,18-24,B01,สยาม,2026-08-17,084-xxx-2691,False,False,False,True,2,145,2026-09-11,2026-09-20,สยาม,False
C02277,ทิพย์,หญิง,35-44,B05,มหาวิทยาลัย,2026-08-24,084-xxx-2819,False,False,False,True,1,65,2026-09-06,2026-09-06,มหาวิทยาลัย,False
C02278,วีระ,ชาย,25-34,B01,สยาม,2026-05-14,087-xxx-5492,False,False,False,True,1,65,2026-05-31,2026-05-31,บางนา,False
C02279,นภัส,ชาย,18-24,B02,สีลม,2026-07-14,088-xxx-8893,False,False,False,True,1,270,2026-07-17,2026-07-17,สีลม,False
C02280,รัตนา,ชาย,25-34,B02,สีลม,2025-09-15,084-xxx-1434,False,False,False,True,11,1020,2025-09-23,2026-08-12,สีลม,False
C02281,กมล,หญิง,18-24,B03,อารีย์,2026-03-08,084-xxx-9547,False,False,False,True,12,1370,2026-03-30,2026-09-10,อารีย์,False
C02282,ปวีณ,หญิง,25-34,B02,สีลม,2025-05-08,082-xxx-4357,True,False,False,True,19,2632,2025-05-08,2025-11-29,สีลม,False
C02283,กมล,ชาย,18-24,B02,สีลม,2025-12-28,082-xxx-6913,False,False,False,True,2,145,2026-01-26,2026-02-25,สีลม,False
C02284,อรุณ,หญิง,18-24,B04,บางนา,2025-04-18,089-xxx-1389,False,False,False,True,30,3425,2025-04-26,2026-09-02,บางนา,False
C02285,ปิยะ,ชาย,ต่ำกว่า 18,B03,อารีย์,2025-11-01,087-xxx-6734,False,True,False,True,14,1277,2025-11-04,2026-08-19,อารีย์,False
C02286,สุดา,ชาย,35-44,B01,สยาม,2025-07-02,081-xxx-3078,False,False,False,True,9,1335,2025-07-16,2026-02-28,สยาม,False
C02287,นภัส,ชาย,35-44,B01,สยาม,2026-04-11,082-xxx-3706,True,False,False,True,1,75,2026-04-16,2026-04-16,สยาม,False
C02288,ณัฐ,หญิง,25-34,B01,สยาม,2026-08-09,084-xxx-4975,False,False,False,True,1,313,2026-08-14,2026-08-14,สยาม,False
C02289,จิรา,ชาย,25-34,B05,มหาวิทยาลัย,2026-06-03,089-xxx-6549,False,False,False,True,2,339,2026-06-27,2026-09-10,มหาวิทยาลัย,False
C02290,ณัฐ,ชาย,35-44,B02,สีลม,2025-04-13,083-xxx-6792,False,False,False,True,35,4339,2025-05-14,2026-09-10,สีลม,False
C02291,ธนา,หญิง,55+,B05,มหาวิทยาลัย,2026-07-05,084-xxx-8292,False,False,False,False,0,0,,,,False
C02292,ปวีณ,หญิง,45-54,B03,อารีย์,2026-02-27,084-xxx-2022,False,False,False,True,3,440,2026-03-27,2026-09-14,อารีย์,False
C02293,ศิริ,ชาย,25-34,B03,อารีย์,2026-03-28,085-xxx-4015,False,False,False,True,14,2382,2026-04-01,2026-09-10,อารีย์,False
C02294,อรุณ,หญิง,55+,B01,สยาม,2025-05-24,084-xxx-6990,False,False,False,True,6,840,2025-06-01,2025-10-31,สยาม,False
C02295,อัญชลี,หญิง,35-44,B01,สยาม,2026-06-13,083-xxx-4382,False,False,False,True,3,335,2026-08-08,2026-09-16,สยาม,False
C02296,นภัส,หญิง,25-34,B03,อารีย์,2026-02-02,083-xxx-9170,False,False,False,True,11,1454,2026-02-26,2026-08-04,อารีย์,False
C02297,ทิพย์,ชาย,35-44,B01,สยาม,2026-01-31,081-xxx-9597,False,False,False,True,2,150,2026-03-11,2026-04-02,สยาม,False
C02298,วีระ,ชาย,35-44,B05,มหาวิทยาลัย,2026-05-22,081-xxx-9073,False,False,False,True,1,150,2026-08-11,2026-08-11,มหาวิทยาลัย,False
C02299,นภัส,ชาย,55+,B04,บางนา,2025-09-12,088-xxx-8137,False,False,False,False,0,0,,,,False
C02300,ภัทร,หญิง,25-34,B01,สยาม,2025-09-15,086-xxx-7124,False,False,False,True,8,695,2025-12-29,2026-05-30,สยาม,False
C02301,กิตติ,หญิง,25-34,B02,สีลม,2026-04-09,088-xxx-7052,False,False,False,True,2,250,2026-05-05,2026-07-03,สีลม,False
C02302,อรุณ,ชาย,ต่ำกว่า 18,B04,บางนา,2025-08-16,086-xxx-1722,False,True,False,True,18,2144,2025-08-19,2026-09-14,บางนา,False
C02303,ชนา,ชาย,25-34,B04,บางนา,2025-12-15,089-xxx-2714,False,False,False,True,19,2295,2026-01-10,2026-09-17,บางนา,False
C02304,วรรณ,ชาย,18-24,B04,บางนา,2026-02-12,082-xxx-9312,False,False,False,True,4,429,2026-03-13,2026-08-11,บางนา,False
C02305,ศิริ,หญิง,35-44,B05,มหาวิทยาลัย,2025-06-17,088-xxx-5894,False,False,False,True,20,2385,2025-07-02,2026-08-17,มหาวิทยาลัย,False
C02306,มานพ,หญิง,45-54,B01,สยาม,2026-03-24,083-xxx-7349,False,False,False,True,5,754,2026-04-06,2026-09-07,สยาม,False
C02307,ภูมิ,ชาย,45-54,B05,มหาวิทยาลัย,2025-04-27,083-xxx-4269,False,False,False,True,10,1359,2025-05-16,2025-09-20,มหาวิทยาลัย,False
C02308,นภัส,หญิง,18-24,B03,อารีย์,2026-01-12,082-xxx-1494,False,False,False,True,11,938,2026-01-17,2026-08-29,อารีย์,False
C02309,กิตติ,หญิง,25-34,B05,มหาวิทยาลัย,2025-06-27,085-xxx-3028,False,False,False,True,2,120,2025-07-03,2025-07-08,สีลม,False
C02310,กิตติ,หญิง,35-44,B01,สยาม,2025-07-13,089-xxx-5574,False,False,False,True,2,248,2025-09-08,2025-09-10,สยาม,False
C02311,ณัฐ,ชาย,18-24,B01,สยาม,2025-06-23,081-xxx-2060,False,False,False,True,1,140,2025-07-05,2025-07-05,สยาม,False
C02312,พิม,หญิง,25-34,B05,มหาวิทยาลัย,2026-01-29,084-xxx-9358,False,False,False,True,2,185,2026-02-19,2026-06-01,สยาม,False
C02313,อรุณ,ชาย,25-34,B04,บางนา,2025-07-02,086-xxx-1517,False,False,False,True,14,2185,2025-07-02,2026-03-23,บางนา,False
C02314,เกศ,หญิง,18-24,B02,สีลม,2026-02-28,082-xxx-4989,False,False,False,True,4,429,2026-03-19,2026-08-28,สีลม,False
C02315,สุดา,ชาย,25-34,B02,สีลม,2026-03-16,084-xxx-6577,False,False,False,True,1,215,2026-03-26,2026-03-26,สีลม,False
C02316,กมล,ไม่ระบุ,45-54,B05,มหาวิทยาลัย,2025-05-30,082-xxx-9605,False,False,False,True,14,1170,2025-06-10,2026-09-01,มหาวิทยาลัย,False
C02317,ณัฐ,หญิง,18-24,B04,บางนา,2025-05-04,084-xxx-8225,False,False,False,True,19,2364,2025-05-08,2026-04-17,บางนา,False
C02318,เกศ,หญิง,55+,B04,บางนา,2026-04-05,086-xxx-2064,False,False,False,True,4,415,2026-05-21,2026-09-16,บางนา,False
C02319,ทิพย์,หญิง,35-44,B05,มหาวิทยาลัย,2026-04-01,087-xxx-6082,False,False,False,False,0,0,,,,False
C02320,ณัฐ,ชาย,55+,B05,มหาวิทยาลัย,2025-06-23,081-xxx-7178,False,False,False,True,5,1060,2025-07-11,2025-09-02,มหาวิทยาลัย,False
C02321,ธีร,ชาย,25-34,B03,อารีย์,2026-05-06,089-xxx-1255,False,False,False,True,3,359,2026-05-11,2026-07-06,อารีย์,False
C02322,อรุณ,หญิง,35-44,B05,มหาวิทยาลัย,2025-05-25,086-xxx-9381,False,False,False,True,4,464,2025-06-10,2025-09-03,มหาวิทยาลัย,False
C02323,เกศ,หญิง,45-54,B04,บางนา,2025-11-05,088-xxx-6124,False,False,False,True,5,375,2025-11-07,2025-11-25,บางนา,False
C02324,มานพ,หญิง,18-24,B03,อารีย์,2026-06-24,088-xxx-6284,False,False,False,False,0,0,,,,False
C02325,พิม,หญิง,45-54,B01,สยาม,2025-11-01,089-xxx-8452,False,False,False,True,5,515,2026-02-15,2026-07-26,สยาม,False
C02326,เกศ,ชาย,18-24,B04,บางนา,2026-02-17,088-xxx-6990,False,False,False,True,6,1019,2026-02-27,2026-06-25,บางนา,False
C02327,ทิพย์,หญิง,35-44,B04,บางนา,2026-06-29,081-xxx-8179,False,False,False,True,2,692,2026-07-05,2026-08-04,บางนา,False
C02328,มานพ,ชาย,25-34,B01,สยาม,2025-09-09,089-xxx-3346,False,False,False,True,8,1253,2025-10-15,2026-07-14,สยาม,False
C02329,พิม,หญิง,55+,B05,มหาวิทยาลัย,2026-04-11,083-xxx-9405,False,False,False,False,0,0,,,,False
C02330,รัตนา,หญิง,25-34,B05,มหาวิทยาลัย,2025-04-04,087-xxx-9704,False,False,False,True,7,935,2025-06-09,2026-02-24,มหาวิทยาลัย,False
C02331,กมล,ชาย,35-44,B05,มหาวิทยาลัย,2026-03-13,082-xxx-5010,False,False,False,True,3,410,2026-04-02,2026-04-07,มหาวิทยาลัย,False
C02332,ปวีณ,ชาย,25-34,B03,อารีย์,2026-02-02,081-xxx-2882,False,False,False,True,13,1139,2026-02-25,2026-09-19,อารีย์,False
C02333,ชนา,ชาย,25-34,B05,มหาวิทยาลัย,2025-11-11,089-xxx-5909,False,False,False,True,5,725,2025-11-21,2026-08-27,มหาวิทยาลัย,False
C02334,วรรณ,ชาย,35-44,B01,สยาม,2026-04-03,085-xxx-9424,False,False,False,True,5,525,2026-04-15,2026-09-05,สยาม,False
C02335,วรรณ,ไม่ระบุ,18-24,B05,มหาวิทยาลัย,2025-07-03,082-xxx-8587,False,False,False,False,0,0,,,,False
C02336,รัตนา,ชาย,18-24,B01,สยาม,2025-04-17,087-xxx-9622,False,False,False,True,11,1315,2025-05-11,2026-07-26,สยาม,False
C02337,สุดา,ชาย,25-34,B02,สีลม,2026-01-05,084-xxx-1106,False,False,False,True,11,1765,2026-01-19,2026-09-02,สีลม,False
C02338,พิม,หญิง,35-44,B01,สยาม,2026-08-25,087-xxx-4701,False,False,False,True,1,55,2026-09-01,2026-09-01,บางนา,False
C02339,ธีร,หญิง,25-34,B02,สีลม,2025-12-08,082-xxx-3607,False,False,False,True,18,2612,2026-01-01,2026-07-18,สีลม,False
C02340,กิตติ,หญิง,18-24,B01,สยาม,2026-01-06,082-xxx-3457,False,False,False,True,5,885,2026-01-11,2026-07-08,สยาม,False
C02341,อัญชลี,หญิง,45-54,B03,อารีย์,2026-06-04,088-xxx-3207,False,False,False,True,1,70,2026-08-30,2026-08-30,อารีย์,False
C02342,สุดา,ชาย,25-34,B02,สีลม,2026-04-16,087-xxx-4076,False,False,False,True,7,895,2026-05-08,2026-08-20,สีลม,False
C02343,ณัฐ,หญิง,18-24,B03,อารีย์,2026-03-13,082-xxx-7135,False,False,False,True,8,864,2026-04-08,2026-08-22,อารีย์,False
C02344,ภัทร,ชาย,35-44,B04,บางนา,2025-08-23,088-xxx-7980,False,False,False,True,1,75,2025-09-23,2025-09-23,สีลม,False
C02345,อัญชลี,ไม่ระบุ,35-44,B01,สยาม,2026-06-14,087-xxx-2615,False,False,False,True,6,1012,2026-06-21,2026-08-30,สยาม,False
C02346,รัตนา,หญิง,18-24,B05,มหาวิทยาลัย,2025-11-06,081-xxx-6912,False,False,False,True,4,489,2025-11-17,2026-06-05,มหาวิทยาลัย,False
C02347,ธีร,ชาย,35-44,B02,สีลม,2025-12-28,081-xxx-7043,False,False,False,True,10,1388,2026-02-12,2026-07-16,สีลม,False
C02348,อัญชลี,หญิง,25-34,B03,อารีย์,2026-01-01,084-xxx-9536,False,False,False,True,2,285,2026-01-19,2026-06-05,อารีย์,False
C02349,ธนา,หญิง,25-34,B05,มหาวิทยาลัย,2025-04-09,081-xxx-3701,False,False,False,True,4,583,2025-04-11,2025-07-05,มหาวิทยาลัย,False
C02350,กมล,หญิง,35-44,B02,สีลม,2026-01-05,089-xxx-8013,False,False,False,True,15,1947,2026-01-21,2026-08-18,สีลม,False
C02351,กิตติ,หญิง,25-34,B05,มหาวิทยาลัย,2025-05-30,082-xxx-3621,False,False,False,True,14,2262,2025-06-17,2026-07-14,มหาวิทยาลัย,False
C02352,ชนา,หญิง,35-44,B05,มหาวิทยาลัย,2026-09-13,087-xxx-1890,False,False,False,False,0,0,,,,False
C02353,อรุณ,หญิง,55+,B05,มหาวิทยาลัย,2026-08-12,082-xxx-2375,False,False,False,False,0,0,,,,False
C02354,กมล,ชาย,18-24,B05,มหาวิทยาลัย,2025-07-27,083-xxx-1825,False,False,False,True,4,733,2025-08-05,2026-04-13,มหาวิทยาลัย,False
C02355,นภัส,ชาย,18-24,B05,มหาวิทยาลัย,2026-07-24,083-xxx-3428,False,False,False,True,3,687,2026-08-03,2026-08-14,มหาวิทยาลัย,False
C02356,พิม,ไม่ระบุ,35-44,B01,สยาม,2025-07-28,086-xxx-7627,False,False,False,True,16,2180,2025-08-05,2026-05-29,สยาม,False
C02357,ณัฐ,ชาย,35-44,B05,มหาวิทยาลัย,2026-06-25,088-xxx-6908,False,False,False,False,0,0,,,,False
C02358,อรุณ,ชาย,18-24,B01,สยาม,2025-04-07,086-xxx-9585,False,False,False,True,7,625,2025-04-25,2025-07-14,สยาม,False
C02359,รัตนา,ชาย,25-34,B01,สยาม,2025-08-14,086-xxx-2440,False,False,False,True,12,1693,2025-08-19,2026-03-28,สยาม,False
C02360,ธนา,ชาย,25-34,B01,สยาม,2026-02-27,088-xxx-1215,False,False,False,False,0,0,,,,False
C02361,ศิริ,หญิง,45-54,B05,มหาวิทยาลัย,2025-11-09,087-xxx-1283,False,False,False,True,6,999,2025-12-30,2026-09-18,มหาวิทยาลัย,False
C02362,ปวีณ,ชาย,35-44,B01,สยาม,2025-07-18,082-xxx-7086,False,False,False,True,14,2323,2025-07-19,2026-08-07,สยาม,False
C02363,สุดา,ชาย,55+,B02,สีลม,2025-11-30,086-xxx-2766,False,False,False,True,1,55,2026-02-12,2026-02-12,สีลม,False
C02364,ธนา,ชาย,25-34,B01,สยาม,2025-06-23,088-xxx-2370,False,False,False,True,10,818,2025-08-07,2026-07-09,สยาม,False
C02365,ปวีณ,หญิง,35-44,B04,บางนา,2026-06-21,082-xxx-7868,False,False,False,True,2,320,2026-07-22,2026-08-05,บางนา,False
C02366,กมล,ชาย,45-54,B03,อารีย์,2026-01-25,086-xxx-6634,False,False,False,True,4,554,2026-02-15,2026-03-25,อารีย์,False
C02367,สุดา,หญิง,25-34,B04,บางนา,2026-05-21,086-xxx-6102,False,False,False,True,3,180,2026-07-26,2026-08-07,บางนา,False
C02368,ปวีณ,หญิง,45-54,B04,บางนา,2025-11-17,081-xxx-8378,False,False,False,True,24,2934,2025-11-21,2026-09-02,บางนา,False
C02369,ธนา,ชาย,25-34,B01,สยาม,2026-05-21,088-xxx-9836,False,False,False,False,0,0,,,,False
C02370,สุดา,หญิง,25-34,B03,อารีย์,2026-01-31,081-xxx-3274,False,False,False,True,4,315,2026-04-08,2026-06-19,อารีย์,False
C02371,ทิพย์,หญิง,18-24,B05,มหาวิทยาลัย,2025-06-10,087-xxx-7881,False,False,False,True,6,725,2025-06-15,2025-11-19,มหาวิทยาลัย,False
C02372,กมล,หญิง,18-24,B05,มหาวิทยาลัย,2025-05-18,087-xxx-8911,False,False,False,True,14,1639,2025-06-04,2025-09-26,มหาวิทยาลัย,False
C02373,พิม,หญิง,25-34,B04,บางนา,2025-05-09,086-xxx-2414,False,False,False,True,26,3184,2025-05-12,2026-09-18,บางนา,False
C02374,ชนา,ชาย,35-44,B05,มหาวิทยาลัย,2025-12-18,087-xxx-8213,False,False,False,True,3,490,2026-02-27,2026-06-25,มหาวิทยาลัย,False
C02375,อัญชลี,ชาย,45-54,B04,บางนา,2026-04-07,089-xxx-1830,False,False,False,True,1,175,2026-05-03,2026-05-03,บางนา,False
C02376,ศิริ,หญิง,45-54,B05,มหาวิทยาลัย,2026-07-06,085-xxx-1582,False,False,False,True,1,335,2026-07-25,2026-07-25,มหาวิทยาลัย,False
C02377,ภัทร,หญิง,18-24,B02,สีลม,2025-10-23,087-xxx-6594,False,False,False,True,10,1184,2026-01-13,2026-07-26,สีลม,False
C02378,รัตนา,ชาย,45-54,B03,อารีย์,2026-07-10,087-xxx-3792,False,False,False,False,0,0,,,,False
C02379,ชนา,หญิง,35-44,B01,สยาม,2026-06-13,087-xxx-2760,False,False,False,False,0,0,,,,False
C02380,กมล,ชาย,45-54,B02,สีลม,2026-03-08,081-xxx-6903,False,False,False,True,2,304,2026-04-10,2026-04-28,สีลม,False
C02381,ปิยะ,ชาย,18-24,B01,สยาม,2026-03-15,084-xxx-4000,False,False,False,True,4,340,2026-04-02,2026-05-22,สยาม,False
C02382,อรุณ,ชาย,25-34,B03,อารีย์,2026-03-01,082-xxx-2512,False,False,False,True,13,1685,2026-03-03,2026-09-09,อารีย์,False
C02383,ภูมิ,ชาย,18-24,B01,สยาม,2026-04-28,088-xxx-4841,False,False,False,True,5,980,2026-05-05,2026-07-29,สยาม,False
C02384,กมล,ชาย,18-24,B01,สยาม,2026-06-19,083-xxx-8136,False,False,False,True,2,154,2026-06-25,2026-08-28,สยาม,False
C02385,วีระ,หญิง,35-44,B03,อารีย์,2026-05-13,087-xxx-5576,False,False,False,True,6,440,2026-05-16,2026-07-30,อารีย์,False
C02386,ธนา,ชาย,35-44,B03,อารีย์,2026-05-21,084-xxx-2173,False,False,False,True,2,160,2026-07-10,2026-07-15,มหาวิทยาลัย,False
C02387,ปิยะ,หญิง,45-54,B05,มหาวิทยาลัย,2025-04-17,084-xxx-6679,False,False,False,False,0,0,,,,False
C02388,ศิริ,หญิง,55+,B05,มหาวิทยาลัย,2025-06-01,082-xxx-1586,False,False,False,True,11,1774,2025-06-02,2026-07-23,มหาวิทยาลัย,False
C02389,อรุณ,ชาย,18-24,B03,อารีย์,2026-04-29,086-xxx-1943,False,False,False,True,5,320,2026-05-04,2026-07-06,อารีย์,False
C02390,ปิยะ,หญิง,18-24,B04,บางนา,2026-05-29,084-xxx-2701,True,False,False,True,1,65,2026-09-17,2026-09-17,บางนา,False
C02391,นภัส,ชาย,25-34,B05,มหาวิทยาลัย,2025-12-02,085-xxx-4411,False,False,False,True,8,850,2025-12-23,2026-09-11,มหาวิทยาลัย,False
C02392,เกศ,ชาย,55+,B04,บางนา,2025-12-15,088-xxx-4472,False,False,False,True,4,623,2026-01-03,2026-02-09,บางนา,False
C02393,รัตนา,ชาย,55+,B01,สยาม,2025-10-06,083-xxx-5883,False,False,False,True,9,864,2025-10-28,2026-09-14,สยาม,False
C02394,พิม,หญิง,18-24,B03,อารีย์,2026-03-28,083-xxx-8407,False,False,False,True,2,238,2026-05-25,2026-06-13,อารีย์,False
C02395,วรรณ,ชาย,18-24,B04,บางนา,2026-06-09,082-xxx-8567,False,False,False,True,1,70,2026-08-08,2026-08-08,บางนา,False
C02396,สุดา,หญิง,25-34,B03,อารีย์,2025-11-14,083-xxx-4715,False,False,False,True,10,1299,2025-11-27,2026-02-12,อารีย์,False
C02397,ศิริ,หญิง,45-54,B03,อารีย์,2026-05-05,089-xxx-4162,False,False,False,True,2,87,2026-05-12,2026-06-07,อารีย์,False
C02398,เกศ,หญิง,35-44,B05,มหาวิทยาลัย,2025-05-15,087-xxx-3029,False,False,False,True,8,705,2025-07-12,2026-07-14,มหาวิทยาลัย,False
C02399,กมล,ชาย,18-24,B02,สีลม,2025-09-30,086-xxx-7445,False,False,False,True,9,934,2025-12-12,2026-09-19,สีลม,False
C02400,เกศ,หญิง,25-34,B01,สยาม,2026-07-10,085-xxx-9127,False,False,False,False,0,0,,,,False
C02401,ศิริ,หญิง,18-24,B02,สีลม,2026-01-06,082-xxx-9050,False,False,False,False,0,0,,,,False
C02402,ปวีณ,ชาย,55+,B01,สยาม,2025-10-15,085-xxx-3475,False,False,False,False,0,0,,,,False
C02403,ปวีณ,หญิง,ต่ำกว่า 18,B01,สยาม,2026-01-10,084-xxx-7629,False,True,False,True,4,359,2026-02-15,2026-04-26,สยาม,False
C02404,อรุณ,ชาย,25-34,B04,บางนา,2025-08-01,089-xxx-2167,False,False,False,True,14,2272,2025-08-13,2026-06-08,บางนา,False
C02405,ทิพย์,ชาย,55+,B04,บางนา,2025-09-22,082-xxx-8751,False,False,False,True,7,1132,2025-09-29,2026-06-27,บางนา,False
C02406,ปิยะ,ชาย,35-44,B02,สีลม,2025-12-19,087-xxx-1451,False,False,False,False,0,0,,,,False
C02407,สมชาย,หญิง,18-24,B04,บางนา,2025-12-06,088-xxx-2674,False,False,False,True,1,95,2025-12-10,2025-12-10,บางนา,False
C02408,ทิพย์,ชาย,ต่ำกว่า 18,B05,มหาวิทยาลัย,2026-04-22,088-xxx-2147,False,True,False,True,3,339,2026-04-25,2026-07-09,มหาวิทยาลัย,False
C02409,นภัส,ไม่ระบุ,45-54,B05,มหาวิทยาลัย,2026-06-25,088-xxx-6771,False,False,False,False,0,0,,,,False
C02410,อรุณ,หญิง,35-44,B03,อารีย์,2026-01-07,084-xxx-7846,False,False,False,True,9,994,2026-01-21,2026-09-03,อารีย์,False
C02411,มานพ,หญิง,55+,B02,สีลม,2025-10-20,087-xxx-7243,False,False,False,True,9,987,2025-10-29,2026-08-04,สีลม,False
C02412,อัญชลี,ชาย,45-54,B03,อารีย์,2026-01-06,087-xxx-1663,False,False,False,True,22,2319,2026-02-01,2026-09-04,อารีย์,False
C02413,จิรา,หญิง,18-24,B03,อารีย์,2026-07-06,083-xxx-8099,False,False,False,True,3,225,2026-07-22,2026-08-16,อารีย์,False
C02414,มานพ,หญิง,25-34,B02,สีลม,2026-06-30,086-xxx-5983,False,False,False,True,2,205,2026-07-03,2026-07-08,สีลม,False
C02415,นภัส,ชาย,25-34,B05,มหาวิทยาลัย,2026-08-10,082-xxx-8328,False,False,False,False,0,0,,,,False
C02416,ณัฐ,ชาย,18-24,B05,มหาวิทยาลัย,2026-01-13,085-xxx-1089,False,False,False,True,4,305,2026-02-05,2026-08-06,มหาวิทยาลัย,False
C02417,ภูมิ,หญิง,25-34,B03,อารีย์,2026-07-18,084-xxx-7879,False,False,False,True,2,480,2026-08-11,2026-08-17,อารีย์,False
C02418,ทิพย์,หญิง,55+,B03,อารีย์,2026-02-15,081-xxx-8873,False,False,False,True,10,1317,2026-03-11,2026-09-01,อารีย์,False
C02419,ธนา,ชาย,35-44,B05,มหาวิทยาลัย,2025-04-20,086-xxx-5102,False,False,False,True,1,95,2025-05-09,2025-05-09,มหาวิทยาลัย,False
C02420,สุดา,หญิง,45-54,B01,สยาม,2025-09-16,081-xxx-4349,False,False,False,True,3,370,2025-10-04,2025-10-21,สยาม,False
C02421,ภูมิ,ชาย,25-34,B01,สยาม,2025-07-10,089-xxx-4287,False,False,False,True,11,1419,2025-07-23,2026-07-18,สยาม,False
C02422,ปวีณ,หญิง,45-54,B03,อารีย์,2026-06-09,083-xxx-7396,False,False,False,True,2,435,2026-06-16,2026-07-04,อารีย์,False
C02423,ภูมิ,หญิง,25-34,B04,บางนา,2025-10-24,087-xxx-9971,False,False,False,True,4,315,2025-11-01,2026-04-16,บางนา,False
C02424,นภัส,ชาย,35-44,B05,มหาวิทยาลัย,2025-08-18,085-xxx-5826,False,False,False,True,9,949,2025-09-10,2026-07-02,มหาวิทยาลัย,False
C02425,ปิยะ,หญิง,35-44,B04,บางนา,2025-10-25,089-xxx-4049,False,False,False,True,8,989,2025-11-01,2026-01-18,บางนา,False
C02426,ทิพย์,ชาย,18-24,B02,สีลม,2025-09-04,089-xxx-6634,False,False,False,True,14,1813,2025-09-15,2026-03-27,สีลม,False
C02427,กิตติ,ชาย,25-34,B01,สยาม,2026-08-13,087-xxx-7597,False,False,False,False,0,0,,,,False
C02428,ภูมิ,ชาย,55+,B01,สยาม,2025-04-28,086-xxx-8059,False,False,False,True,6,730,2025-04-30,2025-08-04,สยาม,False
C02429,สมชาย,หญิง,35-44,B02,สีลม,2026-04-23,087-xxx-7267,False,False,False,True,6,1470,2026-05-07,2026-08-17,สีลม,False
C02430,ศิริ,ชาย,18-24,B05,มหาวิทยาลัย,2025-11-18,083-xxx-9328,False,False,False,True,3,285,2025-12-12,2026-01-23,มหาวิทยาลัย,False
C02431,ชนา,หญิง,18-24,B05,มหาวิทยาลัย,2026-08-22,088-xxx-7803,False,False,False,False,0,0,,,,False
C02432,ศิริ,หญิง,ต่ำกว่า 18,B04,บางนา,2025-10-13,088-xxx-8001,False,True,False,True,16,2273,2025-10-21,2026-07-04,บางนา,False
C02433,จิรา,หญิง,45-54,B05,มหาวิทยาลัย,2026-04-12,087-xxx-6089,False,False,False,True,6,960,2026-05-01,2026-08-29,มหาวิทยาลัย,False
C02434,ธีร,ชาย,18-24,B05,มหาวิทยาลัย,2025-06-24,086-xxx-1678,False,False,False,True,6,1006,2025-07-07,2026-06-25,มหาวิทยาลัย,False
C02435,ชนา,ชาย,18-24,B05,มหาวิทยาลัย,2025-09-29,089-xxx-4729,False,False,False,True,2,460,2025-11-22,2026-01-29,มหาวิทยาลัย,False
C02436,พิม,ชาย,18-24,B03,อารีย์,2026-06-10,088-xxx-5773,False,False,False,True,1,55,2026-06-25,2026-06-25,อารีย์,False
C02437,รัตนา,ชาย,ต่ำกว่า 18,B05,มหาวิทยาลัย,2025-08-08,086-xxx-3705,False,True,False,True,12,1680,2025-08-10,2026-04-07,มหาวิทยาลัย,False
C02438,ทิพย์,หญิง,18-24,B03,อารีย์,2025-12-05,082-xxx-9054,False,False,False,True,7,799,2025-12-07,2026-01-31,อารีย์,False
C02439,ปวีณ,หญิง,ต่ำกว่า 18,B01,สยาม,2026-03-19,087-xxx-3004,False,True,False,True,5,655,2026-03-25,2026-09-16,สยาม,False
C02440,ภัทร,หญิง,25-34,B03,อารีย์,2026-01-24,083-xxx-1373,False,False,False,True,9,1198,2026-01-30,2026-05-15,อารีย์,False
C02441,รัตนา,หญิง,35-44,B05,มหาวิทยาลัย,2026-04-10,089-xxx-9920,False,False,False,False,0,0,,,,False
C02442,มานพ,ชาย,35-44,B03,อารีย์,2025-12-29,081-xxx-5430,False,False,False,True,9,1224,2026-01-23,2026-09-08,อารีย์,False
C02443,ภูมิ,ชาย,25-34,B04,บางนา,2026-08-21,085-xxx-8928,True,False,False,True,2,155,2026-08-24,2026-09-10,บางนา,False
C02444,ชนา,หญิง,18-24,B05,มหาวิทยาลัย,2026-04-14,083-xxx-7588,False,False,False,False,0,0,,,,False
C02445,เกศ,หญิง,55+,B01,สยาม,2026-02-15,083-xxx-7929,False,False,False,True,3,335,2026-02-21,2026-09-05,สยาม,False
C02446,รัตนา,หญิง,25-34,B01,สยาม,2025-04-02,088-xxx-2642,False,False,False,True,19,3264,2025-04-06,2026-01-07,สยาม,False
C02447,จิรา,ชาย,18-24,B03,อารีย์,2026-05-21,085-xxx-3438,False,False,False,True,1,65,2026-06-24,2026-06-24,อารีย์,False
C02448,นภัส,หญิง,35-44,B02,สีลม,2026-05-11,085-xxx-6619,False,False,False,True,1,120,2026-06-17,2026-06-17,มหาวิทยาลัย,False
C02449,นภัส,หญิง,55+,B02,สีลม,2026-01-24,081-xxx-2157,False,False,False,True,3,185,2026-02-23,2026-09-01,สีลม,False
C02450,ณัฐ,หญิง,45-54,B02,สีลม,2025-10-09,086-xxx-3404,False,False,False,True,1,60,2025-10-21,2025-10-21,สีลม,False
C02451,ชนา,ชาย,25-34,B05,มหาวิทยาลัย,2026-04-09,083-xxx-3415,False,False,False,True,2,464,2026-04-13,2026-08-24,มหาวิทยาลัย,False
C02452,เกศ,หญิง,18-24,B05,มหาวิทยาลัย,2025-12-12,087-xxx-6842,False,False,False,True,1,20,2025-12-18,2025-12-18,มหาวิทยาลัย,False
C02453,จิรา,หญิง,45-54,B02,สีลม,2026-06-13,083-xxx-1902,False,False,False,True,4,405,2026-07-01,2026-08-30,สีลม,False
C02454,พิม,หญิง,25-34,B03,อารีย์,2026-04-23,087-xxx-1165,False,False,False,True,12,1642,2026-05-02,2026-09-10,อารีย์,False
C02455,วรรณ,หญิง,45-54,B02,สีลม,2026-05-31,084-xxx-8295,False,False,False,True,4,767,2026-08-17,2026-09-11,สีลม,False
C02456,ภัทร,ชาย,35-44,B01,สยาม,2025-09-21,084-xxx-3785,False,False,False,True,8,960,2025-11-01,2026-04-01,สยาม,False
C02457,วรรณ,หญิง,35-44,B03,อารีย์,2026-09-01,087-xxx-7886,False,False,False,False,0,0,,,,False
C02458,นภัส,หญิง,45-54,B02,สีลม,2026-03-16,083-xxx-5576,False,False,False,True,5,914,2026-04-10,2026-09-16,สีลม,False
C02459,เกศ,หญิง,45-54,B05,มหาวิทยาลัย,2026-07-29,088-xxx-3180,False,False,False,False,0,0,,,,False
C02460,ณัฐ,หญิง,55+,B01,สยาม,2026-02-03,084-xxx-5183,False,False,False,True,8,765,2026-02-25,2026-08-07,สยาม,False
C02461,สมชาย,ชาย,18-24,B04,บางนา,2025-07-28,082-xxx-6494,False,False,False,True,3,383,2025-08-23,2025-10-19,บางนา,False
C02462,สุดา,หญิง,35-44,B01,สยาม,2026-04-20,088-xxx-4738,False,False,False,True,1,45,2026-04-24,2026-04-24,สยาม,False
C02463,กิตติ,ชาย,ต่ำกว่า 18,B04,บางนา,2026-02-03,085-xxx-4175,False,True,False,True,4,250,2026-02-22,2026-07-10,บางนา,False
C02464,ธนา,ชาย,45-54,B04,บางนา,2025-11-27,089-xxx-7818,False,False,False,True,5,790,2025-12-20,2026-08-17,บางนา,False
C02465,ภูมิ,หญิง,35-44,B02,สีลม,2026-08-23,083-xxx-3554,False,False,False,True,2,235,2026-09-12,2026-09-13,สีลม,False
C02466,วีระ,หญิง,25-34,B01,สยาม,2025-12-31,081-xxx-2925,False,False,False,False,0,0,,,,False
C02467,นภัส,หญิง,18-24,B02,สีลม,2026-05-02,081-xxx-2289,False,False,False,True,1,95,2026-08-29,2026-08-29,สีลม,False
C02468,สุดา,หญิง,25-34,B02,สีลม,2026-08-20,084-xxx-6955,False,False,False,False,0,0,,,,False
C02469,จิรา,หญิง,18-24,B05,มหาวิทยาลัย,2026-07-05,083-xxx-9877,False,False,False,False,0,0,,,,False
C02470,ธนา,ชาย,45-54,B01,สยาม,2026-07-14,086-xxx-2679,False,False,False,True,2,95,2026-07-16,2026-07-29,อารีย์,False
C02471,วีระ,หญิง,25-34,B03,อารีย์,2026-07-06,086-xxx-6841,False,False,False,True,3,465,2026-07-12,2026-07-19,อารีย์,False
C02472,ธีร,ชาย,18-24,B05,มหาวิทยาลัย,2026-08-14,086-xxx-8459,False,False,False,True,1,210,2026-08-20,2026-08-20,มหาวิทยาลัย,False
C02473,ณัฐ,หญิง,25-34,B04,บางนา,2026-01-20,089-xxx-3668,False,False,False,True,2,130,2026-01-24,2026-02-22,บางนา,False
C02474,กิตติ,ชาย,18-24,B05,มหาวิทยาลัย,2025-11-25,089-xxx-7752,False,False,False,True,6,825,2025-12-01,2026-08-04,มหาวิทยาลัย,False
C02475,ธีร,ชาย,35-44,B01,สยาม,2026-08-06,087-xxx-2446,False,False,False,True,6,715,2026-08-11,2026-09-20,สยาม,False
C02476,ชนา,ชาย,35-44,B02,สีลม,2026-05-03,087-xxx-2667,False,False,False,True,7,694,2026-05-05,2026-08-11,สีลม,False
C02477,ทิพย์,หญิง,ต่ำกว่า 18,B01,สยาม,2025-06-22,083-xxx-6492,False,True,False,True,8,1490,2025-06-28,2026-07-05,สยาม,False
C02478,วรรณ,ชาย,25-34,B04,บางนา,2025-12-03,085-xxx-6885,False,False,False,True,13,1665,2025-12-10,2026-06-28,บางนา,False
C02479,วรรณ,ชาย,18-24,B05,มหาวิทยาลัย,2026-06-09,089-xxx-6138,False,False,False,False,0,0,,,,False
C02480,อรุณ,หญิง,35-44,B01,สยาม,2025-07-01,084-xxx-7813,False,False,False,True,12,1313,2025-07-07,2026-03-22,สยาม,False
C02481,ปิยะ,หญิง,25-34,B04,บางนา,2026-01-19,083-xxx-3164,False,False,False,True,6,847,2026-02-05,2026-08-10,บางนา,False
C02482,จิรา,หญิง,18-24,B04,บางนา,2025-07-11,088-xxx-4262,False,False,False,True,16,2254,2025-08-04,2026-08-08,บางนา,False
C02483,สมชาย,หญิง,18-24,B01,สยาม,2026-03-12,082-xxx-5945,False,False,False,True,3,355,2026-03-23,2026-08-17,สยาม,False
C02484,ภัทร,หญิง,35-44,B05,มหาวิทยาลัย,2026-01-29,089-xxx-4881,False,False,False,True,6,695,2026-02-02,2026-07-07,มหาวิทยาลัย,False
C02485,ปวีณ,หญิง,55+,B05,มหาวิทยาลัย,2025-08-26,088-xxx-8522,False,False,False,True,6,430,2025-10-02,2026-05-23,มหาวิทยาลัย,False
C02486,นภัส,หญิง,18-24,B01,สยาม,2025-05-29,086-xxx-2826,False,False,False,True,11,1639,2025-07-16,2026-08-17,สยาม,False
C02487,อัญชลี,หญิง,45-54,B02,สีลม,2026-09-04,083-xxx-5083,True,False,False,True,1,65,2026-09-18,2026-09-18,สีลม,False
C02488,มานพ,หญิง,25-34,B03,อารีย์,2026-01-13,082-xxx-3682,False,False,False,True,9,1510,2026-01-19,2026-08-09,อารีย์,False
C02489,จิรา,หญิง,35-44,B05,มหาวิทยาลัย,2026-07-06,083-xxx-4056,False,False,False,True,2,180,2026-07-26,2026-09-04,มหาวิทยาลัย,False
C02490,กมล,หญิง,35-44,B04,บางนา,2025-05-17,085-xxx-9184,False,False,False,True,3,240,2025-05-19,2025-05-30,บางนา,False
C02491,ธนา,ไม่ระบุ,18-24,B01,สยาม,2025-12-29,087-xxx-6324,False,False,False,True,2,250,2026-03-05,2026-04-03,สยาม,False
C02492,ภัทร,หญิง,18-24,B01,สยาม,2025-05-25,088-xxx-6179,False,False,False,True,15,1529,2025-06-06,2026-09-19,สยาม,False
C02493,ภัทร,หญิง,18-24,B05,มหาวิทยาลัย,2025-08-24,087-xxx-6141,False,False,False,True,1,105,2025-08-29,2025-08-29,มหาวิทยาลัย,False
C02494,นภัส,ไม่ระบุ,35-44,B05,มหาวิทยาลัย,2026-06-11,088-xxx-9309,False,False,False,False,0,0,,,,False
C02495,ภูมิ,หญิง,18-24,B05,มหาวิทยาลัย,2026-07-24,086-xxx-2827,False,False,False,False,0,0,,,,False
C02496,ชนา,ชาย,35-44,B03,อารีย์,2026-05-24,084-xxx-2215,False,False,False,True,2,125,2026-06-03,2026-06-28,อารีย์,False
C02497,ภูมิ,หญิง,25-34,B02,สีลม,2026-08-14,086-xxx-7915,False,False,False,False,0,0,,,,False
C02498,นภัส,ชาย,25-34,B01,สยาม,2025-11-14,086-xxx-8193,False,False,False,True,1,65,2025-11-26,2025-11-26,สยาม,False
C02499,ภัทร,หญิง,18-24,B02,สีลม,2026-06-24,081-xxx-6749,False,False,False,True,1,234,2026-07-21,2026-07-21,สีลม,False
C02500,ภูมิ,ชาย,35-44,B04,บางนา,2025-07-29,083-xxx-9058,False,False,False,True,6,763,2025-08-29,2025-12-21,บางนา,False
C02501,ณัฐ,หญิง,25-34,B02,สีลม,2025-12-07,081-xxx-9058,False,False,False,True,8,890,2026-01-21,2026-06-15,สีลม,False
C02502,วรรณ,หญิง,35-44,B03,อารีย์,2026-08-31,086-xxx-4924,False,False,False,False,0,0,,,,False
C02503,จิรา,หญิง,25-34,B01,สยาม,2025-04-20,089-xxx-1648,False,False,False,True,7,873,2025-05-03,2025-11-16,สยาม,False
C02504,ปวีณ,หญิง,35-44,B01,สยาม,2025-04-04,087-xxx-2785,False,False,False,True,11,1192,2025-05-25,2026-07-04,สยาม,False
C02505,ธนา,หญิง,ต่ำกว่า 18,B01,สยาม,2026-08-05,082-xxx-2425,False,True,False,False,0,0,,,,False
C02506,กิตติ,ชาย,25-34,B04,บางนา,2026-09-06,086-xxx-3918,False,False,False,False,0,0,,,,False
C02507,ธีร,ชาย,25-34,B03,อารีย์,2025-12-03,088-xxx-9257,False,False,False,True,13,1999,2025-12-20,2026-05-08,อารีย์,False
C02508,อัญชลี,หญิง,55+,B01,สยาม,2026-01-30,083-xxx-9869,False,False,False,False,0,0,,,,False
C02509,วรรณ,หญิง,35-44,B05,มหาวิทยาลัย,2025-09-20,085-xxx-9228,False,False,False,True,11,1194,2025-09-23,2026-06-30,มหาวิทยาลัย,False
C02510,ศิริ,ชาย,55+,B04,บางนา,2025-12-27,088-xxx-4566,False,False,False,True,9,1124,2026-02-22,2026-07-25,บางนา,False
C02511,ธีร,หญิง,25-34,B01,สยาม,2026-08-16,086-xxx-1566,False,False,False,False,0,0,,,,False
C02512,นภัส,ชาย,18-24,B02,สีลม,2025-12-24,086-xxx-8664,False,False,False,True,3,300,2026-01-30,2026-03-02,สีลม,False
C02513,สมชาย,ชาย,25-34,B05,มหาวิทยาลัย,2026-02-26,088-xxx-5048,False,False,False,True,5,534,2026-03-18,2026-06-17,มหาวิทยาลัย,False
C02514,ธนา,ชาย,25-34,B01,สยาม,2026-02-01,089-xxx-9741,False,False,False,True,6,788,2026-03-04,2026-06-08,สยาม,False
C02515,มานพ,หญิง,18-24,B01,สยาม,2025-09-07,085-xxx-5315,False,False,False,True,3,290,2025-11-03,2025-12-31,สยาม,False
C02516,กิตติ,หญิง,25-34,B02,สีลม,2026-01-25,087-xxx-6337,False,False,False,True,11,1183,2026-02-19,2026-08-30,สีลม,False
C02517,นภัส,หญิง,18-24,B01,สยาม,2026-08-07,083-xxx-3248,False,False,False,True,1,89,2026-09-11,2026-09-11,สยาม,False
C02518,ปิยะ,ไม่ระบุ,45-54,B04,บางนา,2026-08-10,087-xxx-1775,False,False,False,True,2,350,2026-08-31,2026-09-20,บางนา,False
C02519,วีระ,หญิง,18-24,B02,สีลม,2026-06-19,086-xxx-6019,False,False,False,False,0,0,,,,False
C02520,นภัส,ชาย,55+,B03,อารีย์,2026-05-04,083-xxx-8771,False,False,False,True,1,120,2026-08-17,2026-08-17,มหาวิทยาลัย,False
C02521,สุดา,หญิง,25-34,B04,บางนา,2025-04-14,087-xxx-2111,False,False,False,True,32,3690,2025-04-18,2026-09-09,บางนา,False
C02522,พิม,หญิง,35-44,B02,สีลม,2025-12-23,082-xxx-2519,False,False,False,True,1,160,2025-12-25,2025-12-25,สีลม,False
C02523,ธีร,หญิง,25-34,B05,มหาวิทยาลัย,2025-05-03,088-xxx-8387,False,False,False,True,7,679,2025-05-21,2025-10-04,มหาวิทยาลัย,False
C02524,เกศ,ชาย,18-24,B05,มหาวิทยาลัย,2025-09-09,085-xxx-7777,False,False,False,True,6,535,2025-09-24,2026-02-28,มหาวิทยาลัย,False
C02525,ภูมิ,ไม่ระบุ,35-44,B03,อารีย์,2026-03-23,085-xxx-2682,False,False,False,True,12,1403,2026-03-24,2026-09-16,อารีย์,False
C02526,อัญชลี,หญิง,25-34,B03,อารีย์,2026-01-26,082-xxx-8739,False,False,False,True,15,2068,2026-02-13,2026-08-26,อารีย์,False
C02527,ณัฐ,ชาย,18-24,B01,สยาม,2025-11-09,081-xxx-4012,False,False,False,True,4,374,2025-11-14,2026-02-03,สยาม,False
C02528,มานพ,หญิง,35-44,B04,บางนา,2025-07-06,088-xxx-1165,False,False,False,True,15,2143,2025-07-06,2026-08-19,บางนา,False
C02529,อัญชลี,หญิง,55+,B05,มหาวิทยาลัย,2026-05-28,085-xxx-4416,False,False,False,True,1,65,2026-07-13,2026-07-13,มหาวิทยาลัย,False
C02530,ปิยะ,หญิง,25-34,B03,อารีย์,2026-02-01,088-xxx-1439,False,False,False,True,7,829,2026-02-02,2026-04-10,อารีย์,False
C02531,ปวีณ,หญิง,35-44,B02,สีลม,2025-05-20,089-xxx-8395,False,False,False,True,12,1375,2025-05-28,2026-01-05,สีลม,False
C02532,ณัฐ,หญิง,18-24,B01,สยาม,2026-06-20,082-xxx-8948,False,False,False,True,3,633,2026-07-05,2026-08-26,สยาม,False
C02533,สมชาย,ชาย,25-34,B03,อารีย์,2026-01-20,084-xxx-6272,False,False,False,True,8,1095,2026-01-22,2026-07-29,อารีย์,False
C02534,วรรณ,หญิง,45-54,B01,สยาม,2025-04-26,089-xxx-4472,False,False,False,True,4,480,2025-05-17,2025-06-07,สยาม,False
C02535,วีระ,ชาย,25-34,B01,สยาม,2025-12-12,086-xxx-3745,False,False,False,True,7,1345,2025-12-15,2026-04-18,สยาม,False
C02536,ธีร,ชาย,25-34,B01,สยาม,2026-06-06,084-xxx-8238,False,False,False,True,6,890,2026-07-18,2026-09-11,สยาม,False
C02537,ปวีณ,หญิง,18-24,B05,มหาวิทยาลัย,2026-07-26,088-xxx-1198,True,False,False,True,1,125,2026-07-30,2026-07-30,มหาวิทยาลัย,False
C02538,ปวีณ,ชาย,45-54,B04,บางนา,2025-08-15,081-xxx-4703,False,False,False,True,15,2085,2025-08-20,2026-09-14,บางนา,False
C02539,ณัฐ,หญิง,25-34,B05,มหาวิทยาลัย,2025-12-03,082-xxx-3730,False,False,False,True,4,570,2025-12-19,2026-06-24,มหาวิทยาลัย,False
C02540,วีระ,ชาย,18-24,B03,อารีย์,2026-01-24,085-xxx-3913,False,False,False,True,17,2456,2026-01-28,2026-08-29,อารีย์,False
C02541,รัตนา,ชาย,25-34,B04,บางนา,2025-10-10,085-xxx-5801,False,False,False,True,9,1105,2025-10-29,2026-08-09,บางนา,False
C02542,อัญชลี,ชาย,55+,B03,อารีย์,2026-02-19,081-xxx-1343,False,False,False,False,0,0,,,,False
C02543,จิรา,หญิง,18-24,B02,สีลม,2025-05-18,087-xxx-9828,False,False,False,False,0,0,,,,False
C02544,ธีร,ชาย,18-24,B01,สยาม,2026-05-09,086-xxx-1801,False,False,False,False,0,0,,,,False
C02545,วีระ,ชาย,18-24,B04,บางนา,2026-05-06,085-xxx-9375,False,False,False,True,4,390,2026-06-03,2026-07-31,บางนา,False
C02546,กิตติ,ชาย,18-24,B03,อารีย์,2026-07-24,089-xxx-9058,False,False,False,False,0,0,,,,False
C02547,วรรณ,หญิง,35-44,B03,อารีย์,2026-06-07,089-xxx-4180,False,False,False,True,7,948,2026-06-07,2026-08-12,อารีย์,False
C02548,เกศ,หญิง,35-44,B05,มหาวิทยาลัย,2026-03-07,082-xxx-1298,False,False,False,True,6,829,2026-04-23,2026-09-06,มหาวิทยาลัย,False
C02549,ทิพย์,ชาย,18-24,B05,มหาวิทยาลัย,2026-07-27,081-xxx-9650,False,False,False,True,1,85,2026-08-19,2026-08-19,อารีย์,False
C02550,ภัทร,หญิง,55+,B02,สีลม,2026-07-08,087-xxx-1476,True,False,False,False,0,0,,,,False
C02551,มานพ,หญิง,25-34,B02,สีลม,2026-09-13,083-xxx-7911,False,False,False,False,0,0,,,,False
C02552,พิม,หญิง,55+,B03,อารีย์,2026-06-05,083-xxx-3699,False,False,False,True,1,65,2026-07-05,2026-07-05,อารีย์,False
C02553,กมล,หญิง,55+,B02,สีลม,2025-09-15,082-xxx-8085,False,False,False,True,10,1238,2025-12-12,2026-09-06,สีลม,False
C02554,ธนา,หญิง,25-34,B02,สีลม,2026-07-26,089-xxx-3505,False,False,False,True,2,224,2026-08-06,2026-09-02,สีลม,False
C02555,ธนา,ชาย,25-34,B01,สยาม,2026-07-19,087-xxx-9028,False,False,False,True,1,65,2026-09-08,2026-09-08,สยาม,False
C02556,วีระ,หญิง,18-24,B01,สยาม,2026-08-03,085-xxx-1889,False,False,False,True,1,75,2026-09-04,2026-09-04,สยาม,False
C02557,ปิยะ,หญิง,55+,B04,บางนา,2025-08-02,083-xxx-8479,False,False,False,True,6,1215,2025-08-14,2026-03-24,บางนา,False
C02558,ภัทร,ชาย,45-54,B03,อารีย์,2026-08-23,083-xxx-3717,False,False,False,True,1,140,2026-08-26,2026-08-26,อารีย์,False
C02559,มานพ,ชาย,18-24,B02,สีลม,2025-11-22,082-xxx-3706,True,False,False,True,6,555,2026-01-09,2026-04-28,สีลม,False
C02560,ธีร,หญิง,45-54,B04,บางนา,2026-01-14,086-xxx-6293,False,False,False,True,7,1149,2026-01-22,2026-06-27,บางนา,False
C02561,สมชาย,ชาย,25-34,B01,สยาม,2025-10-14,087-xxx-3900,False,False,False,True,6,858,2025-10-15,2026-07-08,สยาม,False
C02562,ธนา,หญิง,35-44,B05,มหาวิทยาลัย,2025-08-20,089-xxx-7992,False,False,False,True,5,844,2025-10-04,2026-03-29,มหาวิทยาลัย,False
C02563,ธนา,ชาย,35-44,B01,สยาม,2026-05-28,088-xxx-8105,False,False,False,True,3,380,2026-05-31,2026-08-16,สยาม,False
C02564,ปวีณ,ชาย,18-24,B04,บางนา,2026-01-04,085-xxx-9380,False,False,False,False,0,0,,,,False
C02565,ปิยะ,หญิง,25-34,B01,สยาม,2025-12-11,089-xxx-4799,False,False,False,False,0,0,,,,False
C02566,ศิริ,หญิง,35-44,B05,มหาวิทยาลัย,2026-08-04,083-xxx-9586,False,False,False,False,0,0,,,,False
C02567,ปวีณ,หญิง,55+,B05,มหาวิทยาลัย,2026-04-08,083-xxx-4604,False,False,False,True,2,130,2026-04-25,2026-08-21,มหาวิทยาลัย,False
C02568,ธนา,หญิง,35-44,B02,สีลม,2025-07-28,082-xxx-6868,False,False,False,True,2,150,2025-08-19,2025-08-30,สีลม,False
C02569,มานพ,ชาย,45-54,B02,สีลม,2026-09-04,083-xxx-9950,False,False,False,True,1,75,2026-09-16,2026-09-16,สีลม,False
C02570,ธนา,ชาย,18-24,B05,มหาวิทยาลัย,2026-03-01,085-xxx-7427,False,False,False,False,0,0,,,,False
C02571,พิม,ชาย,25-34,B05,มหาวิทยาลัย,2026-01-23,086-xxx-6476,False,False,False,False,0,0,,,,False
C02572,รัตนา,ชาย,35-44,B05,มหาวิทยาลัย,2025-11-22,084-xxx-8793,False,False,False,True,2,270,2025-12-14,2025-12-29,มหาวิทยาลัย,False
C02573,ธีร,หญิง,45-54,B02,สีลม,2025-07-22,085-xxx-1176,False,False,False,True,3,385,2025-11-08,2025-12-11,สีลม,False
C02574,ภัทร,หญิง,25-34,B01,สยาม,2025-08-19,081-xxx-9201,False,False,False,True,20,2386,2025-10-05,2026-09-05,สยาม,False
C02575,ศิริ,หญิง,25-34,B04,บางนา,2025-10-01,084-xxx-1266,True,False,False,True,8,935,2025-10-05,2026-09-08,บางนา,False
C02576,ภัทร,หญิง,18-24,B04,บางนา,2025-07-28,083-xxx-3364,False,False,False,True,21,3476,2025-08-10,2026-04-19,บางนา,False
C02577,ปิยะ,หญิง,35-44,B01,สยาม,2025-08-13,083-xxx-1809,False,False,False,True,1,85,2025-09-19,2025-09-19,สยาม,False
C02578,ชนา,ชาย,18-24,B03,อารีย์,2026-07-13,088-xxx-7836,False,False,False,True,1,85,2026-07-30,2026-07-30,อารีย์,False
C02579,ภูมิ,หญิง,25-34,B02,สีลม,2025-07-08,081-xxx-4791,False,False,False,True,3,390,2025-10-21,2026-08-19,สีลม,False
C02580,ปวีณ,ชาย,35-44,B03,อารีย์,2026-05-27,083-xxx-4038,False,False,False,True,2,544,2026-07-06,2026-07-17,อารีย์,False
C02581,มานพ,ชาย,25-34,B03,อารีย์,2026-06-13,083-xxx-7961,False,False,False,True,2,319,2026-07-08,2026-08-28,อารีย์,False
C02582,ปิยะ,หญิง,25-34,B03,อารีย์,2026-01-29,086-xxx-5995,False,False,False,True,7,878,2026-03-03,2026-09-12,อารีย์,False
C02583,ศิริ,ชาย,18-24,B03,อารีย์,2026-06-18,087-xxx-5995,False,False,False,True,3,235,2026-06-19,2026-08-24,อารีย์,False
C02584,ณัฐ,ชาย,35-44,B03,อารีย์,2026-06-19,081-xxx-5060,False,False,False,False,0,0,,,,False
C02585,ทิพย์,หญิง,35-44,B01,สยาม,2025-08-09,088-xxx-3316,False,False,False,True,19,2339,2025-09-08,2026-08-15,สยาม,False
C02586,นภัส,หญิง,25-34,B02,สีลม,2026-07-22,085-xxx-2435,False,False,False,True,4,500,2026-07-23,2026-08-24,สีลม,False
C02587,เกศ,หญิง,25-34,B04,บางนา,2025-10-03,083-xxx-6103,False,False,False,True,2,500,2025-12-23,2026-02-06,บางนา,False
C02588,ศิริ,ชาย,35-44,B04,บางนา,2025-08-17,086-xxx-5769,False,False,False,True,2,170,2025-09-29,2025-10-29,บางนา,False
C02589,ชนา,หญิง,18-24,B05,มหาวิทยาลัย,2026-04-23,087-xxx-4286,False,False,False,False,0,0,,,,False
C02590,ชนา,หญิง,18-24,B02,สีลม,2026-04-20,083-xxx-9403,False,False,False,True,4,810,2026-06-13,2026-09-08,สีลม,False
C02591,อรุณ,หญิง,18-24,B03,อารีย์,2026-09-10,089-xxx-2724,False,False,False,False,0,0,,,,False
C02592,พิม,หญิง,45-54,B01,สยาม,2026-07-11,088-xxx-9623,False,False,False,True,1,210,2026-08-16,2026-08-16,สยาม,False
C02593,จิรา,ชาย,45-54,B02,สีลม,2026-07-22,086-xxx-9370,False,False,False,False,0,0,,,,False
C02594,จิรา,หญิง,25-34,B04,บางนา,2025-09-26,081-xxx-2164,False,False,False,True,25,3364,2025-10-11,2026-08-08,บางนา,False
C02595,ชนา,ชาย,18-24,B05,มหาวิทยาลัย,2026-08-30,081-xxx-4557,False,False,False,False,0,0,,,,False
C02596,ธีร,ชาย,35-44,B02,สีลม,2025-05-04,082-xxx-1145,False,False,False,True,5,660,2025-05-06,2025-08-25,สีลม,False
C02597,นภัส,หญิง,35-44,B03,อารีย์,2026-07-27,084-xxx-5750,False,False,False,True,1,65,2026-08-07,2026-08-07,อารีย์,False
C02598,ชนา,หญิง,35-44,B01,สยาม,2026-01-16,083-xxx-4378,False,False,False,False,0,0,,,,False
C02599,อรุณ,หญิง,35-44,B01,สยาม,2026-04-16,082-xxx-4994,False,False,False,True,7,699,2026-05-26,2026-09-16,สยาม,False
C02600,ปวีณ,หญิง,35-44,B01,สยาม,2025-10-23,082-xxx-8373,False,False,False,True,2,229,2025-10-25,2025-11-14,สยาม,False
C02601,รัตนา,หญิง,18-24,B01,สยาม,2025-10-26,082-xxx-7091,False,False,False,True,2,195,2025-10-27,2026-02-26,สยาม,False
C02602,อรุณ,ชาย,25-34,B01,สยาม,2026-08-12,087-xxx-5908,False,False,False,True,2,435,2026-08-21,2026-09-03,สยาม,False
C02603,กมล,หญิง,25-34,B02,สีลม,2025-06-10,085-xxx-7301,False,False,False,True,14,1385,2025-06-27,2026-04-07,สีลม,False
C02604,ธีร,ชาย,45-54,B01,สยาม,2025-04-19,081-xxx-6917,False,False,False,True,10,975,2025-05-09,2026-04-09,สยาม,False
C02605,ทิพย์,ชาย,18-24,B01,สยาม,2025-05-08,089-xxx-6022,False,False,False,True,8,1382,2025-05-11,2025-10-24,สยาม,False
C02606,มานพ,ชาย,25-34,B02,สีลม,2025-08-13,086-xxx-4839,False,False,False,True,10,1190,2025-08-17,2026-02-27,สีลม,False
C02607,จิรา,หญิง,ต่ำกว่า 18,B03,อารีย์,2026-03-15,089-xxx-3285,False,True,False,True,4,984,2026-04-04,2026-07-19,อารีย์,False
C02608,จิรา,หญิง,25-34,B02,สีลม,2025-08-09,082-xxx-9565,False,False,False,True,7,1012,2025-09-08,2025-11-12,สีลม,False
C02609,ภัทร,หญิง,25-34,B05,มหาวิทยาลัย,2025-08-05,081-xxx-5694,False,False,False,True,6,779,2025-08-07,2025-10-06,มหาวิทยาลัย,False
C02610,ปวีณ,หญิง,25-34,B01,สยาม,2025-07-08,082-xxx-6456,False,False,False,True,1,60,2025-07-08,2025-07-08,สยาม,False
C02611,พิม,หญิง,55+,B01,สยาม,2025-08-18,081-xxx-4992,False,False,False,True,9,1153,2025-09-13,2026-09-20,สยาม,False
C02612,ภูมิ,หญิง,ต่ำกว่า 18,B04,บางนา,2026-08-12,089-xxx-1194,False,True,False,True,1,75,2026-08-16,2026-08-16,บางนา,False
C02613,พิม,ไม่ระบุ,25-34,B05,มหาวิทยาลัย,2025-10-23,082-xxx-1094,False,False,False,True,9,1182,2025-11-12,2026-06-29,มหาวิทยาลัย,False
C02614,ทิพย์,หญิง,45-54,B02,สีลม,2026-04-17,089-xxx-7349,False,False,False,True,5,808,2026-05-11,2026-08-29,สีลม,False
C02615,สุดา,หญิง,35-44,B02,สีลม,2025-05-30,085-xxx-6088,False,False,False,True,17,1964,2025-06-04,2026-01-12,สีลม,False
C02616,อรุณ,หญิง,25-34,B03,อารีย์,2026-06-20,083-xxx-9241,False,False,False,True,2,120,2026-07-18,2026-08-28,อารีย์,False
C02617,ภูมิ,หญิง,35-44,B01,สยาม,2025-09-02,085-xxx-6221,False,False,False,True,6,750,2025-09-21,2026-05-13,สยาม,False
C02618,ภูมิ,หญิง,35-44,B03,อารีย์,2026-04-03,087-xxx-9355,False,False,False,True,3,470,2026-05-01,2026-09-11,อารีย์,False
C02619,จิรา,หญิง,25-34,B05,มหาวิทยาลัย,2026-08-10,088-xxx-9666,False,False,False,True,1,130,2026-08-17,2026-08-17,มหาวิทยาลัย,False
C02620,รัตนา,ชาย,18-24,B04,บางนา,2026-06-06,082-xxx-6119,False,False,False,True,5,1270,2026-07-05,2026-09-19,บางนา,False
C02621,ภัทร,หญิง,25-34,B02,สีลม,2025-06-23,085-xxx-7015,False,False,False,True,18,2016,2025-07-02,2026-08-31,สีลม,False
C02622,สมชาย,หญิง,35-44,B01,สยาม,2026-01-23,087-xxx-7051,False,False,False,True,4,435,2026-02-14,2026-08-24,สยาม,False
C02623,นภัส,หญิง,25-34,B03,อารีย์,2026-02-05,085-xxx-6747,False,False,False,True,3,490,2026-03-09,2026-06-04,อารีย์,False
C02624,จิรา,หญิง,45-54,B04,บางนา,2025-11-25,087-xxx-3992,False,False,False,True,5,575,2025-11-28,2026-09-08,บางนา,False
C02625,ศิริ,หญิง,25-34,B01,สยาม,2026-08-26,086-xxx-6793,False,False,False,True,1,160,2026-09-12,2026-09-12,สยาม,False
C02626,รัตนา,หญิง,25-34,B04,บางนา,2026-08-18,089-xxx-3879,False,False,False,False,0,0,,,,False
C02627,สุดา,หญิง,35-44,B02,สีลม,2026-08-02,081-xxx-7617,False,False,False,False,0,0,,,,False
C02628,ปวีณ,หญิง,25-34,B01,สยาม,2025-07-21,081-xxx-2876,False,False,False,True,17,2083,2025-09-09,2026-08-23,สยาม,False
C02629,พิม,หญิง,18-24,B05,มหาวิทยาลัย,2025-11-09,085-xxx-7888,False,False,False,True,4,848,2026-01-16,2026-06-24,มหาวิทยาลัย,False
C02630,อัญชลี,หญิง,45-54,B02,สีลม,2026-06-21,087-xxx-1147,False,False,False,True,3,464,2026-07-13,2026-08-11,สยาม,False
C02631,วีระ,ชาย,18-24,B03,อารีย์,2026-06-23,082-xxx-1250,False,False,False,True,1,65,2026-08-05,2026-08-05,อารีย์,False
C02632,วีระ,ไม่ระบุ,35-44,B02,สีลม,2025-12-29,087-xxx-8214,False,False,False,True,7,1533,2026-01-15,2026-08-16,สีลม,False
C02633,ณัฐ,หญิง,55+,B05,มหาวิทยาลัย,2025-05-17,086-xxx-2464,False,False,False,True,16,2099,2025-06-01,2026-08-24,มหาวิทยาลัย,False
C02634,อรุณ,หญิง,18-24,B04,บางนา,2025-04-14,087-xxx-2139,False,False,False,True,36,4507,2025-04-17,2026-08-30,บางนา,False
C02635,อรุณ,หญิง,18-24,B01,สยาม,2025-06-28,087-xxx-9492,False,False,False,True,33,4484,2025-06-29,2026-09-20,สยาม,False
C02636,ปวีณ,หญิง,55+,B01,สยาม,2025-06-03,084-xxx-4864,False,False,False,True,9,814,2025-06-14,2026-07-05,สยาม,False
C02637,พิม,ชาย,18-24,B03,อารีย์,2026-08-01,086-xxx-9984,False,False,False,True,2,344,2026-08-14,2026-09-08,อารีย์,False
C02638,ศิริ,หญิง,25-34,B04,บางนา,2025-06-29,081-xxx-4715,False,False,False,True,8,525,2025-07-02,2025-10-28,บางนา,False
C02639,เกศ,หญิง,55+,B04,บางนา,2026-03-22,087-xxx-1625,False,False,False,True,6,816,2026-05-19,2026-08-15,บางนา,False
C02640,ธีร,ชาย,18-24,B03,อารีย์,2026-03-01,085-xxx-6439,False,False,False,True,13,1419,2026-04-19,2026-08-27,อารีย์,False
C02641,ทิพย์,ชาย,18-24,B04,บางนา,2025-06-30,086-xxx-6536,False,False,False,True,19,2271,2025-07-11,2026-08-16,บางนา,False
C02642,นภัส,ชาย,18-24,B05,มหาวิทยาลัย,2026-03-07,083-xxx-4885,False,False,False,True,2,395,2026-03-12,2026-04-17,มหาวิทยาลัย,False
C02643,ปิยะ,หญิง,18-24,B01,สยาม,2026-02-11,084-xxx-3771,True,False,False,True,1,55,2026-06-12,2026-06-12,สยาม,False
C02644,ธีร,หญิง,ต่ำกว่า 18,B01,สยาม,2025-07-26,086-xxx-5217,False,True,False,True,8,635,2025-08-12,2026-07-22,สยาม,False
C02645,วีระ,หญิง,25-34,B05,มหาวิทยาลัย,2026-07-07,084-xxx-1911,False,False,False,False,0,0,,,,False
C02646,ปวีณ,หญิง,25-34,B04,บางนา,2025-09-06,088-xxx-9741,False,False,False,True,9,983,2025-09-29,2026-07-19,บางนา,False
C02647,ปวีณ,หญิง,55+,B01,สยาม,2026-04-18,082-xxx-8482,False,False,False,True,2,160,2026-06-22,2026-08-24,สยาม,False
C02648,จิรา,หญิง,45-54,B04,บางนา,2025-09-13,089-xxx-9609,False,False,False,True,4,589,2025-10-09,2025-11-26,บางนา,False
C02649,พิม,หญิง,ต่ำกว่า 18,B01,สยาม,2025-11-25,085-xxx-1106,False,True,False,True,16,1937,2025-11-28,2026-08-07,สยาม,False
C02650,วรรณ,ชาย,25-34,B01,สยาม,2026-05-26,082-xxx-5135,False,False,False,True,1,65,2026-08-18,2026-08-18,สยาม,False
C02651,ปิยะ,ชาย,18-24,B02,สีลม,2025-04-18,087-xxx-2192,False,False,False,True,9,960,2025-05-10,2025-12-22,สีลม,False
C02652,อรุณ,หญิง,25-34,B02,สีลม,2025-12-26,082-xxx-4122,False,False,False,True,1,85,2026-04-02,2026-04-02,สีลม,False
C02653,กมล,ชาย,25-34,B05,มหาวิทยาลัย,2026-05-23,085-xxx-7581,False,False,False,True,1,65,2026-09-06,2026-09-06,มหาวิทยาลัย,False
C02654,ปวีณ,หญิง,25-34,B01,สยาม,2025-09-06,081-xxx-6996,False,False,False,True,6,600,2025-09-20,2026-06-16,สยาม,False
C02655,วีระ,หญิง,18-24,B02,สีลม,2026-02-13,087-xxx-6915,False,False,False,True,7,880,2026-03-11,2026-08-15,สีลม,False
C02656,ชนา,ชาย,55+,B01,สยาม,2026-03-19,085-xxx-2942,False,False,False,True,1,220,2026-03-22,2026-03-22,สยาม,False
C02657,เกศ,หญิง,25-34,B01,สยาม,2026-08-09,085-xxx-9097,False,False,False,True,1,315,2026-09-17,2026-09-17,สยาม,False
C02658,มานพ,ชาย,18-24,B01,สยาม,2025-11-25,087-xxx-3419,False,False,False,True,2,305,2026-03-09,2026-08-31,สยาม,False
C02659,พิม,ชาย,25-34,B01,สยาม,2025-05-05,089-xxx-7924,False,False,False,True,22,2550,2025-05-12,2026-04-13,สยาม,False
C02660,สุดา,หญิง,45-54,B05,มหาวิทยาลัย,2026-07-10,087-xxx-6655,False,False,False,False,0,0,,,,False
C02661,สมชาย,ชาย,25-34,B02,สีลม,2025-11-29,084-xxx-1218,False,False,False,False,0,0,,,,False
C02662,ธนา,หญิง,25-34,B05,มหาวิทยาลัย,2026-07-05,088-xxx-4565,False,False,False,True,2,300,2026-07-13,2026-08-16,มหาวิทยาลัย,False
C02663,สมชาย,หญิง,45-54,B02,สีลม,2026-01-02,089-xxx-7977,False,False,False,True,6,957,2026-01-07,2026-06-04,สีลม,False
C02664,ศิริ,หญิง,18-24,B03,อารีย์,2026-07-19,081-xxx-7677,False,False,False,True,1,85,2026-09-12,2026-09-12,อารีย์,False
C02665,รัตนา,ชาย,55+,B02,สีลม,2025-12-07,086-xxx-1298,False,False,False,True,8,904,2025-12-21,2026-06-19,สีลม,False
C02666,เกศ,หญิง,55+,B05,มหาวิทยาลัย,2025-11-04,083-xxx-4621,False,False,False,True,3,356,2025-11-11,2025-11-25,มหาวิทยาลัย,False
C02667,ภัทร,หญิง,18-24,B05,มหาวิทยาลัย,2026-01-28,085-xxx-3399,False,False,False,True,4,524,2026-02-17,2026-07-07,มหาวิทยาลัย,False
C02668,สุดา,ชาย,18-24,B01,สยาม,2026-06-01,087-xxx-6342,False,False,False,True,1,110,2026-08-20,2026-08-20,สยาม,False
C02669,ศิริ,หญิง,25-34,B05,มหาวิทยาลัย,2025-06-05,082-xxx-2321,False,False,False,True,2,215,2025-06-09,2025-07-03,มหาวิทยาลัย,False
C02670,ภัทร,หญิง,45-54,B02,สีลม,2025-11-27,086-xxx-8324,False,False,False,True,5,449,2026-02-16,2026-04-28,สีลม,False
C02671,ปวีณ,หญิง,18-24,B01,สยาม,2026-04-18,083-xxx-9508,False,False,False,True,4,654,2026-05-15,2026-06-28,สยาม,False
C02672,ณัฐ,ชาย,25-34,B03,อารีย์,2026-08-16,086-xxx-5592,False,False,False,True,1,130,2026-08-20,2026-08-20,สีลม,False
C02673,มานพ,หญิง,55+,B01,สยาม,2025-07-27,087-xxx-8169,False,False,False,True,12,1956,2025-08-29,2026-05-13,สยาม,False
C02674,ภูมิ,ชาย,55+,B01,สยาม,2026-06-13,085-xxx-5123,False,False,False,True,1,195,2026-07-27,2026-07-27,สยาม,False
C02675,ปวีณ,หญิง,35-44,B01,สยาม,2026-03-10,087-xxx-8812,False,False,False,True,4,440,2026-03-15,2026-04-08,สยาม,False
C02676,กิตติ,ชาย,25-34,B01,สยาม,2026-05-14,084-xxx-9784,False,False,False,True,3,376,2026-06-06,2026-09-14,สยาม,False
C02677,นภัส,หญิง,18-24,B01,สยาม,2025-11-01,085-xxx-5549,False,False,False,True,4,343,2025-11-11,2026-07-21,สยาม,False
C02678,กิตติ,หญิง,55+,B04,บางนา,2026-02-24,086-xxx-6235,False,False,False,True,4,495,2026-03-03,2026-08-18,บางนา,False
C02679,มานพ,ชาย,25-34,B01,สยาม,2026-05-25,086-xxx-8250,False,False,False,True,2,234,2026-08-18,2026-09-08,สยาม,False
C02680,วีระ,ชาย,45-54,B04,บางนา,2025-04-12,083-xxx-2266,False,False,False,True,4,339,2025-04-20,2025-05-04,บางนา,False
C02681,ปิยะ,หญิง,35-44,B01,สยาม,2025-10-22,084-xxx-1075,False,False,False,True,4,280,2025-12-13,2026-08-06,สยาม,False
C02682,อรุณ,หญิง,25-34,B02,สีลม,2025-06-10,084-xxx-8820,False,False,False,True,9,1270,2025-09-16,2026-03-26,สีลม,False
C02683,มานพ,หญิง,18-24,B02,สีลม,2026-04-16,086-xxx-9614,False,False,False,True,2,150,2026-08-02,2026-08-06,อารีย์,False
C02684,กมล,ชาย,25-34,B05,มหาวิทยาลัย,2026-08-21,082-xxx-5477,False,False,False,False,0,0,,,,False
C02685,มานพ,หญิง,35-44,B01,สยาม,2025-07-10,085-xxx-5839,False,False,False,True,7,1389,2025-08-20,2026-09-18,สยาม,False
C02686,ทิพย์,ชาย,55+,B05,มหาวิทยาลัย,2026-07-08,083-xxx-3922,False,False,False,False,0,0,,,,False
C02687,นภัส,ไม่ระบุ,25-34,B05,มหาวิทยาลัย,2025-08-02,083-xxx-7463,False,False,False,True,16,1964,2025-08-21,2026-07-11,มหาวิทยาลัย,False
C02688,อรุณ,ชาย,45-54,B02,สีลม,2025-07-04,081-xxx-9181,False,False,False,True,5,398,2025-08-18,2026-04-07,สีลม,False
C02689,ภูมิ,ชาย,18-24,B03,อารีย์,2026-05-10,083-xxx-1901,False,False,False,True,7,849,2026-05-16,2026-09-19,อารีย์,False
C02690,กิตติ,หญิง,45-54,B02,สีลม,2026-05-01,085-xxx-4915,False,False,False,True,2,350,2026-05-25,2026-06-29,สีลม,False
C02691,ศิริ,หญิง,18-24,B02,สีลม,2025-06-13,089-xxx-3164,False,False,False,True,10,1183,2025-06-29,2026-04-18,สีลม,False
C02692,ธีร,หญิง,25-34,B01,สยาม,2026-03-05,081-xxx-5401,False,False,False,True,1,40,2026-05-20,2026-05-20,สยาม,False
C02693,ณัฐ,หญิง,35-44,B01,สยาม,2025-11-07,088-xxx-1803,False,False,False,True,7,725,2025-11-30,2026-04-18,สยาม,False
C02694,ทิพย์,ชาย,45-54,B02,สีลม,2025-12-05,082-xxx-4131,False,False,False,True,10,1500,2026-01-02,2026-09-17,สีลม,False
C02695,ธีร,ชาย,18-24,B05,มหาวิทยาลัย,2026-07-05,084-xxx-3117,False,False,False,True,2,130,2026-07-08,2026-07-08,มหาวิทยาลัย,False
C02696,เกศ,ชาย,25-34,B01,สยาม,2025-04-10,085-xxx-4034,False,False,False,True,14,2122,2025-04-21,2026-06-26,สยาม,False
C02697,ชนา,ชาย,25-34,B04,บางนา,2026-05-02,084-xxx-2419,False,False,False,True,3,403,2026-05-19,2026-08-18,บางนา,False
C02698,กิตติ,ชาย,45-54,B01,สยาม,2025-07-10,084-xxx-8269,False,False,False,True,25,3997,2025-07-22,2026-08-23,สยาม,False
C02699,ธนา,หญิง,25-34,B03,อารีย์,2026-08-03,083-xxx-2878,False,False,False,False,0,0,,,,False
C02700,พิม,หญิง,18-24,B04,บางนา,2026-08-25,081-xxx-6010,False,False,False,False,0,0,,,,False
C02701,พิม,ไม่ระบุ,18-24,B04,บางนา,2025-10-05,082-xxx-3166,False,False,False,True,16,1849,2025-11-23,2026-08-25,บางนา,False
C02702,ภูมิ,หญิง,25-34,B02,สีลม,2026-05-15,084-xxx-8566,False,False,False,True,6,959,2026-06-30,2026-09-20,สีลม,False
C02703,สุดา,หญิง,18-24,B04,บางนา,2026-06-30,085-xxx-5513,False,False,False,True,1,145,2026-07-25,2026-07-25,บางนา,False
C02704,ภัทร,หญิง,45-54,B02,สีลม,2025-05-11,085-xxx-5792,False,False,False,True,12,1244,2025-05-27,2025-10-11,สีลม,False
C02705,ภูมิ,หญิง,25-34,B04,บางนา,2026-02-04,087-xxx-5178,False,False,False,True,1,85,2026-03-01,2026-03-01,บางนา,False
C02706,ธีร,หญิง,25-34,B03,อารีย์,2026-02-12,081-xxx-3055,False,False,False,True,9,1184,2026-02-12,2026-04-03,อารีย์,False
C02707,ณัฐ,ชาย,18-24,B02,สีลม,2025-10-02,082-xxx-1756,False,False,False,True,4,493,2025-11-05,2026-06-12,สีลม,False
C02708,วีระ,หญิง,45-54,B03,อารีย์,2026-02-21,085-xxx-2300,False,False,False,True,10,1523,2026-03-03,2026-08-30,อารีย์,False
C02709,ธีร,หญิง,35-44,B05,มหาวิทยาลัย,2025-06-22,084-xxx-9351,False,False,False,True,12,1473,2025-06-25,2026-08-04,มหาวิทยาลัย,False
C02710,สุดา,หญิง,18-24,B02,สีลม,2026-04-04,081-xxx-2022,False,False,False,False,0,0,,,,False
C02711,รัตนา,หญิง,45-54,B02,สีลม,2025-10-18,081-xxx-4367,False,False,False,True,2,160,2025-11-25,2025-12-26,มหาวิทยาลัย,False
C02712,อัญชลี,หญิง,25-34,B02,สีลม,2026-01-11,089-xxx-3457,False,False,False,True,2,380,2026-01-15,2026-01-16,สีลม,False
C02713,ภูมิ,ชาย,18-24,B01,สยาม,2026-04-29,085-xxx-4192,False,False,False,True,1,85,2026-07-24,2026-07-24,สยาม,False
C02714,กิตติ,หญิง,18-24,B01,สยาม,2026-05-29,086-xxx-1050,False,False,False,True,4,303,2026-06-07,2026-09-05,สยาม,False
C02715,เกศ,ชาย,35-44,B01,สยาม,2025-10-09,083-xxx-1393,False,False,False,True,1,120,2025-11-16,2025-11-16,สยาม,False
C02716,ณัฐ,ชาย,18-24,B04,บางนา,2026-06-19,082-xxx-8342,False,False,False,True,2,225,2026-06-19,2026-09-04,บางนา,False
C02717,ธนา,ไม่ระบุ,35-44,B02,สีลม,2025-05-13,088-xxx-8911,False,False,False,True,11,969,2025-05-25,2026-06-23,สีลม,False
C02718,จิรา,หญิง,35-44,B02,สีลม,2026-07-24,086-xxx-1216,False,False,False,True,1,215,2026-08-25,2026-08-25,สีลม,False
C02719,รัตนา,หญิง,ต่ำกว่า 18,B05,มหาวิทยาลัย,2026-07-06,089-xxx-4381,False,True,False,True,5,674,2026-07-22,2026-09-10,มหาวิทยาลัย,False
C02720,ชนา,หญิง,45-54,B02,สีลม,2025-06-24,083-xxx-1649,False,False,False,True,20,2358,2025-06-26,2026-08-30,สีลม,False
C02721,ทิพย์,ชาย,35-44,B05,มหาวิทยาลัย,2025-06-20,089-xxx-1798,False,False,False,True,14,1859,2025-06-26,2026-08-23,มหาวิทยาลัย,False
C02722,ปิยะ,หญิง,25-34,B02,สีลม,2026-09-14,081-xxx-5355,False,False,False,False,0,0,,,,False
C02723,กิตติ,ชาย,35-44,B02,สีลม,2025-04-03,086-xxx-7952,False,False,False,True,11,1686,2025-04-23,2025-12-22,สีลม,False
C02724,กมล,หญิง,25-34,B02,สีลม,2026-08-29,083-xxx-9174,False,False,False,True,1,110,2026-09-10,2026-09-10,สีลม,False
C02725,ภูมิ,หญิง,25-34,B05,มหาวิทยาลัย,2025-10-13,088-xxx-4799,False,False,False,True,6,699,2025-10-21,2026-09-03,มหาวิทยาลัย,False
C02726,อัญชลี,ชาย,18-24,B02,สีลม,2025-09-04,089-xxx-1825,False,False,False,True,1,135,2025-10-01,2025-10-01,สีลม,False
C02727,กมล,ชาย,25-34,B04,บางนา,2026-03-27,081-xxx-3739,False,False,False,True,3,250,2026-04-14,2026-06-14,บางนา,False
C02728,ธนา,หญิง,18-24,B01,สยาม,2025-12-11,085-xxx-9315,False,False,False,True,5,375,2025-12-20,2026-04-07,สยาม,False
C02729,กมล,หญิง,35-44,B01,สยาม,2025-11-12,088-xxx-1191,False,False,False,True,11,1393,2025-12-05,2026-09-18,สยาม,False
C02730,อรุณ,หญิง,18-24,B05,มหาวิทยาลัย,2025-09-16,087-xxx-5752,False,False,False,False,0,0,,,,False
C02731,วรรณ,หญิง,25-34,B05,มหาวิทยาลัย,2025-04-13,081-xxx-7688,False,False,False,True,16,1751,2025-05-16,2026-07-12,มหาวิทยาลัย,False
C02732,พิม,หญิง,35-44,B02,สีลม,2025-12-16,088-xxx-9160,False,False,False,True,5,529,2026-01-04,2026-05-31,สีลม,False
C02733,สุดา,ชาย,45-54,B05,มหาวิทยาลัย,2026-05-20,081-xxx-8294,False,False,False,True,1,76,2026-06-07,2026-06-07,มหาวิทยาลัย,False
C02734,ธีร,หญิง,25-34,B03,อารีย์,2026-02-20,083-xxx-6030,False,False,False,True,8,750,2026-03-12,2026-09-08,อารีย์,False
C02735,ณัฐ,ชาย,25-34,B05,มหาวิทยาลัย,2025-04-21,081-xxx-4164,False,False,False,True,18,2158,2025-05-05,2026-09-17,มหาวิทยาลัย,False
C02736,ชนา,หญิง,25-34,B05,มหาวิทยาลัย,2026-03-21,085-xxx-7018,False,False,False,True,10,1405,2026-04-04,2026-06-28,มหาวิทยาลัย,False
C02737,สมชาย,หญิง,45-54,B05,มหาวิทยาลัย,2026-04-30,085-xxx-5112,False,False,False,False,0,0,,,,False
C02738,ธนา,หญิง,45-54,B03,อารีย์,2025-11-13,087-xxx-4374,False,False,False,True,16,2289,2025-11-14,2026-09-06,อารีย์,False
C02739,อัญชลี,หญิง,25-34,B05,มหาวิทยาลัย,2026-03-19,086-xxx-6946,False,False,False,True,1,60,2026-03-29,2026-03-29,บางนา,False
C02740,ทิพย์,หญิง,45-54,B02,สีลม,2025-11-16,084-xxx-1725,False,False,False,False,0,0,,,,False
C02741,อรุณ,หญิง,18-24,B05,มหาวิทยาลัย,2025-09-05,084-xxx-7156,False,False,False,True,7,1454,2025-11-04,2026-08-03,มหาวิทยาลัย,False
C02742,จิรา,ชาย,18-24,B03,อารีย์,2026-04-17,084-xxx-4577,False,False,False,True,4,520,2026-06-01,2026-08-30,อารีย์,False
C02743,ปิยะ,ชาย,55+,B05,มหาวิทยาลัย,2025-04-02,087-xxx-2795,False,False,False,True,19,2387,2025-04-18,2026-09-04,มหาวิทยาลัย,False
C02744,เกศ,หญิง,45-54,B04,บางนา,2026-01-22,087-xxx-5907,False,False,False,True,5,902,2026-02-27,2026-04-30,บางนา,False
C02745,พิม,หญิง,25-34,B02,สีลม,2025-11-08,082-xxx-9142,False,False,False,True,8,871,2025-11-09,2025-12-25,สีลม,False
C02746,ภัทร,หญิง,ต่ำกว่า 18,B04,บางนา,2025-07-21,087-xxx-2441,False,True,False,True,15,2079,2025-08-06,2026-09-17,บางนา,False
C02747,กิตติ,ชาย,35-44,B02,สีลม,2026-04-21,088-xxx-8388,False,False,False,True,3,270,2026-04-23,2026-05-16,สีลม,False
C02748,รัตนา,หญิง,35-44,B01,สยาม,2026-07-11,082-xxx-4891,False,False,False,False,0,0,,,,False
C02749,ทิพย์,ชาย,18-24,B05,มหาวิทยาลัย,2026-02-06,083-xxx-7100,False,False,False,True,6,1138,2026-03-30,2026-09-15,มหาวิทยาลัย,False
C02750,ภัทร,หญิง,18-24,B05,มหาวิทยาลัย,2025-04-06,084-xxx-1761,False,False,False,True,9,1317,2025-04-26,2026-02-12,มหาวิทยาลัย,False
C02751,ธีร,ชาย,18-24,B01,สยาม,2025-10-28,086-xxx-8805,False,False,False,True,19,2734,2025-11-06,2026-09-13,สยาม,False
C02752,พิม,ชาย,45-54,B01,สยาม,2026-06-28,081-xxx-2444,False,False,False,True,3,659,2026-07-21,2026-09-15,สยาม,False
C02753,ธนา,ชาย,18-24,B01,สยาม,2026-01-07,089-xxx-5255,False,False,False,True,8,1444,2026-01-12,2026-09-16,สยาม,False
C02754,พิม,หญิง,18-24,B04,บางนา,2025-04-06,089-xxx-5725,False,False,False,True,21,2343,2025-04-08,2026-09-05,บางนา,False
C02755,ณัฐ,หญิง,18-24,B02,สีลม,2026-01-24,083-xxx-3592,False,False,False,True,12,1611,2026-02-09,2026-09-10,สีลม,False
C02756,กมล,หญิง,25-34,B02,สีลม,2026-08-18,084-xxx-3551,False,False,False,False,0,0,,,,False
C02757,วีระ,หญิง,25-34,B01,สยาม,2025-08-30,083-xxx-4251,False,False,False,True,27,3072,2025-09-12,2026-09-19,สยาม,False
C02758,ทิพย์,หญิง,25-34,B02,สีลม,2026-08-24,089-xxx-7069,False,False,False,False,0,0,,,,False
C02759,กิตติ,หญิง,25-34,B05,มหาวิทยาลัย,2025-09-30,089-xxx-2395,False,False,False,True,4,440,2025-10-27,2026-02-01,มหาวิทยาลัย,False
C02760,ทิพย์,หญิง,25-34,B02,สีลม,2026-02-11,089-xxx-7119,False,False,False,True,1,65,2026-07-16,2026-07-16,บางนา,False
C02761,ภูมิ,ชาย,25-34,B04,บางนา,2025-09-04,084-xxx-3779,False,False,False,True,21,2667,2025-09-14,2026-09-19,บางนา,False
C02762,ชนา,ชาย,25-34,B04,บางนา,2026-08-07,084-xxx-8224,False,False,False,True,1,120,2026-08-10,2026-08-10,บางนา,False
C02763,ภูมิ,ชาย,25-34,B05,มหาวิทยาลัย,2025-09-18,081-xxx-1330,False,False,False,True,2,555,2025-10-07,2025-12-05,มหาวิทยาลัย,False
C02764,นภัส,หญิง,18-24,B01,สยาม,2025-05-17,082-xxx-4606,False,False,False,True,10,1029,2025-06-04,2026-05-12,สยาม,False
C02765,พิม,หญิง,18-24,B01,สยาม,2026-05-17,089-xxx-6192,True,False,False,True,1,95,2026-05-27,2026-05-27,สีลม,False
C02766,สุดา,ชาย,18-24,B05,มหาวิทยาลัย,2026-05-19,085-xxx-1626,False,False,False,True,1,305,2026-05-28,2026-05-28,มหาวิทยาลัย,False
C02767,กมล,หญิง,45-54,B01,สยาม,2026-04-05,087-xxx-3739,False,False,False,True,4,435,2026-04-27,2026-07-14,สยาม,False
C02768,สุดา,หญิง,55+,B01,สยาม,2025-12-20,085-xxx-2946,False,False,False,True,2,154,2026-03-01,2026-06-13,สยาม,False
C02769,มานพ,หญิง,18-24,B03,อารีย์,2026-04-26,084-xxx-9767,False,False,False,False,0,0,,,,False
C02770,สุดา,หญิง,45-54,B03,อารีย์,2026-02-21,085-xxx-8298,False,False,False,True,4,240,2026-02-28,2026-04-19,อารีย์,False
C02771,เกศ,ชาย,18-24,B02,สีลม,2026-09-08,085-xxx-1900,False,False,False,False,0,0,,,,False
C02772,สมชาย,ไม่ระบุ,18-24,B04,บางนา,2025-12-05,085-xxx-7975,False,False,False,True,7,555,2025-12-23,2026-09-05,บางนา,False
C02773,วรรณ,หญิง,18-24,B05,มหาวิทยาลัย,2025-12-29,083-xxx-4644,False,False,False,True,1,75,2026-09-09,2026-09-09,มหาวิทยาลัย,False
C02774,ภัทร,ชาย,18-24,B01,สยาม,2025-08-15,082-xxx-8210,False,False,False,True,10,970,2025-08-22,2026-07-25,สยาม,False
C02775,รัตนา,หญิง,18-24,B05,มหาวิทยาลัย,2025-08-05,086-xxx-3257,False,False,False,True,7,620,2025-08-15,2026-06-05,มหาวิทยาลัย,False
C02776,รัตนา,ชาย,18-24,B05,มหาวิทยาลัย,2026-03-14,087-xxx-4647,False,False,False,True,3,260,2026-06-14,2026-08-06,มหาวิทยาลัย,False
C02777,ศิริ,ชาย,55+,B04,บางนา,2025-04-07,084-xxx-7882,False,False,False,True,11,1453,2025-04-12,2026-03-19,บางนา,False
C02778,พิม,ชาย,45-54,B04,บางนา,2026-03-23,087-xxx-2634,False,False,False,True,11,1050,2026-03-24,2026-07-24,บางนา,False
C02779,ณัฐ,หญิง,35-44,B01,สยาม,2025-06-28,081-xxx-4980,False,False,False,True,2,95,2025-07-24,2025-08-29,สยาม,False
C02780,สมชาย,หญิง,35-44,B05,มหาวิทยาลัย,2025-06-17,087-xxx-4120,False,False,False,True,10,879,2025-07-11,2026-04-22,มหาวิทยาลัย,False
C02781,ปวีณ,ชาย,25-34,B05,มหาวิทยาลัย,2026-07-23,088-xxx-1293,False,False,False,False,0,0,,,,False
C02782,สุดา,ชาย,18-24,B02,สีลม,2026-02-19,084-xxx-1214,False,False,False,True,3,557,2026-02-24,2026-04-07,สีลม,False
C02783,ภูมิ,ชาย,25-34,B03,อารีย์,2025-11-26,087-xxx-8614,False,False,False,True,11,1184,2025-11-30,2026-07-30,อารีย์,False
C02784,วีระ,ชาย,25-34,B05,มหาวิทยาลัย,2026-06-07,085-xxx-6929,False,False,False,True,3,490,2026-07-15,2026-08-28,มหาวิทยาลัย,False
C02785,เกศ,หญิง,25-34,B05,มหาวิทยาลัย,2026-03-31,087-xxx-6780,False,False,False,True,7,919,2026-04-08,2026-08-30,มหาวิทยาลัย,False
C02786,ณัฐ,หญิง,25-34,B04,บางนา,2026-02-17,086-xxx-8637,False,False,False,False,0,0,,,,False
C02787,รัตนา,ไม่ระบุ,25-34,B02,สีลม,2026-02-21,083-xxx-7899,False,False,False,True,6,810,2026-03-18,2026-08-09,สีลม,False
C02788,ภัทร,หญิง,18-24,B01,สยาม,2025-04-21,086-xxx-4409,False,False,False,True,9,1595,2025-06-03,2026-04-01,สยาม,False
C02789,ปวีณ,หญิง,25-34,B05,มหาวิทยาลัย,2026-07-09,083-xxx-1589,False,False,False,True,5,1039,2026-07-21,2026-08-24,มหาวิทยาลัย,False
C02790,รัตนา,หญิง,35-44,B02,สีลม,2025-12-04,082-xxx-7664,False,False,False,True,5,550,2025-12-09,2026-01-13,สีลม,False
C02791,พิม,หญิง,55+,B01,สยาม,2026-06-28,081-xxx-8137,False,False,False,True,5,589,2026-07-06,2026-08-07,สยาม,False
C02792,อัญชลี,หญิง,45-54,B03,อารีย์,2026-06-15,082-xxx-1601,False,False,False,True,4,575,2026-06-24,2026-09-15,มหาวิทยาลัย,False
C02793,รัตนา,ชาย,25-34,B02,สีลม,2025-05-27,086-xxx-2802,False,False,False,True,11,1271,2025-05-30,2025-09-30,สีลม,False
C02794,ปิยะ,ชาย,25-34,B05,มหาวิทยาลัย,2025-06-25,083-xxx-6992,False,False,False,True,13,1966,2025-07-16,2026-07-21,มหาวิทยาลัย,False
C02795,ภัทร,หญิง,18-24,B01,สยาม,2026-03-22,083-xxx-4203,False,False,False,True,5,645,2026-03-25,2026-05-11,สยาม,False
C02796,เกศ,หญิง,25-34,B05,มหาวิทยาลัย,2025-11-28,083-xxx-9129,False,False,False,True,14,1263,2025-12-25,2026-09-01,มหาวิทยาลัย,False
C02797,ณัฐ,ชาย,ต่ำกว่า 18,B05,มหาวิทยาลัย,2025-12-29,086-xxx-1088,False,True,False,False,0,0,,,,False
C02798,ภูมิ,ชาย,25-34,B02,สีลม,2026-08-21,085-xxx-3912,False,False,False,False,0,0,,,,False
C02799,วีระ,หญิง,18-24,B03,อารีย์,2026-01-05,087-xxx-2425,False,False,False,True,10,1203,2026-01-14,2026-09-19,อารีย์,False
C02800,ภัทร,ชาย,55+,B05,มหาวิทยาลัย,2025-11-21,082-xxx-4582,False,False,False,True,6,915,2025-11-27,2026-06-10,มหาวิทยาลัย,False
C02801,กิตติ,ชาย,35-44,B03,อารีย์,2026-08-02,089-xxx-2716,False,False,False,True,1,275,2026-08-09,2026-08-09,อารีย์,False
C02802,วรรณ,หญิง,18-24,B02,สีลม,2026-05-29,082-xxx-1488,False,False,False,True,1,120,2026-08-19,2026-08-19,สีลม,False
C02803,พิม,หญิง,35-44,B03,อารีย์,2026-05-09,085-xxx-2542,False,False,False,True,1,95,2026-07-02,2026-07-02,อารีย์,False
C02804,ภูมิ,หญิง,25-34,B05,มหาวิทยาลัย,2026-06-10,082-xxx-1979,False,False,False,True,1,95,2026-07-03,2026-07-03,มหาวิทยาลัย,False
C02805,ปวีณ,หญิง,25-34,B01,สยาม,2025-12-11,084-xxx-7139,False,False,False,True,3,340,2026-03-13,2026-04-26,สยาม,False
C02806,วรรณ,หญิง,35-44,B03,อารีย์,2026-02-16,082-xxx-5240,False,False,False,True,6,688,2026-02-28,2026-05-27,อารีย์,False
C02807,มานพ,ชาย,18-24,B05,มหาวิทยาลัย,2026-01-26,084-xxx-3267,True,False,False,True,4,780,2026-01-26,2026-08-20,มหาวิทยาลัย,False
C02808,รัตนา,ชาย,18-24,B04,บางนา,2026-04-28,087-xxx-6674,False,False,False,True,2,280,2026-05-17,2026-06-19,บางนา,False
C02809,วรรณ,ชาย,25-34,B01,สยาม,2025-08-10,087-xxx-8469,False,False,False,True,18,2142,2025-08-12,2026-09-14,สยาม,False
C02810,อรุณ,ชาย,45-54,B01,สยาม,2025-06-13,087-xxx-1442,False,False,False,False,0,0,,,,False
C02811,รัตนา,หญิง,18-24,B03,อารีย์,2026-02-27,083-xxx-9413,False,False,False,True,9,1083,2026-03-01,2026-08-26,อารีย์,False
C02812,นภัส,ชาย,25-34,B03,อารีย์,2026-01-26,087-xxx-1324,False,False,False,True,5,580,2026-02-09,2026-09-16,อารีย์,False
C02813,รัตนา,หญิง,18-24,B01,สยาม,2025-07-24,081-xxx-1110,False,False,False,True,1,60,2025-08-02,2025-08-02,สยาม,False
C02814,วีระ,หญิง,55+,B03,อารีย์,2026-05-24,082-xxx-3534,False,False,False,True,5,989,2026-06-04,2026-07-12,อารีย์,False
C02815,จิรา,หญิง,18-24,B02,สีลม,2026-03-27,083-xxx-1568,False,False,False,True,5,480,2026-05-28,2026-08-09,สีลม,False
C02816,วีระ,หญิง,35-44,B02,สีลม,2025-06-23,089-xxx-1257,False,False,False,True,6,830,2025-06-25,2025-11-16,สีลม,False
C02817,กิตติ,ชาย,25-34,B01,สยาม,2025-10-13,084-xxx-1177,False,False,False,True,9,1029,2025-10-14,2026-06-07,สยาม,False
C02818,กมล,หญิง,18-24,B04,บางนา,2026-08-29,084-xxx-8616,False,False,False,False,0,0,,,,False
C02819,ธีร,หญิง,45-54,B01,สยาม,2026-02-19,085-xxx-4115,False,False,False,True,1,55,2026-06-18,2026-06-18,สยาม,False
C02820,ปิยะ,หญิง,18-24,B04,บางนา,2026-08-16,089-xxx-7123,True,False,False,True,2,260,2026-08-20,2026-09-01,บางนา,False
C02821,กิตติ,ชาย,18-24,B01,สยาม,2026-07-21,083-xxx-4820,False,False,False,False,0,0,,,,False
C02822,ภูมิ,หญิง,25-34,B01,สยาม,2025-07-25,086-xxx-3484,False,False,False,True,1,130,2025-07-25,2025-07-25,สยาม,False
C02823,ศิริ,ชาย,18-24,B05,มหาวิทยาลัย,2025-10-14,086-xxx-5278,False,False,False,True,8,1085,2025-11-27,2026-08-01,มหาวิทยาลัย,False
C02824,ชนา,ชาย,35-44,B04,บางนา,2026-01-03,083-xxx-9541,False,False,False,True,4,738,2026-01-09,2026-05-01,บางนา,False
C02825,จิรา,หญิง,45-54,B03,อารีย์,2026-03-10,089-xxx-3337,False,False,False,True,3,330,2026-06-03,2026-08-30,อารีย์,False
C02826,ภูมิ,ชาย,18-24,B03,อารีย์,2026-05-01,088-xxx-3301,False,False,False,True,1,135,2026-05-03,2026-05-03,อารีย์,False
C02827,ชนา,หญิง,35-44,B02,สีลม,2025-10-03,081-xxx-4146,False,False,False,True,3,459,2026-03-21,2026-08-27,สีลม,False
C02828,เกศ,ชาย,25-34,B02,สีลม,2026-05-29,088-xxx-6153,False,False,False,True,3,580,2026-06-01,2026-07-11,สีลม,False
C02829,ปิยะ,หญิง,18-24,B04,บางนา,2025-09-22,087-xxx-7067,False,False,False,True,3,424,2025-09-27,2025-11-02,บางนา,False
C02830,ธนา,หญิง,25-34,B02,สีลม,2025-08-14,081-xxx-8253,False,False,False,True,4,808,2025-10-31,2026-05-17,สีลม,False
C02831,กิตติ,หญิง,25-34,B03,อารีย์,2025-12-16,086-xxx-6145,False,False,False,False,0,0,,,,False
C02832,วีระ,หญิง,18-24,B04,บางนา,2026-08-19,084-xxx-7961,False,False,False,False,0,0,,,,False
C02833,ชนา,ไม่ระบุ,18-24,B02,สีลม,2026-03-26,086-xxx-7143,False,False,False,True,4,580,2026-04-27,2026-07-21,สีลม,False
C02834,ภัทร,ชาย,25-34,B04,บางนา,2025-06-05,086-xxx-9435,False,False,False,True,8,633,2025-08-03,2026-01-28,บางนา,False
C02835,ปิยะ,ชาย,45-54,B02,สีลม,2026-06-03,083-xxx-6615,False,False,False,True,2,200,2026-06-03,2026-08-19,สีลม,False
C02836,ณัฐ,หญิง,25-34,B01,สยาม,2026-05-27,083-xxx-6073,False,False,False,True,9,1149,2026-06-17,2026-09-07,สยาม,False
C02837,เกศ,ชาย,18-24,B01,สยาม,2025-10-01,088-xxx-4914,False,False,False,True,8,948,2025-10-01,2026-03-19,สยาม,False
C02838,นภัส,หญิง,25-34,B05,มหาวิทยาลัย,2025-08-20,088-xxx-2026,False,False,False,True,1,85,2025-11-08,2025-11-08,สีลม,False
C02839,สุดา,หญิง,55+,B02,สีลม,2026-06-05,086-xxx-1790,False,False,False,False,0,0,,,,False
C02840,สุดา,ไม่ระบุ,55+,B03,อารีย์,2026-08-10,084-xxx-1253,False,False,False,False,0,0,,,,False
C02841,ปิยะ,ชาย,45-54,B05,มหาวิทยาลัย,2026-02-25,087-xxx-5999,False,False,False,True,7,946,2026-03-24,2026-09-01,มหาวิทยาลัย,False
C02842,สุดา,หญิง,18-24,B05,มหาวิทยาลัย,2025-07-01,085-xxx-1908,False,False,False,True,3,628,2025-07-02,2025-09-07,มหาวิทยาลัย,False
C02843,ธีร,หญิง,25-34,B05,มหาวิทยาลัย,2026-05-20,081-xxx-5843,True,False,False,False,0,0,,,,False
C02844,เกศ,หญิง,25-34,B02,สีลม,2025-12-06,082-xxx-6358,True,False,False,True,4,615,2025-12-07,2026-02-23,สีลม,False
C02845,ศิริ,ชาย,18-24,B04,บางนา,2026-06-29,082-xxx-9442,False,False,False,True,2,300,2026-07-08,2026-08-26,บางนา,False
C02846,กิตติ,หญิง,18-24,B04,บางนา,2025-06-12,081-xxx-1373,False,False,False,True,12,2102,2025-06-12,2026-03-19,บางนา,False
C02847,ปวีณ,ชาย,25-34,B04,บางนา,2026-04-06,081-xxx-3788,False,False,False,True,1,95,2026-05-21,2026-05-21,บางนา,False
C02848,อัญชลี,ชาย,18-24,B02,สีลม,2026-04-01,081-xxx-1155,False,False,False,True,1,75,2026-07-02,2026-07-02,สีลม,False
C02849,ชนา,ชาย,45-54,B04,บางนา,2026-08-24,085-xxx-5194,False,False,False,True,1,65,2026-09-03,2026-09-03,มหาวิทยาลัย,False
C02850,กิตติ,หญิง,25-34,B02,สีลม,2025-11-01,084-xxx-7453,False,False,False,True,13,1644,2025-11-29,2026-08-21,สีลม,False
C02851,ธีร,หญิง,18-24,B03,อารีย์,2026-09-13,082-xxx-9519,False,False,False,True,1,230,2026-09-13,2026-09-13,อารีย์,False
C02852,พิม,หญิง,25-34,B04,บางนา,2026-07-08,081-xxx-4317,False,False,False,True,2,265,2026-09-10,2026-09-19,สีลม,False
C02853,ปิยะ,หญิง,35-44,B03,อารีย์,2026-01-11,082-xxx-3762,False,False,False,True,8,1223,2026-02-03,2026-09-13,อารีย์,False
C02854,ธีร,หญิง,18-24,B05,มหาวิทยาลัย,2026-08-26,084-xxx-4182,False,False,False,True,1,65,2026-09-09,2026-09-09,สีลม,False
C02855,ทิพย์,ชาย,18-24,B02,สีลม,2026-01-29,081-xxx-2526,False,False,False,False,0,0,,,,False
C02856,อรุณ,หญิง,25-34,B03,อารีย์,2026-07-30,087-xxx-2200,False,False,False,True,1,55,2026-08-16,2026-08-16,สยาม,False
C02857,ชนา,หญิง,18-24,B02,สีลม,2025-09-03,082-xxx-2647,False,False,False,True,6,715,2025-10-21,2026-06-05,สีลม,False
C02858,ธนา,ชาย,ต่ำกว่า 18,B05,มหาวิทยาลัย,2025-08-30,083-xxx-1909,False,True,False,True,3,314,2025-09-18,2026-07-10,มหาวิทยาลัย,False
C02859,รัตนา,หญิง,55+,B01,สยาม,2026-03-23,083-xxx-1203,False,False,False,True,4,950,2026-04-19,2026-07-20,สยาม,False
C02860,สุดา,ไม่ระบุ,35-44,B02,สีลม,2026-05-21,087-xxx-7116,False,False,False,True,4,465,2026-08-04,2026-09-03,สีลม,False
C02861,นภัส,หญิง,45-54,B04,บางนา,2026-07-19,086-xxx-2662,False,False,False,False,0,0,,,,False
C02862,พิม,หญิง,35-44,B05,มหาวิทยาลัย,2025-12-24,089-xxx-2726,False,False,False,False,0,0,,,,False
C02863,อรุณ,หญิง,18-24,B05,มหาวิทยาลัย,2025-12-22,085-xxx-7361,False,False,False,True,5,494,2025-12-26,2026-03-11,มหาวิทยาลัย,False
C02864,สุดา,ชาย,35-44,B01,สยาม,2025-10-26,088-xxx-9206,False,False,False,True,1,90,2025-11-04,2025-11-04,สยาม,False
C02865,มานพ,ชาย,25-34,B04,บางนา,2025-09-10,084-xxx-1772,False,False,False,True,1,75,2025-10-04,2025-10-04,บางนา,False
C02866,สุดา,หญิง,18-24,B01,สยาม,2025-10-20,082-xxx-9902,False,False,False,True,7,924,2025-11-14,2026-04-15,สยาม,False
C02867,ธนา,ชาย,25-34,B04,บางนา,2025-04-04,083-xxx-7213,False,False,False,True,10,1592,2025-04-20,2025-12-04,บางนา,False
C02868,ธีร,หญิง,25-34,B03,อารีย์,2026-02-19,088-xxx-5772,False,False,False,True,3,355,2026-04-11,2026-04-27,อารีย์,False
C02869,วีระ,หญิง,55+,B04,บางนา,2026-06-01,084-xxx-6498,False,False,False,True,6,830,2026-07-15,2026-09-18,บางนา,False
C02870,ทิพย์,หญิง,45-54,B01,สยาม,2025-07-17,083-xxx-8219,False,False,False,True,10,1460,2025-09-27,2026-05-20,สยาม,False
C02871,ภูมิ,หญิง,18-24,B02,สีลม,2026-05-08,082-xxx-8112,False,False,False,True,3,210,2026-05-26,2026-09-01,สีลม,False
C02872,ปวีณ,หญิง,ต่ำกว่า 18,B04,บางนา,2025-09-12,084-xxx-3940,False,True,False,False,0,0,,,,False
C02873,ธีร,หญิง,25-34,B01,สยาม,2026-02-02,081-xxx-2731,False,False,False,True,10,1120,2026-02-18,2026-08-16,สยาม,False
C02874,รัตนา,ชาย,ต่ำกว่า 18,B05,มหาวิทยาลัย,2026-05-29,087-xxx-1356,False,True,False,False,0,0,,,,False
C02875,นภัส,หญิง,45-54,B02,สีลม,2026-01-14,089-xxx-8904,False,False,False,True,8,1382,2026-02-15,2026-09-13,สีลม,False
C02876,รัตนา,หญิง,55+,B05,มหาวิทยาลัย,2025-04-07,085-xxx-9986,False,False,False,True,11,1528,2025-06-05,2026-09-20,มหาวิทยาลัย,False
C02877,ภัทร,หญิง,25-34,B05,มหาวิทยาลัย,2025-05-22,081-xxx-9540,False,False,False,True,17,2520,2025-07-01,2026-08-19,มหาวิทยาลัย,False
C02878,อัญชลี,ไม่ระบุ,18-24,B04,บางนา,2026-06-27,088-xxx-6423,False,False,False,True,1,150,2026-09-01,2026-09-01,มหาวิทยาลัย,False
C02879,สมชาย,หญิง,35-44,B01,สยาม,2025-07-18,087-xxx-6108,False,False,False,True,9,1253,2025-07-18,2026-05-14,สยาม,False
C02880,กมล,หญิง,45-54,B02,สีลม,2026-07-04,081-xxx-6268,False,False,False,True,3,210,2026-07-26,2026-08-21,สีลม,False
C02881,รัตนา,หญิง,25-34,B04,บางนา,2026-04-13,086-xxx-5110,False,False,False,False,0,0,,,,False
C02882,ภูมิ,ชาย,35-44,B01,สยาม,2026-07-30,088-xxx-6415,False,False,False,True,1,170,2026-08-01,2026-08-01,สยาม,False
C02883,สมชาย,หญิง,35-44,B05,มหาวิทยาลัย,2026-02-12,083-xxx-5541,False,False,False,True,3,345,2026-02-26,2026-08-28,มหาวิทยาลัย,False
C02884,อรุณ,ชาย,18-24,B05,มหาวิทยาลัย,2025-04-02,081-xxx-1665,False,False,False,True,5,495,2025-06-13,2025-09-30,มหาวิทยาลัย,False
C02885,วรรณ,ชาย,25-34,B01,สยาม,2026-07-30,086-xxx-4289,False,False,False,True,3,300,2026-08-03,2026-09-13,สยาม,False
C02886,พิม,หญิง,25-34,B04,บางนา,2026-09-09,086-xxx-1553,False,False,False,True,2,270,2026-09-15,2026-09-20,บางนา,False
C02887,จิรา,ชาย,55+,B05,มหาวิทยาลัย,2026-09-12,085-xxx-8887,False,False,False,False,0,0,,,,False
C02888,ภัทร,ชาย,35-44,B01,สยาม,2025-12-10,087-xxx-1944,False,False,False,True,12,1892,2025-12-19,2026-09-12,สยาม,False
C02889,พิม,หญิง,18-24,B02,สีลม,2025-10-03,082-xxx-6932,False,False,False,True,2,275,2025-12-15,2026-02-14,สีลม,False
C02890,ชนา,หญิง,25-34,B04,บางนา,2026-07-01,086-xxx-7249,False,False,False,True,3,295,2026-07-29,2026-09-02,บางนา,False
C02891,วรรณ,หญิง,25-34,B04,บางนา,2025-05-27,083-xxx-1715,False,False,False,True,14,1864,2025-05-30,2026-06-21,บางนา,False
C02892,ทิพย์,หญิง,55+,B04,บางนา,2026-03-12,089-xxx-7647,False,False,False,True,7,695,2026-03-21,2026-09-10,บางนา,False
C02893,ธนา,ชาย,35-44,B02,สีลม,2026-03-29,086-xxx-2677,False,False,False,True,13,1969,2026-04-01,2026-08-19,สีลม,False
C02894,มานพ,ไม่ระบุ,45-54,B02,สีลม,2025-07-13,081-xxx-5662,False,False,False,True,3,684,2025-07-21,2025-07-24,สีลม,False
C02895,ชนา,หญิง,18-24,B05,มหาวิทยาลัย,2026-08-24,085-xxx-8531,True,False,False,False,0,0,,,,False
C02896,จิรา,ชาย,25-34,B01,สยาม,2025-05-06,081-xxx-8619,True,False,False,True,20,3029,2025-05-15,2026-08-03,สยาม,False
C02897,จิรา,หญิง,35-44,B03,อารีย์,2026-03-25,082-xxx-8678,False,False,False,False,0,0,,,,False
C02898,จิรา,ชาย,18-24,B03,อารีย์,2026-05-01,083-xxx-1114,False,False,False,True,1,85,2026-08-12,2026-08-12,อารีย์,False
C02899,นภัส,หญิง,55+,B04,บางนา,2026-05-12,085-xxx-3172,False,False,False,True,2,235,2026-06-07,2026-07-16,บางนา,False
C02900,อรุณ,หญิง,18-24,B05,มหาวิทยาลัย,2025-04-11,084-xxx-6220,False,False,False,True,9,969,2025-04-23,2025-09-28,มหาวิทยาลัย,False
C02901,สมชาย,ไม่ระบุ,45-54,B04,บางนา,2026-03-29,082-xxx-5031,False,False,False,True,9,1060,2026-04-04,2026-07-21,บางนา,False
C02902,อัญชลี,หญิง,35-44,B05,มหาวิทยาลัย,2026-07-15,087-xxx-9592,False,False,False,False,0,0,,,,False
C02903,ปิยะ,ชาย,55+,B04,บางนา,2026-03-02,083-xxx-8210,False,False,False,True,4,863,2026-04-19,2026-08-11,บางนา,False
C02904,รัตนา,หญิง,35-44,B02,สีลม,2026-01-27,084-xxx-6971,False,False,False,True,2,180,2026-03-24,2026-07-21,สีลม,False
C02905,นภัส,ชาย,35-44,B01,สยาม,2025-10-21,088-xxx-5469,False,False,False,True,5,800,2025-10-23,2026-03-27,สยาม,False
C02906,รัตนา,หญิง,25-34,B05,มหาวิทยาลัย,2026-07-18,089-xxx-4645,False,False,False,True,1,75,2026-09-08,2026-09-08,มหาวิทยาลัย,False
C02907,วีระ,หญิง,18-24,B04,บางนา,2025-06-05,085-xxx-4273,False,False,False,True,9,1314,2025-08-07,2026-04-27,บางนา,False
C02908,พิม,หญิง,18-24,B01,สยาม,2026-05-12,087-xxx-6052,False,False,False,True,5,545,2026-05-12,2026-08-02,สยาม,False
C02909,อัญชลี,ชาย,25-34,B02,สีลม,2026-08-21,081-xxx-4107,False,False,False,False,0,0,,,,False
C02910,ธนา,หญิง,25-34,B05,มหาวิทยาลัย,2026-07-14,081-xxx-9893,False,False,False,False,0,0,,,,False
C02911,ภูมิ,หญิง,25-34,B03,อารีย์,2026-01-26,089-xxx-9667,False,False,False,False,0,0,,,,False
C02912,เกศ,ชาย,25-34,B02,สีลม,2026-03-25,087-xxx-5526,False,False,False,False,0,0,,,,False
C02913,ทิพย์,ชาย,25-34,B05,มหาวิทยาลัย,2025-07-08,082-xxx-1307,False,False,False,True,6,1166,2025-10-10,2026-02-28,มหาวิทยาลัย,False
C02914,ชนา,หญิง,18-24,B01,สยาม,2026-07-01,083-xxx-5214,False,False,False,True,1,145,2026-07-08,2026-07-08,สยาม,False
C02915,พิม,ชาย,35-44,B02,สีลม,2026-03-05,082-xxx-4896,False,False,False,True,3,335,2026-08-25,2026-09-11,สีลม,False
C02916,ปิยะ,หญิง,18-24,B01,สยาม,2025-07-01,083-xxx-2823,False,False,False,True,1,170,2025-08-30,2025-08-30,สยาม,False
C02917,ธีร,ชาย,25-34,B02,สีลม,2025-06-04,088-xxx-9453,False,False,False,True,1,150,2025-06-08,2025-06-08,สยาม,False
C02918,พิม,ชาย,35-44,B05,มหาวิทยาลัย,2026-01-07,089-xxx-3438,False,False,False,True,9,1464,2026-02-12,2026-07-06,มหาวิทยาลัย,False
C02919,วรรณ,หญิง,18-24,B04,บางนา,2026-01-29,086-xxx-9485,False,False,False,True,12,2006,2026-02-12,2026-09-10,บางนา,False
C02920,รัตนา,หญิง,45-54,B05,มหาวิทยาลัย,2025-06-26,084-xxx-7612,False,False,False,True,7,990,2025-10-02,2026-04-08,มหาวิทยาลัย,False
C02921,รัตนา,หญิง,55+,B01,สยาม,2026-06-16,081-xxx-2187,False,False,False,True,2,125,2026-06-24,2026-08-22,สยาม,False
C02922,ชนา,หญิง,25-34,B02,สีลม,2025-04-30,085-xxx-4782,False,False,False,True,12,1328,2025-05-11,2026-08-10,สีลม,False
C02923,ณัฐ,ชาย,25-34,B01,สยาม,2025-05-08,089-xxx-4583,False,False,False,True,1,110,2025-05-11,2025-05-11,สยาม,False
C02924,ธีร,ชาย,25-34,B01,สยาม,2025-05-07,084-xxx-4916,False,False,False,True,19,2338,2025-06-27,2026-08-06,สยาม,False
C02925,ภัทร,หญิง,ต่ำกว่า 18,B02,สีลม,2025-12-31,088-xxx-9575,False,True,False,True,3,300,2026-01-23,2026-05-30,สีลม,False
C02926,รัตนา,ชาย,25-34,B01,สยาม,2025-10-16,088-xxx-5089,False,False,False,True,2,350,2025-10-18,2026-02-18,สยาม,False
C02927,กิตติ,ชาย,ต่ำกว่า 18,B01,สยาม,2025-08-25,084-xxx-9270,False,True,False,True,9,899,2025-08-29,2026-09-19,สยาม,False
C02928,ธีร,หญิง,55+,B03,อารีย์,2026-06-06,088-xxx-1649,True,False,False,False,0,0,,,,False
C02929,วรรณ,หญิง,18-24,B02,สีลม,2026-05-07,081-xxx-7545,False,False,False,True,2,135,2026-05-29,2026-09-09,สีลม,False
C02930,กมล,หญิง,35-44,B04,บางนา,2025-11-01,088-xxx-3408,False,False,False,True,8,1210,2025-11-30,2026-06-06,บางนา,False
C02931,ชนา,ชาย,ต่ำกว่า 18,B02,สีลม,2025-10-08,083-xxx-8706,False,True,False,True,9,1312,2025-11-10,2026-05-14,สีลม,False
C02932,อรุณ,หญิง,45-54,B02,สีลม,2025-09-25,081-xxx-2002,False,False,False,True,4,475,2025-10-22,2026-01-21,สีลม,False
C02933,วีระ,ชาย,ต่ำกว่า 18,B04,บางนา,2026-03-05,086-xxx-6611,False,True,False,True,4,420,2026-03-05,2026-05-10,บางนา,False
C02934,สมชาย,หญิง,25-34,B05,มหาวิทยาลัย,2026-07-25,085-xxx-8684,False,False,False,True,2,310,2026-07-26,2026-08-02,มหาวิทยาลัย,False
C02935,สุดา,หญิง,18-24,B04,บางนา,2025-12-31,081-xxx-1670,False,False,False,True,8,1264,2026-01-26,2026-08-28,บางนา,False
C02936,ชนา,ไม่ระบุ,25-34,B05,มหาวิทยาลัย,2026-04-04,081-xxx-4415,False,False,False,True,5,629,2026-06-11,2026-08-19,มหาวิทยาลัย,False
C02937,เกศ,ชาย,35-44,B04,บางนา,2026-02-23,085-xxx-8246,False,False,False,True,1,20,2026-09-08,2026-09-08,บางนา,False
C02938,นภัส,หญิง,18-24,B03,อารีย์,2025-12-05,086-xxx-8017,False,False,False,True,14,1558,2025-12-05,2026-08-09,อารีย์,False
C02939,กมล,หญิง,18-24,B02,สีลม,2025-09-10,087-xxx-5766,False,False,False,True,28,4055,2025-09-14,2026-08-26,สีลม,False
C02940,ปิยะ,ชาย,25-34,B02,สีลม,2025-11-12,086-xxx-2850,False,False,False,True,2,165,2025-12-04,2025-12-29,สีลม,False
C02941,ณัฐ,ชาย,35-44,B02,สีลม,2026-08-28,083-xxx-8225,False,False,False,False,0,0,,,,False
C02942,เกศ,ชาย,35-44,B01,สยาม,2026-02-19,085-xxx-5599,False,False,False,True,3,345,2026-04-08,2026-09-16,สยาม,False
C02943,จิรา,ชาย,35-44,B03,อารีย์,2026-05-18,084-xxx-4839,False,False,False,False,0,0,,,,False
C02944,สุดา,หญิง,35-44,B01,สยาม,2026-05-14,089-xxx-6741,False,False,False,True,6,608,2026-05-25,2026-09-19,สยาม,False
C02945,นภัส,หญิง,45-54,B02,สีลม,2025-09-30,083-xxx-7200,False,False,False,True,4,393,2025-12-12,2026-07-28,สีลม,False
C02946,จิรา,หญิง,25-34,B01,สยาม,2025-10-17,085-xxx-6923,False,False,False,True,1,160,2025-11-08,2025-11-08,สยาม,False
C02947,อัญชลี,หญิง,25-34,B01,สยาม,2025-12-13,085-xxx-3074,False,False,False,False,0,0,,,,False
C02948,กมล,หญิง,35-44,B01,สยาม,2026-02-07,085-xxx-9615,False,False,False,True,11,1380,2026-02-14,2026-07-25,สยาม,False
C02949,มานพ,ชาย,25-34,B05,มหาวิทยาลัย,2026-01-29,088-xxx-5743,False,False,False,True,9,1064,2026-02-03,2026-08-04,มหาวิทยาลัย,False
C02950,ศิริ,ไม่ระบุ,25-34,B01,สยาม,2026-02-12,087-xxx-3019,False,False,False,True,4,851,2026-03-17,2026-09-01,สยาม,False
C02951,ทิพย์,ชาย,25-34,B05,มหาวิทยาลัย,2025-06-30,082-xxx-7534,False,False,False,True,4,584,2025-07-18,2026-09-11,มหาวิทยาลัย,False
C02952,ชนา,หญิง,ต่ำกว่า 18,B05,มหาวิทยาลัย,2026-06-09,086-xxx-3211,False,True,False,True,3,245,2026-07-16,2026-08-13,มหาวิทยาลัย,False
C02953,ทิพย์,ชาย,45-54,B02,สีลม,2026-02-08,085-xxx-8531,True,False,False,True,5,809,2026-03-23,2026-07-07,สีลม,False
C02954,นภัส,หญิง,25-34,B02,สีลม,2025-06-22,086-xxx-1535,False,False,False,True,13,1433,2025-07-03,2026-09-10,สีลม,False
C02955,นภัส,ชาย,18-24,B03,อารีย์,2026-05-04,089-xxx-7335,False,False,False,True,4,465,2026-06-03,2026-07-15,อารีย์,False
C02956,ภูมิ,หญิง,45-54,B01,สยาม,2025-07-19,089-xxx-2506,False,False,False,True,11,1678,2025-08-30,2026-07-18,สยาม,False
C02957,พิม,หญิง,35-44,B03,อารีย์,2026-01-03,083-xxx-4143,False,False,False,True,3,410,2026-01-09,2026-02-27,อารีย์,False
C02958,ปวีณ,หญิง,55+,B05,มหาวิทยาลัย,2025-04-18,082-xxx-5185,False,False,False,True,8,860,2025-05-04,2025-11-03,มหาวิทยาลัย,False
C02959,ศิริ,หญิง,18-24,B02,สีลม,2025-11-25,084-xxx-1130,False,False,False,True,8,1250,2025-11-28,2026-07-20,สีลม,False
C02960,ธนา,ชาย,25-34,B05,มหาวิทยาลัย,2026-01-19,088-xxx-7854,False,False,False,True,3,310,2026-01-31,2026-08-13,มหาวิทยาลัย,False
C02961,ปวีณ,ชาย,18-24,B02,สีลม,2026-01-22,083-xxx-9441,False,False,False,True,5,690,2026-02-26,2026-08-31,สีลม,False
C02962,ปิยะ,หญิง,25-34,B05,มหาวิทยาลัย,2025-08-13,084-xxx-4895,False,False,False,True,3,479,2025-09-29,2026-06-18,มหาวิทยาลัย,False
C02963,ชนา,หญิง,18-24,B04,บางนา,2026-04-25,088-xxx-7141,False,False,False,True,11,1765,2026-04-27,2026-09-17,บางนา,False
C02964,อัญชลี,ชาย,18-24,B05,มหาวิทยาลัย,2026-02-25,088-xxx-6591,False,False,False,True,3,360,2026-03-24,2026-04-02,มหาวิทยาลัย,False
C02965,กิตติ,ชาย,25-34,B01,สยาม,2026-06-25,086-xxx-9815,False,False,False,False,0,0,,,,False
C02966,ศิริ,ชาย,18-24,B03,อารีย์,2026-08-15,088-xxx-4808,False,False,False,False,0,0,,,,False
C02967,สมชาย,ชาย,25-34,B03,อารีย์,2026-06-18,086-xxx-6398,False,False,False,True,1,85,2026-07-18,2026-07-18,อารีย์,False
C02968,กิตติ,ชาย,25-34,B05,มหาวิทยาลัย,2025-08-09,087-xxx-7059,False,False,False,True,13,1638,2025-09-25,2026-08-19,มหาวิทยาลัย,False
C02969,อัญชลี,ชาย,55+,B05,มหาวิทยาลัย,2025-12-07,087-xxx-3879,False,False,False,True,1,310,2025-12-25,2025-12-25,สยาม,False
C02970,ธนา,หญิง,25-34,B04,บางนา,2026-08-23,088-xxx-6285,False,False,False,False,0,0,,,,False
C02971,ปวีณ,ไม่ระบุ,18-24,B05,มหาวิทยาลัย,2025-05-22,086-xxx-3546,False,False,False,False,0,0,,,,False
C02972,สมชาย,หญิง,18-24,B05,มหาวิทยาลัย,2026-02-23,085-xxx-8364,False,False,False,True,5,793,2026-03-18,2026-09-17,มหาวิทยาลัย,False
C02973,สุดา,หญิง,35-44,B01,สยาม,2025-09-15,082-xxx-4444,False,False,False,True,1,75,2025-10-14,2025-10-14,สยาม,False
C02974,รัตนา,ชาย,35-44,B05,มหาวิทยาลัย,2026-04-30,081-xxx-9545,False,False,False,False,0,0,,,,False
C02975,จิรา,ชาย,25-34,B01,สยาม,2026-03-09,085-xxx-1088,True,False,False,True,8,849,2026-03-10,2026-09-14,สยาม,False
C02976,ภัทร,ชาย,35-44,B02,สีลม,2025-08-20,084-xxx-6408,False,False,False,True,3,480,2025-09-01,2026-02-26,สีลม,False
C02977,สมชาย,ชาย,25-34,B04,บางนา,2026-08-19,087-xxx-6186,False,False,False,False,0,0,,,,False
C02978,จิรา,หญิง,55+,B04,บางนา,2026-05-22,086-xxx-8060,False,False,False,True,1,115,2026-06-06,2026-06-06,บางนา,False
C02979,อัญชลี,ชาย,55+,B05,มหาวิทยาลัย,2025-08-25,081-xxx-2533,False,False,False,True,4,530,2025-09-03,2025-12-12,มหาวิทยาลัย,False
C02980,พิม,ชาย,45-54,B05,มหาวิทยาลัย,2025-04-04,086-xxx-7735,False,False,False,True,10,1372,2025-06-03,2026-03-26,มหาวิทยาลัย,False
C02981,มานพ,หญิง,25-34,B05,มหาวิทยาลัย,2025-07-31,083-xxx-1137,False,False,False,True,9,900,2025-08-29,2026-05-20,มหาวิทยาลัย,False
C02982,นภัส,ชาย,18-24,B03,อารีย์,2026-08-12,088-xxx-6520,False,False,False,False,0,0,,,,False
C02983,ปิยะ,หญิง,25-34,B04,บางนา,2025-11-16,083-xxx-7897,False,False,False,True,7,995,2025-11-24,2026-08-08,บางนา,False
C02984,ปิยะ,หญิง,35-44,B05,มหาวิทยาลัย,2026-05-17,085-xxx-1763,False,False,False,False,0,0,,,,False
C02985,มานพ,หญิง,25-34,B02,สีลม,2026-05-06,088-xxx-3731,False,False,False,True,1,60,2026-09-12,2026-09-12,สีลม,False
C02986,ปิยะ,หญิง,35-44,B01,สยาม,2025-08-14,083-xxx-9417,False,False,False,True,2,359,2025-10-21,2026-02-03,สยาม,False
C02987,ชนา,หญิง,18-24,B02,สีลม,2025-08-20,088-xxx-8346,False,False,False,True,12,1515,2025-08-25,2026-07-28,สีลม,False
C02988,วีระ,หญิง,25-34,B04,บางนา,2026-05-13,084-xxx-7721,False,False,False,True,1,665,2026-08-28,2026-08-28,สยาม,False
C02989,วีระ,ชาย,ต่ำกว่า 18,B01,สยาม,2026-05-03,085-xxx-9841,False,True,False,True,2,175,2026-05-25,2026-06-23,สยาม,False
C02990,วีระ,หญิง,25-34,B04,บางนา,2026-09-14,088-xxx-3366,False,False,False,True,1,140,2026-09-15,2026-09-15,บางนา,False
C02991,นภัส,หญิง,18-24,B02,สีลม,2026-07-27,089-xxx-4510,False,False,False,False,0,0,,,,False
C02992,สมชาย,หญิง,18-24,B05,มหาวิทยาลัย,2026-04-30,084-xxx-1665,False,False,False,True,2,160,2026-08-18,2026-09-12,มหาวิทยาลัย,False
C02993,กมล,ชาย,35-44,B02,สีลม,2025-11-09,088-xxx-1093,False,False,False,True,9,1400,2025-11-30,2026-09-09,สีลม,False
C02994,มานพ,ชาย,35-44,B01,สยาม,2025-04-25,084-xxx-7939,False,False,False,True,25,3171,2025-04-29,2026-09-16,สยาม,False
C02995,ภัทร,หญิง,35-44,B01,สยาม,2025-04-06,087-xxx-4141,False,False,False,False,0,0,,,,False
C02996,จิรา,ชาย,25-34,B04,บางนา,2025-12-09,087-xxx-8495,False,False,False,True,5,655,2025-12-09,2026-02-22,บางนา,False
C02997,อัญชลี,ชาย,25-34,B01,สยาม,2026-05-12,087-xxx-5634,False,False,False,True,2,305,2026-06-03,2026-08-20,สยาม,False
C02998,รัตนา,ชาย,ต่ำกว่า 18,B02,สีลม,2026-09-11,086-xxx-6196,False,True,False,True,1,110,2026-09-17,2026-09-17,สีลม,False
C02999,สุดา,หญิง,18-24,B01,สยาม,2025-09-16,083-xxx-9584,False,False,False,True,14,2202,2025-09-21,2026-08-13,สยาม,False
C03000,กิตติ,ชาย,55+,B05,มหาวิทยาลัย,2026-06-07,088-xxx-8983,False,False,False,True,5,550,2026-07-03,2026-09-02,มหาวิทยาลัย,False
